{
  "meta": {
    "scenario_id": "hopital_ferme",
    "version": "1.0.0",
    "title_key": "hf.title",
    "tagline_key": "hf.tagline",
    "start_scene": "s01",
    "hint_ns": "hf.h",
    "clues": [
      "has_bracelet",
      "has_keycard",
      "has_tape",
      "has_recording",
      "has_dossier"
    ]
  },
  "paths": {
    "logic": "data/scenarios/hopital_ferme/logic.json",
    "texts_fr": "data/scenarios/hopital_ferme/text_fr.json",
    "images_dir": "assets/scenarios/hopital_ferme/img/"
  },
  "images": {
    "cover": {
      "file": "assets/scenarios/hopital_ferme/img/cover.webp",
      "alt": "Façade d’un ancien hôpital derrière une grille, nuit brumeuse"
    },
    "facade": {
      "file": "assets/scenarios/hopital_ferme/img/facade.webp",
      "alt": "Entrée principale de l’hôpital, panneaux récents, portes vitrées"
    },
    "hall": {
      "file": "assets/scenarios/hopital_ferme/img/hall.webp",
      "alt": "Hall désert, carrelage humide, bancs, néons fatigués"
    },
    "accueil": {
      "file": "assets/scenarios/hopital_ferme/img/accueil.webp",
      "alt": "Comptoir d’accueil avec registre et clochette, écran allumé"
    },
    "couloir": {
      "file": "assets/scenarios/hopital_ferme/img/couloir.webp",
      "alt": "Long couloir d’hôpital au néon, portes identiques"
    },
    "couloir_shift": {
      "file": "assets/scenarios/hopital_ferme/img/couloir_shift.webp",
      "alt": "Couloir qui se tord, perspective étrange, ombres incohérentes"
    },
    "escalier": {
      "file": "assets/scenarios/hopital_ferme/img/escalier.webp",
      "alt": "Cage d’escalier vers le niveau -1, murs humides"
    },
    "ascenseur": {
      "file": "assets/scenarios/hopital_ferme/img/ascenseur.webp",
      "alt": "Portes d’ascenseur entrouvertes sur le noir"
    },
    "chambre": {
      "file": "assets/scenarios/hopital_ferme/img/chambre.webp",
      "alt": "Chambre de patient vide, lit défait, moniteur en veille"
    },
    "radiologie": {
      "file": "assets/scenarios/hopital_ferme/img/radiologie.webp",
      "alt": "Salle de radiologie, machine, lumière froide, écran allumé"
    },
    "chapelle": {
      "file": "assets/scenarios/hopital_ferme/img/chapelle.webp",
      "alt": "Petite chapelle d’hôpital, bougies récentes, bancs"
    },
    "bureau": {
      "file": "assets/scenarios/hopital_ferme/img/bureau.webp",
      "alt": "Bureau de médecin, dictaphone, lampe, dossiers"
    },
    "soussol": {
      "file": "assets/scenarios/hopital_ferme/img/soussol.webp",
      "alt": "Couloir de sous-sol avec tuyaux et condensation"
    },
    "securite": {
      "file": "assets/scenarios/hopital_ferme/img/securite.webp",
      "alt": "Poste de sécurité, cartes d’accès, plan d’évacuation"
    },
    "archives": {
      "file": "assets/scenarios/hopital_ferme/img/archives.webp",
      "alt": "Archives : étagères, boîtes, dossiers, poussière"
    },
    "dossiers": {
      "file": "assets/scenarios/hopital_ferme/img/dossiers.webp",
      "alt": "Gros plan sur un dossier patient, pages neuves au milieu"
    },
    "surveillance": {
      "file": "assets/scenarios/hopital_ferme/img/surveillance.webp",
      "alt": "Salle de surveillance avec écrans montrant les couloirs"
    },
    "bloc": {
      "file": "assets/scenarios/hopital_ferme/img/bloc.webp",
      "alt": "Bloc opératoire, lumière au plafond, table, métal"
    },
    "reveil": {
      "file": "assets/scenarios/hopital_ferme/img/reveil.webp",
      "alt": "Salle de réveil, rideaux, draps, appareils en veille"
    },
    "morgue": {
      "file": "assets/scenarios/hopital_ferme/img/morgue.webp",
      "alt": "Morgue : tiroirs métalliques, froid, lumière blanche"
    },
    "cour": {
      "file": "assets/scenarios/hopital_ferme/img/cour.webp",
      "alt": "Cour intérieure de l’hôpital, sortie grillagée, ciel sombre"
    },

    "s01": { "file": "assets/scenarios/hopital_ferme/img/s01.webp", "alt": "Façade d’un ancien hôpital derrière une grille, nuit brumeuse" },
    "s02": { "file": "assets/scenarios/hopital_ferme/img/s02.webp", "alt": "Façade d’un ancien hôpital derrière une grille, nuit brumeuse" },
    "s03": { "file": "assets/scenarios/hopital_ferme/img/s03.webp", "alt": "Entrée principale de l’hôpital, panneaux récents, portes vitrées" },
    "s04": { "file": "assets/scenarios/hopital_ferme/img/s04.webp", "alt": "Façade d’un ancien hôpital derrière une grille, nuit brumeuse" },
    "s05": { "file": "assets/scenarios/hopital_ferme/img/s05.webp", "alt": "Hall désert, carrelage humide, bancs, néons fatigués" },
    "s06": { "file": "assets/scenarios/hopital_ferme/img/s06.webp", "alt": "Comptoir d’accueil avec registre et clochette, écran allumé" },
    "s07": { "file": "assets/scenarios/hopital_ferme/img/s07.webp", "alt": "Long couloir d’hôpital au néon, portes identiques" },
    "s08": { "file": "assets/scenarios/hopital_ferme/img/s08.webp", "alt": "Comptoir d’accueil avec registre et clochette, écran allumé" },
    "s09": { "file": "assets/scenarios/hopital_ferme/img/s09.webp", "alt": "Comptoir d’accueil avec registre et clochette, écran allumé" },
    "s10": { "file": "assets/scenarios/hopital_ferme/img/s10.webp", "alt": "Comptoir d’accueil avec registre et clochette, écran allumé" },
    "s11": { "file": "assets/scenarios/hopital_ferme/img/s11.webp", "alt": "Chambre de patient vide, lit défait, moniteur en veille" },
    "s12": { "file": "assets/scenarios/hopital_ferme/img/s12.webp", "alt": "Chambre de patient vide, lit défait, moniteur en veille" },
    "s13": { "file": "assets/scenarios/hopital_ferme/img/s13.webp", "alt": "Portes d’ascenseur entrouvertes sur le noir" },
    "s14": { "file": "assets/scenarios/hopital_ferme/img/s14.webp", "alt": "Salle de radiologie, machine, lumière froide, écran allumé" },
    "s15": { "file": "assets/scenarios/hopital_ferme/img/s15.webp", "alt": "Salle de radiologie, machine, lumière froide, écran allumé" },
    "s16": { "file": "assets/scenarios/hopital_ferme/img/s16.webp", "alt": "Petite chapelle d’hôpital, bougies récentes, bancs" },
    "s17": { "file": "assets/scenarios/hopital_ferme/img/s17.webp", "alt": "Long couloir d’hôpital au néon, portes identiques" },
    "s18": { "file": "assets/scenarios/hopital_ferme/img/s18.webp", "alt": "Bureau de médecin, dictaphone, lampe, dossiers" },
    "s19": { "file": "assets/scenarios/hopital_ferme/img/s19.webp", "alt": "Couloir qui se tord, perspective étrange, ombres incohérentes" },
    "s20": { "file": "assets/scenarios/hopital_ferme/img/s20.webp", "alt": "Cage d’escalier vers le niveau -1, murs humides" },
    "s21": { "file": "assets/scenarios/hopital_ferme/img/s21.webp", "alt": "Couloir de sous-sol avec tuyaux et condensation" },
    "s22": { "file": "assets/scenarios/hopital_ferme/img/s22.webp", "alt": "Poste de sécurité, cartes d’accès, plan d’évacuation" },
    "s23": { "file": "assets/scenarios/hopital_ferme/img/s23.webp", "alt": "Poste de sécurité, cartes d’accès, plan d’évacuation" },
    "s24": { "file": "assets/scenarios/hopital_ferme/img/s24.webp", "alt": "Long couloir d’hôpital au néon, portes identiques" },
    "s25": { "file": "assets/scenarios/hopital_ferme/img/s25.webp", "alt": "Archives : étagères, boîtes, dossiers, poussière" },
    "s26": { "file": "assets/scenarios/hopital_ferme/img/s26.webp", "alt": "Gros plan sur un dossier patient, pages neuves au milieu" },
    "s27": { "file": "assets/scenarios/hopital_ferme/img/s27.webp", "alt": "Gros plan sur un dossier patient, pages neuves au milieu" },
    "s28": { "file": "assets/scenarios/hopital_ferme/img/s28.webp", "alt": "Salle de surveillance avec écrans montrant les couloirs" },
    "s29": { "file": "assets/scenarios/hopital_ferme/img/s29.webp", "alt": "Couloir qui se tord, perspective étrange, ombres incohérentes" },
    "s30": { "file": "assets/scenarios/hopital_ferme/img/s30.webp", "alt": "Bloc opératoire, lumière au plafond, table, métal" },
    "s31": { "file": "assets/scenarios/hopital_ferme/img/s31.webp", "alt": "Bloc opératoire, lumière au plafond, table, métal" },
    "s32": { "file": "assets/scenarios/hopital_ferme/img/s32.webp", "alt": "Salle de réveil, rideaux, draps, appareils en veille" },
    "s33": { "file": "assets/scenarios/hopital_ferme/img/s33.webp", "alt": "Long couloir d’hôpital au néon, portes identiques" },
    "s34": { "file": "assets/scenarios/hopital_ferme/img/s34.webp", "alt": "Poste de sécurité, cartes d’accès, plan d’évacuation" },
    "s35": { "file": "assets/scenarios/hopital_ferme/img/s35.webp", "alt": "Couloir de sous-sol avec tuyaux et condensation" },
    "s36": { "file": "assets/scenarios/hopital_ferme/img/s36.webp", "alt": "Morgue : tiroirs métalliques, froid, lumière blanche" },
    "s37": { "file": "assets/scenarios/hopital_ferme/img/s37.webp", "alt": "Gros plan sur un dossier patient, pages neuves au milieu" },
    "s38": { "file": "assets/scenarios/hopital_ferme/img/s38.webp", "alt": "Gros plan sur un dossier patient, pages neuves au milieu" },
    "s39": { "file": "assets/scenarios/hopital_ferme/img/s39.webp", "alt": "Long couloir d’hôpital au néon, portes identiques" },
    "s40": { "file": "assets/scenarios/hopital_ferme/img/s40.webp", "alt": "Cour intérieure de l’hôpital, sortie grillagée, ciel sombre" },
    "s41": { "file": "assets/scenarios/hopital_ferme/img/s41.webp", "alt": "Cour intérieure de l’hôpital, sortie grillagée, ciel sombre" },
    "s42": { "file": "assets/scenarios/hopital_ferme/img/s42.webp", "alt": "Couloir qui se tord, perspective étrange, ombres incohérentes" },
    "s43": { "file": "assets/scenarios/hopital_ferme/img/s43.webp", "alt": "Bloc opératoire, lumière au plafond, table, métal" },
    "s44": { "file": "assets/scenarios/hopital_ferme/img/s44.webp", "alt": "Salle de réveil, rideaux, draps, appareils en veille" },
    "s45": { "file": "assets/scenarios/hopital_ferme/img/s45.webp", "alt": "Poste de sécurité, cartes d’accès, plan d’évacuation" },
    "s46": { "file": "assets/scenarios/hopital_ferme/img/s46.webp", "alt": "Bureau froid, dossier et badge, sensation d’assignation" },
    "s47": { "file": "assets/scenarios/hopital_ferme/img/s47.webp", "alt": "Cour intérieure de l’hôpital, sortie grillagée, ciel sombre" },
    "s48": { "file": "assets/scenarios/hopital_ferme/img/s48.webp", "alt": "Cour intérieure de l’hôpital, sortie grillagée, ciel sombre" },

    "final_good": {
      "file": "assets/scenarios/hopital_ferme/img/final_good.webp",
      "alt": "Aube grise, sortie de l’hôpital, rue vide"
    },
    "final_bad": {
      "file": "assets/scenarios/hopital_ferme/img/final_bad.webp",
      "alt": "Vue depuis une table d’opération, lampes au plafond"
    },
    "final_secret": {
      "file": "assets/scenarios/hopital_ferme/img/final_secret.webp",
      "alt": "Bureau froid, dossier et badge, sensation d’assignation"
    }
  },
  "scenes": {
    "s01": {
      "image_id": "s01",
      "title_key": "hf.s01.title",
      "body_key": "hf.s01.body",
      "choices": [
        { "choice_key": "hf.s01.c1", "next": "s02" },
        { "choice_key": "hf.s01.c2", "next": "s03" },
        { "choice_key": "hf.s01.c3", "next": "s04" }
      ]
    },
    "s02": {
      "image_id": "s02",
      "title_key": "hf.s02.title",
      "body_key": "hf.s02.body",
      "choices": [
        { "choice_key": "hf.s02.c1", "next": "s05" },
        { "choice_key": "hf.s02.c2", "next": "s03" },
        { "choice_key": "hf.s02.c3", "next": "s04" }
      ]
    },
    "s03": {
      "image_id": "s03",
      "title_key": "hf.s03.title",
      "body_key": "hf.s03.body",
      "choices": [
        { "choice_key": "hf.s03.c1", "next": "s02" },
        { "choice_key": "hf.s03.c2", "next": "s05" },
        { "choice_key": "hf.s03.c3", "next": "s04" }
      ]
    },
    "s04": {
      "image_id": "s04",
      "title_key": "hf.s04.title",
      "body_key": "hf.s04.body",
      "choices": [
        { "choice_key": "hf.s04.c1", "next": "s01" },
        { "choice_key": "hf.s04.c2", "next": "s05" },
        { "choice_key": "hf.s04.c3", "next": "s03" }
      ]
    },
    "s05": {
      "image_id": "s05",
      "title_key": "hf.s05.title",
      "body_key": "hf.s05.body",
      "choices": [
        { "choice_key": "hf.s05.c1", "next": "s06" },
        { "choice_key": "hf.s05.c2", "next": "s07" },
        { "choice_key": "hf.s05.c3", "next": "s01" }
      ]
    },
    "s06": {
      "image_id": "s06",
      "title_key": "hf.s06.title",
      "body_key": "hf.s06.body",
      "choices": [
        { "choice_key": "hf.s06.c1", "next": "s08" },
        { "choice_key": "hf.s06.c2", "next": "s09" },
        { "choice_key": "hf.s06.c3", "next": "s13" }
      ]
    },
    "s07": {
      "image_id": "s07",
      "title_key": "hf.s07.title",
      "body_key": "hf.s07.body",
      "choices": [
        { "choice_key": "hf.s07.c1", "next": "s11" },
        { "choice_key": "hf.s07.c2", "next": "s14" },
        { "choice_key": "hf.s07.c3", "next": "s20" }
      ]
    },
    "s08": {
      "image_id": "s08",
      "title_key": "hf.s08.title",
      "body_key": "hf.s08.body",
      "choices": [
        { "choice_key": "hf.s08.c1", "next": "s09" },
        { "choice_key": "hf.s08.c2", "next": "s06" },
        { "choice_key": "hf.s08.c3", "next": "s07" }
      ]
    },
    "s09": {
      "image_id": "s09",
      "title_key": "hf.s09.title",
      "body_key": "hf.s09.body",
      "choices": [
        { "choice_key": "hf.s09.c1", "next": "s10" },
        { "choice_key": "hf.s09.c2", "next": "s11" },
        { "choice_key": "hf.s09.c3", "next": "s07" }
      ]
    },
    "s10": {
      "image_id": "s10",
      "title_key": "hf.s10.title",
      "body_key": "hf.s10.body",
      "choices": [
        { "choice_key": "hf.s10.c1", "next": "s07" },
        { "choice_key": "hf.s10.c2", "next": "s11" },
        { "choice_key": "hf.s10.c3", "next": "s06" }
      ]
    },
    "s11": {
      "image_id": "s11",
      "title_key": "hf.s11.title",
      "body_key": "hf.s11.body",
      "choices": [
        { "choice_key": "hf.s11.c1", "next": "s12" },
        { "choice_key": "hf.s11.c2", "next": "s17" },
        { "choice_key": "hf.s11.c3", "next": "s07" }
      ]
    },
    "s12": {
      "image_id": "s12",
      "title_key": "hf.s12.title",
      "body_key": "hf.s12.body",
      "choices": [
        { "choice_key": "hf.s12.c1", "next": "s07", "set_flags": ["has_bracelet"] },
        { "choice_key": "hf.s12.c2", "next": "s18", "set_flags": ["has_bracelet"] },
        { "choice_key": "hf.s12.c3", "next": "s11" }
      ]
    },
    "s13": {
      "image_id": "s13",
      "title_key": "hf.s13.title",
      "body_key": "hf.s13.body",
      "choices": [
        { "choice_key": "hf.s13.c1", "next": "s19" },
        { "choice_key": "hf.s13.c2", "next": "s20" },
        { "choice_key": "hf.s13.c3", "next": "s06" }
      ]
    },
    "s14": {
      "image_id": "s14",
      "title_key": "hf.s14.title",
      "body_key": "hf.s14.body",
      "choices": [
        { "choice_key": "hf.s14.c1", "next": "s15" },
        { "choice_key": "hf.s14.c2", "next": "s17" },
        { "choice_key": "hf.s14.c3", "next": "s07" }
      ]
    },
    "s15": {
      "image_id": "s15",
      "title_key": "hf.s15.title",
      "body_key": "hf.s15.body",
      "choices": [
        { "choice_key": "hf.s15.c1", "next": "s14" },
        { "choice_key": "hf.s15.c2", "next": "s24" },
        { "choice_key": "hf.s15.c3", "next": "s16" }
      ]
    },
    "s16": {
      "image_id": "s16",
      "title_key": "hf.s16.title",
      "body_key": "hf.s16.body",
      "choices": [
        { "choice_key": "hf.s16.c1", "next": "s14" },
        { "choice_key": "hf.s16.c2", "next": "s18" },
        { "choice_key": "hf.s16.c3", "next": "s07" }
      ]
    },
    "s17": {
      "image_id": "s17",
      "title_key": "hf.s17.title",
      "body_key": "hf.s17.body",
      "choices": [
        { "choice_key": "hf.s17.c1", "next": "s19", "requires_any_flags": ["has_bracelet"] },
        { "choice_key": "hf.s17.c2", "next": "s19" },
        { "choice_key": "hf.s17.c3", "next": "s07" }
      ]
    },
    "s18": {
      "image_id": "s18",
      "title_key": "hf.s18.title",
      "body_key": "hf.s18.body",
      "choices": [
        { "choice_key": "hf.s18.c1", "next": "s26" },
        { "choice_key": "hf.s18.c2", "next": "s07", "set_flags": ["has_tape"] },
        { "choice_key": "hf.s18.c3", "next": "s23" }
      ]
    },
    "s19": {
      "image_id": "s19",
      "title_key": "hf.s19.title",
      "body_key": "hf.s19.body",
      "choices": [
        { "choice_key": "hf.s19.c1", "next": "s29" },
        { "choice_key": "hf.s19.c2", "next": "s33" },
        { "choice_key": "hf.s19.c3", "next": "s20" }
      ]
    },
    "s20": {
      "image_id": "s20",
      "title_key": "hf.s20.title",
      "body_key": "hf.s20.body",
      "choices": [
        { "choice_key": "hf.s20.c1", "next": "s21" },
        { "choice_key": "hf.s20.c2", "next": "s07" },
        { "choice_key": "hf.s20.c3", "next": "s13" }
      ]
    },
    "s21": {
      "image_id": "s21",
      "title_key": "hf.s21.title",
      "body_key": "hf.s21.body",
      "choices": [
        { "choice_key": "hf.s21.c1", "next": "s22" },
        { "choice_key": "hf.s21.c2", "next": "s28", "requires_any_flags": ["has_keycard"] },
        { "choice_key": "hf.s21.c3", "next": "s20" }
      ]
    },
    "s22": {
      "image_id": "s22",
      "title_key": "hf.s22.title",
      "body_key": "hf.s22.body",
      "choices": [
        { "choice_key": "hf.s22.c1", "next": "s23", "set_flags": ["has_keycard"] },
        { "choice_key": "hf.s22.c2", "next": "s28" },
        { "choice_key": "hf.s22.c3", "next": "s34" }
      ]
    },
    "s23": {
      "image_id": "s23",
      "title_key": "hf.s23.title",
      "body_key": "hf.s23.body",
      "choices": [
        { "choice_key": "hf.s23.c1", "next": "s40" },
        { "choice_key": "hf.s23.c2", "next": "s24" },
        { "choice_key": "hf.s23.c3", "next": "s22" }
      ]
    },
    "s24": {
      "image_id": "s24",
      "title_key": "hf.s24.title",
      "body_key": "hf.s24.body",
      "choices": [
        { "choice_key": "hf.s24.c1", "next": "s25", "requires_any_flags": ["has_keycard"] },
        { "choice_key": "hf.s24.c2", "next": "s26" },
        { "choice_key": "hf.s24.c3", "next": "s23" }
      ]
    },
    "s25": {
      "image_id": "s25",
      "title_key": "hf.s25.title",
      "body_key": "hf.s25.body",
      "choices": [
        { "choice_key": "hf.s25.c1", "next": "s27" },
        { "choice_key": "hf.s25.c2", "next": "s26" },
        { "choice_key": "hf.s25.c3", "next": "s35" }
      ]
    },
    "s26": {
      "image_id": "s26",
      "title_key": "hf.s26.title",
      "body_key": "hf.s26.body",
      "choices": [
        { "choice_key": "hf.s26.c1", "next": "s27" },
        { "choice_key": "hf.s26.c2", "next": "s28", "requires_any_flags": ["has_keycard"] },
        { "choice_key": "hf.s26.c3", "next": "s25" }
      ]
    },
    "s27": {
      "image_id": "s27",
      "title_key": "hf.s27.title",
      "body_key": "hf.s27.body",
      "choices": [
        { "choice_key": "hf.s27.c1", "next": "s38" },
        { "choice_key": "hf.s27.c2", "next": "s25" },
        { "choice_key": "hf.s27.c3", "next": "s39" }
      ]
    },
    "s28": {
      "image_id": "s28",
      "title_key": "hf.s28.title",
      "body_key": "hf.s28.body",
      "choices": [
        { "choice_key": "hf.s28.c1", "next": "s29", "set_flags": ["has_recording"] },
        { "choice_key": "hf.s28.c2", "next": "s19" },
        { "choice_key": "hf.s28.c3", "next": "s23" }
      ]
    },
    "s29": {
      "image_id": "s29",
      "title_key": "hf.s29.title",
      "body_key": "hf.s29.body",
      "choices": [
        { "choice_key": "hf.s29.c1", "next": "s30", "requires_any_flags": ["has_keycard"] },
        { "choice_key": "hf.s29.c2", "next": "s25" },
        { "choice_key": "hf.s29.c3", "next": "s22" }
      ]
    },
    "s30": {
      "image_id": "s30",
      "title_key": "hf.s30.title",
      "body_key": "hf.s30.body",
      "choices": [
        { "choice_key": "hf.s30.c1", "next": "s31" },
        { "choice_key": "hf.s30.c2", "next": "s33" },
        { "choice_key": "hf.s30.c3", "next": "s42" }
      ]
    },
    "s31": {
      "image_id": "s31",
      "title_key": "hf.s31.title",
      "body_key": "hf.s31.body",
      "choices": [
        { "choice_key": "hf.s31.c1", "next": "s43" },
        { "choice_key": "hf.s31.c2", "next": "s32" },
        { "choice_key": "hf.s31.c3", "next": "s30" }
      ]
    },
    "s32": {
      "image_id": "s32",
      "title_key": "hf.s32.title",
      "body_key": "hf.s32.body",
      "choices": [
        { "choice_key": "hf.s32.c1", "next": "s33" },
        { "choice_key": "hf.s32.c2", "next": "s44" },
        { "choice_key": "hf.s32.c3", "next": "s44" }
      ]
    },
    "s33": {
      "image_id": "s33",
      "title_key": "hf.s33.title",
      "body_key": "hf.s33.body",
      "choices": [
        { "choice_key": "hf.s33.c1", "next": "s39" },
        { "choice_key": "hf.s33.c2", "next": "s22" },
        { "choice_key": "hf.s33.c3", "next": "s34" }
      ]
    },
    "s34": {
      "image_id": "s34",
      "title_key": "hf.s34.title",
      "body_key": "hf.s34.body",
      "choices": [
        { "choice_key": "hf.s34.c1", "next": "s45"},
        { "choice_key": "hf.s34.c2", "next": "s35" },
        { "choice_key": "hf.s34.c3", "next": "s33" }
      ]
    },
    "s35": {
      "image_id": "s35",
      "title_key": "hf.s35.title",
      "body_key": "hf.s35.body",
      "choices": [
        { "choice_key": "hf.s35.c1", "next": "s36" },
        { "choice_key": "hf.s35.c2", "next": "s25" },
        { "choice_key": "hf.s35.c3", "next": "s33" }
      ]
    },
    "s36": {
      "image_id": "s36",
      "title_key": "hf.s36.title",
      "body_key": "hf.s36.body",
      "choices": [
        { "choice_key": "hf.s36.c1", "next": "s37" },
        { "choice_key": "hf.s36.c2", "next": "s35" },
        { "choice_key": "hf.s36.c3", "next": "s18" }
      ]
    },
    "s37": {
      "image_id": "s37",
      "title_key": "hf.s37.title",
      "body_key": "hf.s37.body",
      "choices": [
        { "choice_key": "hf.s37.c1", "next": "s38", "set_flags": ["has_dossier"] },
        { "choice_key": "hf.s37.c2", "next": "s36" },
        {
          "choice_key": "hf.s37.c3",
          "next": "s46",
          "requires_all_flags": ["has_bracelet", "has_keycard", "has_tape", "has_recording", "has_dossier"]
        }
      ]
    },
    "s38": {
      "image_id": "s38",
      "title_key": "hf.s38.title",
      "body_key": "hf.s38.body",
      "choices": [
        { "choice_key": "hf.s38.c1", "next": "s39" },
        { "choice_key": "hf.s38.c2", "next": "s25" },
        { "choice_key": "hf.s38.c3", "next": "s19" }
      ]
    },
    "s39": {
      "image_id": "s39",
      "title_key": "hf.s39.title",
      "body_key": "hf.s39.body",
      "choices": [
        { "choice_key": "hf.s39.c1", "next": "s40" },
        { "choice_key": "hf.s39.c2", "next": "s33" },
        { "choice_key": "hf.s39.c3", "next": "s40" }
      ]
    },
    "s40": {
      "image_id": "s40",
      "title_key": "hf.s40.title",
      "body_key": "hf.s40.body",
      "choices": [
        { "choice_key": "hf.s40.c1", "next": "s48" },
        { "choice_key": "hf.s40.c2", "next": "s41" },
        { "choice_key": "hf.s40.c3", "next": "s33" }
      ]
    },
    "s41": {
      "image_id": "s41",
      "title_key": "hf.s41.title",
      "body_key": "hf.s41.body",
      "choices": [
        { "choice_key": "hf.s41.c1", "next": "s48" },
        { "choice_key": "hf.s41.c2", "next": "s40" },
        { "choice_key": "hf.s41.c3", "next": "s04" }
      ]
    },
    "s42": {
      "image_id": "s42",
      "title_key": "hf.s42.title",
      "body_key": "hf.s42.body",
      "choices": [
        { "choice_key": "hf.s42.c1", "next": "s30" },
        { "choice_key": "hf.s42.c2", "next": "s43" },
        { "choice_key": "hf.s42.c3", "next": "s48" }
      ]
    },
    "s43": {
      "image_id": "s43",
      "title_key": "hf.s43.title",
      "body_key": "hf.s43.body",
      "choices": [
        { "choice_key": "hf.s43.c1", "next": "s44" },
        { "choice_key": "hf.s43.c2", "next": "s30" },
        { "choice_key": "hf.s43.c3", "next": "s39" }
      ]
    },
    "s44": {
      "image_id": "s44",
      "title_key": "hf.s44.title",
      "body_key": "hf.s44.body",
      "choices": [
        { "choice_key": "hf.s44.c1", "next": "end_bad" },
        { "choice_key": "hf.s44.c2", "next": "end_bad" },
        { "choice_key": "hf.s44.c3", "next": "s45", "requires_any_flags": ["has_recording", "has_tape", "has_dossier"] }
      ]
    },
    "s45": {
      "image_id": "s45",
      "title_key": "hf.s45.title",
      "body_key": "hf.s45.body",
      "choices": [
        { "choice_key": "hf.s45.c1", "next": "s48" },
        {
          "choice_key": "hf.s45.c2",
          "next": "s46",
          "requires_all_flags": ["has_bracelet", "has_keycard", "has_tape", "has_recording", "has_dossier"]
        },
        { "choice_key": "hf.s45.c3", "next": "end_bad" }
      ]
    },
    "s46": {
      "image_id": "s46",
      "title_key": "hf.s46.title",
      "body_key": "hf.s46.body",
      "choices": [
        { "choice_key": "hf.s46.c1", "next": "end_secret" },
        { "choice_key": "hf.s46.c2", "next": "s48" },
        { "choice_key": "hf.s46.c3", "next": "end_secret" }
      ]
    },
    "s47": {
      "image_id": "s47",
      "title_key": "hf.s47.title",
      "body_key": "hf.s47.body",
      "choices": [
        { "choice_key": "hf.s47.c1", "next": "end_good" },
        { "choice_key": "hf.s47.c2", "next": "end_bad" },
        {
          "choice_key": "hf.s47.c3",
          "next": "end_secret",
          "requires_all_flags": ["has_bracelet", "has_keycard", "has_tape", "has_recording", "has_dossier"]
        }
      ]
    },
    "s48": {
      "image_id": "s48",
      "title_key": "hf.s48.title",
      "body_key": "hf.s48.body",
      "choices": [
        { "choice_key": "hf.s48.c1", "next": "s47" },
        { "choice_key": "hf.s48.c2", "next": "s42" },
        { "choice_key": "hf.s48.c3", "next": "s25" }
      ]
    },

    "end_good": {
      "image_id": "final_good",
      "title_key": "hf.end_good.title",
      "body_key": "hf.end_good.body",
      "choices": []
    },
    "end_bad": {
      "image_id": "final_bad",
      "title_key": "hf.end_bad.title",
      "body_key": "hf.end_bad.body",
      "choices": []
    },
    "end_secret": {
      "image_id": "final_secret",
      "title_key": "hf.end_secret.title",
      "body_key": "hf.end_secret.body",
      "choices": []
    }
  }
}
