﻿{
  "meta": {
    "scenario_id": "hopital_ferme",
    "language": "pt",
    "version": "1.0.0",
    "hint_ns": "hf.h",
    "generated": "2026-02-10"
  },
  "strings": {
    "hf.title": "Hospital Saint-Cendre — Dossiê 0",
    "hf.tagline": "Os corredores movem-se. Os dossiês conhecem-te. E alguém continua o plantão.",
    "hf.s01.title": "A grade",
    "hf.s01.body": "A grade está fechada, mas a corrente pende, como se tivesse sido cortada há pouco. Atrás, o hospital engole a noite. Um néon pisca um segundo sim, um segundo não.",
    "hf.s01.c1": "Passar a grade na mesma",
    "hf.s01.c2": "Ler o painel de interdição",
    "hf.s01.c3": "Chamar alguém (sem rede)",
    "hf.s02.title": "A corrente cortada",
    "hf.s02.body": "A corrente no chão está morna. Sem ferrugem recente, sem pó em cima. Como se tivesse acabado de ser pousada ali.",
    "hf.s02.c1": "Avançar para as portas",
    "hf.s02.c2": "Voltar ao painel",
    "hf.s02.c3": "Ficar imóvel e ouvir",
    "hf.s03.title": "O painel recente",
    "hf.s03.body": "Por baixo do velho «FECHADO», há um papel novo: «DOENTE AGUARDADO — ADMISSÃO AUTOMÁTICA». O teu nome está escrito em baixo. Sem nome próprio.",
    "hf.s03.c1": "Tirar foto ao papel",
    "hf.s03.c2": "Procurar outra entrada",
    "hf.s03.c3": "Recuar… e voltar (não consegues)",
    "hf.s04.title": "Sem rede",
    "hf.s04.body": "O teu telemóvel mostra zero barras. Depois o ecrã acende-se sozinho: «Serviço de plantão: presente». Levantas os olhos. Uma janela acabou de se apagar no segundo andar.",
    "hf.s04.c1": "Voltar à grade",
    "hf.s04.c2": "Entrar no átrio",
    "hf.s04.c3": "Fixar a janela até fazer sentido",
    "hf.s05.title": "O átrio",
    "hf.s05.body": "O ar cheira a cloro quente. O mosaico está húmido ao centro, como se alguém tivesse acabado de passar a esfregona. Está tudo demasiado limpo para um lugar fechado.",
    "hf.s05.c1": "Ir ao balcão de receção",
    "hf.s05.c2": "Seguir o corredor principal",
    "hf.s05.c3": "Sair (a noite parece mais espessa)",
    "hf.s06.title": "Balcão de receção",
    "hf.s06.body": "Uma campainha, um registo aberto, um crachá em papel impresso… datado de hoje. O ecrã do computador mostra um cursor a piscar: «DOSSIÊ: EM CURSO».",
    "hf.s06.c1": "Tocar a campainha",
    "hf.s06.c2": "Ler o registo de admissão",
    "hf.s06.c3": "Tentar o elevador ao fundo",
    "hf.s07.title": "Corredor principal",
    "hf.s07.body": "O corredor estica-se como uma linha demasiado direita. As portas são todas iguais. Ao fundo, um painel: «CONSULTAS» e, mais além: «ESCADAS — NÍVEL -1».",
    "hf.s07.c1": "Ir para os quartos",
    "hf.s07.c2": "Ir para a radiologia",
    "hf.s07.c3": "Descer pelas escadas",
    "hf.s08.title": "Intercomunicador",
    "hf.s08.body": "A campainha tilinta. Um segundo depois, o intercomunicador crepita: «Está atrasado. Apresente a sua pulseira.» Tu não tens pulseira.",
    "hf.s08.c1": "Perguntar onde a podes obter",
    "hf.s08.c2": "Desligar o intercomunicador",
    "hf.s08.c3": "Sair do balcão",
    "hf.s09.title": "Registo de admissão",
    "hf.s09.body": "O teu nome já está escrito, tinta seca. Quarto 14. Linha seguinte: «Pulseira a levantar». Uma seta a caneta aponta para os quartos.",
    "hf.s09.c1": "Assinar como se fosse normal",
    "hf.s09.c2": "Ir ao quarto 14",
    "hf.s09.c3": "Ignorar e voltar ao corredor",
    "hf.s10.title": "Crachá «Doente»",
    "hf.s10.body": "Uma impressora cospe um crachá em papel: «DOENTE — PLANTÃO». Tem a tua altura, o teu peso… números certos. Demasiado certos.",
    "hf.s10.c1": "Prender o crachá (má ideia)",
    "hf.s10.c2": "Dobrá-lo e guardá-lo",
    "hf.s10.c3": "Rasgá-lo",
    "hf.s11.title": "Quarto 14",
    "hf.s11.body": "A cama está desfeita, ainda morna do lado da almofada. Na mesa de cabeceira: uma pulseira de doente. O monitor cardíaco está desligado, mas os LEDs «respiram» devagar.",
    "hf.s11.c1": "Pegar na pulseira da mesa",
    "hf.s11.c2": "Carregar no botão de chamada",
    "hf.s11.c3": "Sair já",
    "hf.s12.title": "Pulseira morna",
    "hf.s12.body": "A pulseira está em teu nome. Quando lhe tocas, sentes um impulso, como um pulso dentro do plástico.",
    "hf.s12.c1": "Pô-la no pulso",
    "hf.s12.c2": "Guardá-la no bolso",
    "hf.s12.c3": "Deixá-la aí (por agora)",
    "hf.s13.title": "O elevador imóvel",
    "hf.s13.body": "As portas do elevador estão entreabertas para o negro. O botão «–1» está riscado, como se alguém tivesse tentado arrancá-lo. Um cheiro metálico vem da cabina.",
    "hf.s13.c1": "Forçar a abertura",
    "hf.s13.c2": "Carregar em «–1»",
    "hf.s13.c3": "Voltar ao balcão",
    "hf.s14.title": "Radiologia",
    "hf.s14.body": "A máquina está em espera. Um ecrã mostra uma imagem já carregada, como se estivessem à tua espera. O zumbido é demasiado regular para ser só um aparelho.",
    "hf.s14.c1": "Olhar para a imagem no ecrã",
    "hf.s14.c2": "Procurar uma saída para «Consultas»",
    "hf.s14.c3": "Voltar ao corredor principal",
    "hf.s15.title": "Imagem impossível",
    "hf.s15.body": "A imagem mostra um tórax… e, ao centro, um rectângulo escuro: o lugar exacto de um dossiê de cartão. Em baixo, um carimbo: «DOENTE 0 — ARQUIVOS».",
    "hf.s15.c1": "Anotar «Arquivos» e recuar",
    "hf.s15.c2": "Ir procurar os arquivos",
    "hf.s15.c3": "Acender a sala para confirmar (a luz vacila)",
    "hf.s16.title": "A capela",
    "hf.s16.body": "Numa nicho, três velas ainda ardem, cera fresca. Um caderno de preces está aberto numa página em branco, excepto uma frase: «PLANTÃO = TU».",
    "hf.s16.c1": "Voltar à radiologia",
    "hf.s16.c2": "Seguir o silêncio até um gabinete",
    "hf.s16.c3": "Voltar ao corredor",
    "hf.s17.title": "Porta «Consultas»",
    "hf.s17.body": "Uma porta branca com um leitor. No ecrã do leitor: «APRESENTAR PULSEIRA». Atrás da porta, ouve-se um carrinho a rolar devagar.",
    "hf.s17.c1": "Passar a pulseira no leitor",
    "hf.s17.c2": "Forçar a porta sem leitor",
    "hf.s17.c3": "Recuar para os quartos",
    "hf.s18.title": "Gabinete do médico",
    "hf.s18.body": "O gabinete está arrumado, demasiado. Um gravador está no centro, com uma cassete dentro. Uma nota: «Não deixar o doente sair sem prova.»",
    "hf.s18.c1": "Ouvir o gravador",
    "hf.s18.c2": "Levar a cassete",
    "hf.s18.c3": "Vasculhar as gavetas",
    "hf.s19.title": "Corredor que desliza",
    "hf.s19.body": "Mal atravessas a porta, o corredor já não é o mesmo. Aparece uma intersecção onde antes havia apenas parede. As luzes deslocam-se, como dentes.",
    "hf.s19.c1": "Marcar a parede (para te guiares)",
    "hf.s19.c2": "Seguir o som do carrinho",
    "hf.s19.c3": "Procurar as escadas",
    "hf.s20.title": "Caixa de escadas",
    "hf.s20.body": "Um painel indica «Nível -1». O ar que sobe de baixo é húmido e frio. Parece que alguém respira nas escadas.",
    "hf.s20.c1": "Descer ao nível -1",
    "hf.s20.c2": "Subir de volta ao corredor",
    "hf.s20.c3": "Voltar ao elevador",
    "hf.s21.title": "Nível -1",
    "hf.s21.body": "Tubagens a pingar. Ao fundo, uma porta «SEGURANÇA». Mais adiante, outra: «VIGILÂNCIA». A luz parece vir do chão.",
    "hf.s21.c1": "Ir ao posto de segurança",
    "hf.s21.c2": "Tentar a porta «Vigilância»",
    "hf.s21.c3": "Voltar às escadas",
    "hf.s22.title": "Posto de segurança",
    "hf.s22.body": "Os monitores estão pretos, mas a ventoinha gira. Num gancho: cartões de acesso. Na parede, um plano de evacuação com uma saída para o pátio interior.",
    "hf.s22.c1": "Pegar num cartão de acesso",
    "hf.s22.c2": "Reiniciar um monitor",
    "hf.s22.c3": "Vasculhar o armário metálico",
    "hf.s23.title": "Plano de evacuação",
    "hf.s23.body": "O plano indica: «SAÍDA — PÁTIO INTERIOR». Uma anotação a marcador: «Sem prova, volta ao bloco.» Sentes que isto foi escrito para ti.",
    "hf.s23.c1": "Ir para o pátio interior",
    "hf.s23.c2": "Ir aos arquivos (porta com cartão)",
    "hf.s23.c3": "Voltar ao posto de segurança",
    "hf.s24.title": "Porta «Arquivos»",
    "hf.s24.body": "Uma porta cinzenta, leitor de cartão. A etiqueta é nova: «DOENTE 0». Como se o hospital acrescentasse placas enquanto tu andas.",
    "hf.s24.c1": "Passar o cartão e entrar",
    "hf.s24.c2": "Ouvir atrás da porta",
    "hf.s24.c3": "Voltar ao plano de evacuação",
    "hf.s25.title": "Arquivos",
    "hf.s25.body": "Prateleiras altas. Caixas. Dossiês. E, numa mesa, um dossier aberto numa página em branco. O pó está interrompido por marcas recentes de dedos.",
    "hf.s25.c1": "Procurar «Doente 0»",
    "hf.s25.c2": "Remexer nas prateleiras ao acaso",
    "hf.s25.c3": "Procurar outra saída",
    "hf.s26.title": "Dossiês que respiram",
    "hf.s26.body": "Os dossiês estão inchados, como se inspirassem. Cada vez que tu inspiras, um dossier levanta-se muito ligeiramente.",
    "hf.s26.c1": "Puxar o dossier mais «vivo»",
    "hf.s26.c2": "Ir para a vigilância",
    "hf.s26.c3": "Voltar às prateleiras",
    "hf.s27.title": "O teu nome escrito",
    "hf.s27.body": "Por fim encontras: «DOENTE 0». Na etiqueta: o teu nome. Por baixo, uma data… amanhã. O cartão está frio, apesar do ar húmido.",
    "hf.s27.c1": "Abrir o dossier",
    "hf.s27.c2": "Deixá-lo e recuar",
    "hf.s27.c3": "Levá-lo contigo (estás a tremer)",
    "hf.s28.title": "Sala de vigilância",
    "hf.s28.body": "Os ecrãs mostram os corredores. Num deles, vês-te… mas com um segundo de atraso. O desfasamento é perfeito, como um batimento.",
    "hf.s28.c1": "Iniciar uma gravação",
    "hf.s28.c2": "Mudar o ângulo da câmara",
    "hf.s28.c3": "Voltar ao plano de evacuação",
    "hf.s29.title": "Voltar atrás",
    "hf.s29.body": "Marcaste a parede. Mas a marca já não está no sítio certo: está numa porta. E essa porta não existia.",
    "hf.s29.c1": "Abrir essa porta",
    "hf.s29.c2": "Correr para os arquivos",
    "hf.s29.c3": "Voltar para a segurança",
    "hf.s30.title": "Bloco operatório",
    "hf.s30.body": "O bloco está aceso. As lâmpadas aquecem o ar devagar. A mesa está pronta, coberta, como para uma intervenção iminente. Mas não há ninguém.",
    "hf.s30.c1": "Entrar e avançar",
    "hf.s30.c2": "Fechar e fugir",
    "hf.s30.c3": "Observar pela janela",
    "hf.s31.title": "Tabuleiro de instrumentos",
    "hf.s31.body": "Os instrumentos estão alinhados. Um par de luvas está pousado na borda, ainda brilhante, como acabado de sair da embalagem.",
    "hf.s31.c1": "Tocar no metal (cola)",
    "hf.s31.c2": "Pegar nas luvas e recuar",
    "hf.s31.c3": "Recuar sem tocar em nada",
    "hf.s32.title": "Sala de recobro",
    "hf.s32.body": "Ficas atrás de uma cortina. Um bip discreto acompanha-te. No teu pulso, uma marca de cola… como um sensor arrancado.",
    "hf.s32.c1": "Puxar a cortina e sair",
    "hf.s32.c2": "Ouvir o altifalante a crepitar",
    "hf.s32.c3": "Adormecer mais um segundo",
    "hf.s33.title": "Corredor das macas",
    "hf.s33.body": "Há macas alinhadas junto à parede. Uma delas mexe-se muito ligeiramente, sozinha, como se alguém lhe colocasse um peso invisível.",
    "hf.s33.c1": "Seguir a seta «Saída»",
    "hf.s33.c2": "Voltar à segurança",
    "hf.s33.c3": "Procurar os vestiários",
    "hf.s34.title": "Vestiários",
    "hf.s34.body": "Cacifos. Batas. E, num cacifo entreaberto, um crachá com nome ilegível. Ouvem-se riscos de caneta a escrever atrás de uma porta.",
    "hf.s34.c1": "Abrir o cacifo «Interno»",
    "hf.s34.c2": "Pegar numa bata e sair",
    "hf.s34.c3": "Voltar ao corredor das macas",
    "hf.s35.title": "Sala de resíduos",
    "hf.s35.body": "Sacos pretos. Cheiro a lixívia. Uma porta metálica: «MORGUE». Uma escotilha no chão talvez leve aos arquivos.",
    "hf.s35.c1": "Ir para a morgue",
    "hf.s35.c2": "Passar pela escotilha (voltar aos arquivos)",
    "hf.s35.c3": "Voltar às macas",
    "hf.s36.title": "Morgue",
    "hf.s36.body": "A luz é demasiado branca. As gavetas metálicas estão fechadas… excepto uma, ligeiramente entreaberta. Um sopro frio sai de lá.",
    "hf.s36.c1": "Abrir a gaveta entreaberta",
    "hf.s36.c2": "Recuar e fechar a porta",
    "hf.s36.c3": "Pegar no telefone de parede (está a tocar)",
    "hf.s37.title": "Dossiê Doente 0",
    "hf.s37.body": "Na gaveta: um dossier de cartão. Sem corpo. Só o teu dossier, pousado como um pacote. Na primeira página: «ESTADO: EM CURSO».",
    "hf.s37.c1": "Levar o dossier contigo",
    "hf.s37.c2": "Deixá-lo e recuar",
    "hf.s37.c3": "Procurar a sala «Validação»",
    "hf.s38.title": "A página que se escreve",
    "hf.s38.body": "À tua frente, uma linha digita-se sozinha: «O doente lê isto. Acredita que está sozinho.» A frase seguinte começa… mas pára quando susténs a respiração.",
    "hf.s38.c1": "Fechar e correr para a saída",
    "hf.s38.c2": "Voltar aos arquivos",
    "hf.s38.c3": "Rasgar a página",
    "hf.s39.title": "A porta de saída",
    "hf.s39.body": "Uma porta «SAÍDA» com barra anti-pânico. Do outro lado: ar frio. Mas também… um leve som de teclado.",
    "hf.s39.c1": "Empurrar a barra e sair",
    "hf.s39.c2": "Voltar às macas",
    "hf.s39.c3": "Ouvir encostado à porta",
    "hf.s40.title": "O pátio interior",
    "hf.s40.body": "Estás cá fora, no pátio. As paredes são altas demais. A grade para a rua está ali… mas a fechadura parece nova, brilhante.",
    "hf.s40.c1": "Correr para a grade",
    "hf.s40.c2": "Esconder-te atrás de um murete",
    "hf.s40.c3": "Voltar para dentro",
    "hf.s41.title": "O ar lá fora",
    "hf.s41.body": "Inspiras. O ar é real. Demasiado real. Depois o telemóvel vibra: «Lembrete: consulta em curso». Tu nunca marcaste consulta nenhuma.",
    "hf.s41.c1": "Forçar a grade para a rua",
    "hf.s41.c2": "Voltar ao pátio",
    "hf.s41.c3": "Olhar para as janelas do segundo andar",
    "hf.s42.title": "O trabalhador",
    "hf.s42.body": "Ao fundo do corredor, visto por uma porta envidraçada, alguém passa de bata. Não vês a cara. Empurra um carrinho. Como se o plantão continuasse.",
    "hf.s42.c1": "Segui-lo discretamente",
    "hf.s42.c2": "Chamê-lo",
    "hf.s42.c3": "Aproveitar o momento e fugir",
    "hf.s43.title": "A «consulta»",
    "hf.s43.body": "A bata vira-se. Continua sem rosto, apenas uma zona desfocada. Uma voz nítida: «O doente deve apresentar-se.» A mesa do bloco espera-te.",
    "hf.s43.c1": "Obedecer e deitar-te",
    "hf.s43.c2": "Recusar e recuar",
    "hf.s43.c3": "Fugir para a saída",
    "hf.s44.title": "Preparação",
    "hf.s44.body": "Sentes correias. O bip fica mais forte. Uma frase inscreve-se algures: «Sem prova, volta ao bloco.» Procuras ar.",
    "hf.s44.c1": "Fechar os olhos",
    "hf.s44.c2": "Debater-te (inútil)",
    "hf.s44.c3": "Mostrar uma prova (se tiveres)",
    "hf.s45.title": "Provas",
    "hf.s45.body": "Tens uma prova. Áudio, vídeo ou dossier. Algo que diga: «Este lugar mente.» Os monitores da segurança crepitam como se não gostassem disso.",
    "hf.s45.c1": "Sair já",
    "hf.s45.c2": "Procurar a sala «Validação»",
    "hf.s45.c3": "Destruir a prova (e esquecer)",
    "hf.s46.title": "Validação",
    "hf.s46.body": "Atrás de uma porta sem puxador, um gabinete. Um computador escreve sozinho. No ecrã: «DOENTE 0 — ESTATUTO: A ATRIBUIR». Um carimbo «VALIDADO» espera, tinta fresca.",
    "hf.s46.c1": "Aceitar a atribuição",
    "hf.s46.c2": "Recusar e correr",
    "hf.s46.c3": "Carimbar tu mesmo «VALIDADO»",
    "hf.s47.title": "A escolha final",
    "hf.s47.body": "A grade para a rua está à tua frente. Uma última vez, ouves o teclado. Como se o hospital esperasse que escolhesses o teu fim.",
    "hf.s47.c1": "Sair com as tuas provas",
    "hf.s47.c2": "Voltar para «terminar a consulta»",
    "hf.s47.c3": "Activar a verdade completa",
    "hf.s48.title": "Último corredor",
    "hf.s48.body": "Avanças para a grade. O metal está frio. Sentes, atrás de ti, a porta do pátio a fechar-se devagar, sem som. O ar parece suster a frase.",
    "hf.s48.c1": "Empurrar a grade e não olhar para trás",
    "hf.s48.c2": "Virar-te (só um segundo)",
    "hf.s48.c3": "Voltar para ir buscar «algo»",
    "hf.end_good.title": "Fim — Saída (com prova)",
    "hf.end_good.body": "Passas a grade. A aurora morde-te os pulmões. Atrás, o hospital fica imóvel… demasiado imóvel. Na tua mão, a tua prova pesa como um calhau quente. Quando olhas para a foto/a gravação, o carimbo de tempo não existe.",
    "hf.end_bad.title": "Fim — Volta ao bloco",
    "hf.end_bad.body": "A luz do tecto devora-te os olhos. O bip torna-se uma única nota. Alguém escreve algures: «Doente apresentado. Plantão validado.» E percebes que aqui, a saída nunca foi uma porta.",
    "hf.end_secret.title": "Fim secreto — Atribuição",
    "hf.end_secret.body": "O carimbo desce. «VALIDADO». O ecrã mostra: «Pessoal de plantão: activo». O teclado pára. A porta fecha-se. E, no silêncio, sentes que o lugar finalmente respira… porque tu assumiste o turno.",
    "hf.clue.has_bracelet.title": "Pulseira de doente",
    "hf.clue.has_bracelet.desc": "Uma pulseira morna, como se alguém acabasse de ta prender.",
    "hf.clue.has_keycard.title": "Cartão de acesso",
    "hf.clue.has_keycard.desc": "Um cartão magnético de pessoal. Abre portas que já não deviam funcionar.",
    "hf.clue.has_tape.title": "Cassete do plantão",
    "hf.clue.has_tape.desc": "Uma cassete do gravador: uma voz anota horários… e o teu nome.",
    "hf.clue.has_recording.title": "Gravação CCTV",
    "hf.clue.has_recording.desc": "Uma prova em vídeo: o corredor desloca-se enquanto a câmara não mexe.",
    "hf.clue.has_dossier.title": "Dossiê Doente 0",
    "hf.clue.has_dossier.desc": "O teu dossiê. Completa-se à medida que respiras.",
    "hf.h.s12.soft": "Tens agora algo «reconhecido» pelo hospital.",
    "hf.h.s12.strong": "A pulseira abre/altera portas e torna possível a via secreta.",
    "hf.h.s18.soft": "O gravador não está ali por acaso.",
    "hf.h.s18.strong": "Leva a cassete: conta como prova e para o fim secreto.",
    "hf.h.s22.soft": "O que ainda funciona costuma estar na segurança.",
    "hf.h.s22.strong": "Pega no cartão de acesso: desbloqueia arquivos, vigilância e bloco.",
    "hf.h.s28.soft": "Se conseguires provar que o corredor se move, podes quebrar o ciclo.",
    "hf.h.s28.strong": "Inicia a gravação: sem prova, certas saídas devolvem-te ao bloco.",
    "hf.h.s37.soft": "O dossiê tem mais a ver contigo do que julgas.",
    "hf.h.s37.strong": "Leva o dossiê: é a prova mais forte e uma chave para a verdade completa.",
    "hf.h.s47.soft": "Podes acabar depressa… ou ir mais longe.",
    "hf.h.s47.strong": "Fim secreto = pulseira + cartão + cassete + gravação + dossiê."
  }
}
