﻿{
  "meta": {
    "scenario_id": "hopital_ferme",
    "language": "ptbr",
    "version": "1.0.0",
    "hint_ns": "hf.h",
    "generated": "2026-02-10"
  },
  "strings": {
    "hf.title": "Hospital Saint-Cendre — Dossiê 0",
    "hf.tagline": "Os corredores se movem. Os dossiês te conhecem. E alguém continua o plantão.",
    "hf.s01.title": "A grade",
    "hf.s01.body": "A grade está fechada, mas a corrente pende, como se tivesse sido cortada recentemente. Atrás, o hospital engole a noite. Um néon pisca um segundo sim, um segundo não.",
    "hf.s01.c1": "Passar pela grade mesmo assim",
    "hf.s01.c2": "Ler a placa de proibição",
    "hf.s01.c3": "Ligar para alguém (sem sinal)",
    "hf.s02.title": "A corrente cortada",
    "hf.s02.body": "A corrente no chão está morna. Sem ferrugem recente, sem poeira em cima. Como se tivesse acabado de ser colocada ali.",
    "hf.s02.c1": "Avançar até as portas",
    "hf.s02.c2": "Voltar à placa",
    "hf.s02.c3": "Ficar parado e ouvir",
    "hf.s03.title": "A placa recente",
    "hf.s03.body": "Abaixo do velho «FECHADO», um papel novo: «PACIENTE AGUARDADO — ADMISSÃO AUTOMÁTICA». Seu nome está digitado embaixo. Sem nome próprio.",
    "hf.s03.c1": "Tirar foto do papel",
    "hf.s03.c2": "Procurar outra entrada",
    "hf.s03.c3": "Recuar… e voltar (você não consegue)",
    "hf.s04.title": "Sem sinal",
    "hf.s04.body": "Seu celular mostra zero barras. Então a tela acende sozinha: «Plantão: presente». Você ergue os olhos. Uma janela acabou de se apagar no segundo andar.",
    "hf.s04.c1": "Voltar para a grade",
    "hf.s04.c2": "Entrar no saguão",
    "hf.s04.c3": "Encarnar a janela até entender",
    "hf.s05.title": "O saguão",
    "hf.s05.body": "O ar cheira a cloro quente. O piso de azulejo está úmido no centro, como se alguém tivesse acabado de passar o esfregão. Tudo está limpo demais para um lugar fechado.",
    "hf.s05.c1": "Ir ao balcão de recepção",
    "hf.s05.c2": "Seguir pelo corredor principal",
    "hf.s05.c3": "Sair (a noite parece mais grossa)",
    "hf.s06.title": "Balcão de recepção",
    "hf.s06.body": "Uma campainha, um registro aberto, um crachá de papel impresso… datado de hoje. A tela do computador mostra um cursor piscando: «DOSSIÊ: EM ANDAMENTO».",
    "hf.s06.c1": "Tocar a campainha",
    "hf.s06.c2": "Ler o registro de admissão",
    "hf.s06.c3": "Tentar o elevador ao fundo",
    "hf.s07.title": "Corredor principal",
    "hf.s07.body": "O corredor se estica como uma linha reta demais. As portas são todas idênticas. No fim, uma placa: «CONSULTAS» e, mais adiante: «ESCADA — NÍVEL -1».",
    "hf.s07.c1": "Ir em direção aos quartos",
    "hf.s07.c2": "Ir para a radiologia",
    "hf.s07.c3": "Descer pela escada",
    "hf.s08.title": "Interfone",
    "hf.s08.body": "A campainha tilinta. Um segundo depois, o interfone chiado: «Você está atrasado. Apresente sua pulseira.» Você não tem pulseira.",
    "hf.s08.c1": "Perguntar onde pegar",
    "hf.s08.c2": "Desligar o interfone",
    "hf.s08.c3": "Sair do balcão",
    "hf.s09.title": "Registro de admissão",
    "hf.s09.body": "Seu nome já está escrito, tinta seca. Quarto 14. Linha seguinte: «Pulseira a retirar». Uma seta de caneta aponta para os quartos.",
    "hf.s09.c1": "Assinar como se fosse normal",
    "hf.s09.c2": "Ir ao quarto 14",
    "hf.s09.c3": "Ignorar e voltar ao corredor",
    "hf.s10.title": "Crachá «Paciente»",
    "hf.s10.body": "Uma impressora cospe um crachá de papel: «PACIENTE — PLANTÃO». Tem sua altura, seu peso… números certos. Certos demais.",
    "hf.s10.c1": "Prender o crachá (má ideia)",
    "hf.s10.c2": "Dobrar e guardar",
    "hf.s10.c3": "Rasgar",
    "hf.s11.title": "Quarto 14",
    "hf.s11.body": "A cama está desarrumada, ainda morna do lado do travesseiro. Na mesinha: uma pulseira de paciente. O monitor cardíaco está desligado, mas os LEDs respiram devagar.",
    "hf.s11.c1": "Pegar a pulseira na mesinha",
    "hf.s11.c2": "Apertar o botão de chamada",
    "hf.s11.c3": "Sair imediatamente",
    "hf.s12.title": "Pulseira morna",
    "hf.s12.body": "A pulseira está no seu nome. Quando você toca, sente um impulso, como um pulso dentro do plástico.",
    "hf.s12.c1": "Colocar no pulso",
    "hf.s12.c2": "Guardar no bolso",
    "hf.s12.c3": "Deixar ali (por enquanto)",
    "hf.s13.title": "O elevador travado",
    "hf.s13.body": "As portas do elevador estão entreabertas para o escuro. O botão «–1» está riscado, como se alguém tivesse tentado arrancá-lo. Um cheiro metálico sai da cabine.",
    "hf.s13.c1": "Forçar a abertura",
    "hf.s13.c2": "Apertar «–1»",
    "hf.s13.c3": "Voltar ao balcão",
    "hf.s14.title": "Radiologia",
    "hf.s14.body": "A máquina está em espera. Uma tela mostra um exame já carregado, como se estivessem te esperando. O zumbido é regular demais para ser só um aparelho.",
    "hf.s14.c1": "Olhar o exame na tela",
    "hf.s14.c2": "Procurar uma saída para «Consultas»",
    "hf.s14.c3": "Voltar ao corredor principal",
    "hf.s15.title": "Exame impossível",
    "hf.s15.body": "O exame mostra um tórax… e, no centro, um retângulo escuro: o lugar exato de uma pasta de papelão. Embaixo, um carimbo: «PACIENTE 0 — ARQUIVOS».",
    "hf.s15.c1": "Anotar «Arquivos» e recuar",
    "hf.s15.c2": "Ir procurar os arquivos",
    "hf.s15.c3": "Acender a sala para conferir (a luz falha)",
    "hf.s16.title": "A capela",
    "hf.s16.body": "Numa alcova, três velas ainda queimam, cera fresca. Um caderno de preces está aberto numa página vazia, exceto por uma frase: «PLANTÃO = VOCÊ».",
    "hf.s16.c1": "Voltar à radiologia",
    "hf.s16.c2": "Seguir o silêncio até um consultório",
    "hf.s16.c3": "Voltar ao corredor",
    "hf.s17.title": "Porta «Consultas»",
    "hf.s17.body": "Uma porta branca com um scanner. Na tela do scanner: «APRESENTAR PULSEIRA». Atrás da porta, dá para ouvir um carrinho rolando devagar.",
    "hf.s17.c1": "Passar a pulseira no scanner",
    "hf.s17.c2": "Forçar a porta sem scanner",
    "hf.s17.c3": "Recuar para os quartos",
    "hf.s18.title": "Consultório do médico",
    "hf.s18.body": "O consultório está arrumado… demais. Um gravador está no centro, com uma fita dentro. Um bilhete: «Não deixar o paciente sair sem prova.»",
    "hf.s18.c1": "Ouvir o gravador",
    "hf.s18.c2": "Pegar a fita",
    "hf.s18.c3": "Fuçar as gavetas",
    "hf.s19.title": "Corredor que desliza",
    "hf.s19.body": "Assim que você atravessa a porta, o corredor já não é o mesmo. Uma interseção surge onde antes havia uma parede. Os néons se deslocam, como dentes.",
    "hf.s19.c1": "Marcar a parede (para se orientar)",
    "hf.s19.c2": "Seguir o som do carrinho",
    "hf.s19.c3": "Procurar a escada",
    "hf.s20.title": "Escadaria",
    "hf.s20.body": "Uma placa indica «Nível -1». O ar que sobe de baixo é úmido e frio. Parece que alguém respira na escada.",
    "hf.s20.c1": "Descer ao nível -1",
    "hf.s20.c2": "Subir de volta ao corredor",
    "hf.s20.c3": "Voltar ao elevador",
    "hf.s21.title": "Nível -1",
    "hf.s21.body": "Canos pingam. No fim, uma porta «SEGURANÇA». Mais adiante, outra: «VIGILÂNCIA». A luz parece vir do chão.",
    "hf.s21.c1": "Ir ao posto de segurança",
    "hf.s21.c2": "Tentar a porta «Vigilância»",
    "hf.s21.c3": "Voltar para a escada",
    "hf.s22.title": "Posto de segurança",
    "hf.s22.body": "As telas estão pretas, mas o ventilador gira. Num gancho: cartões de acesso. Na parede, um plano de evacuação com uma saída para o pátio interno.",
    "hf.s22.c1": "Pegar um cartão de acesso",
    "hf.s22.c2": "Reiniciar um monitor",
    "hf.s22.c3": "Vasculhar o armário metálico",
    "hf.s23.title": "Plano de evacuação",
    "hf.s23.body": "O plano indica: «SAÍDA — PÁTIO INTERNO». Uma anotação a marcador: «Sem prova, retorno ao bloco.» Você sente que isso foi escrito para você.",
    "hf.s23.c1": "Ir para o pátio interno",
    "hf.s23.c2": "Ir aos arquivos (porta com cartão)",
    "hf.s23.c3": "Voltar ao posto de segurança",
    "hf.s24.title": "Porta «Arquivos»",
    "hf.s24.body": "Uma porta cinza, leitor de cartão. A etiqueta é nova: «PACIENTE 0». Como se o hospital colocasse placas enquanto você anda.",
    "hf.s24.c1": "Passar o cartão e entrar",
    "hf.s24.c2": "Ouvir atrás da porta",
    "hf.s24.c3": "Voltar ao plano de evacuação",
    "hf.s25.title": "Arquivos",
    "hf.s25.body": "Prateleiras altas. Caixas. Pastas. E, numa mesa, um fichário aberto numa página em branco. A poeira está interrompida por marcas recentes de dedos.",
    "hf.s25.c1": "Procurar «Paciente 0»",
    "hf.s25.c2": "Remexer as estantes ao acaso",
    "hf.s25.c3": "Procurar outra saída",
    "hf.s26.title": "Pastas que respiram",
    "hf.s26.body": "As pastas estão inchadas, como se puxassem ar. Toda vez que você inspira, um fichário se ergue bem de leve.",
    "hf.s26.c1": "Puxar a pasta mais «viva»",
    "hf.s26.c2": "Ir para a vigilância",
    "hf.s26.c3": "Voltar às estantes",
    "hf.s27.title": "Seu nome digitado",
    "hf.s27.body": "Você enfim encontra: «PACIENTE 0». Na etiqueta: seu nome. Embaixo, uma data… amanhã. O papelão está frio, apesar do ar úmido.",
    "hf.s27.c1": "Abrir a pasta",
    "hf.s27.c2": "Deixar e recuar",
    "hf.s27.c3": "Levar com você (você treme)",
    "hf.s28.title": "Sala de vigilância",
    "hf.s28.body": "As telas mostram os corredores. Em uma delas, você se vê… mas com um segundo de atraso. O atraso é perfeito, como um batimento.",
    "hf.s28.c1": "Iniciar uma gravação",
    "hf.s28.c2": "Mudar o ângulo da câmera",
    "hf.s28.c3": "Voltar ao plano de evacuação",
    "hf.s29.title": "Voltar atrás",
    "hf.s29.body": "Você marcou a parede. Mas a marca não está mais no lugar certo: ela está numa porta. E essa porta não existia.",
    "hf.s29.c1": "Abrir essa porta",
    "hf.s29.c2": "Correr para os arquivos",
    "hf.s29.c3": "Voltar para a segurança",
    "hf.s30.title": "Centro cirúrgico",
    "hf.s30.body": "O centro cirúrgico está aceso. As lâmpadas aquecem o ar devagar. A mesa está pronta, coberta, como para uma intervenção iminente. Mas não há ninguém.",
    "hf.s30.c1": "Entrar e avançar",
    "hf.s30.c2": "Fechar e fugir",
    "hf.s30.c3": "Observar pela janela",
    "hf.s31.title": "Bandeja de instrumentos",
    "hf.s31.body": "Os instrumentos estão alinhados. Um par de luvas está na borda, ainda brilhante, como recém-tirado da embalagem.",
    "hf.s31.c1": "Tocar o metal (gruda)",
    "hf.s31.c2": "Pegar as luvas e recuar",
    "hf.s31.c3": "Recuar sem tocar em nada",
    "hf.s32.title": "Sala de recuperação",
    "hf.s32.body": "Você se vê atrás de uma cortina. Um bip discreto te acompanha. No seu pulso, uma marca de cola… como um sensor arrancado.",
    "hf.s32.c1": "Puxar a cortina e sair",
    "hf.s32.c2": "Ouvir o alto-falante chiando",
    "hf.s32.c3": "Dormir mais um segundo",
    "hf.s33.title": "Corredor das macas",
    "hf.s33.body": "Macas alinhadas contra a parede. Uma delas se mexe bem de leve, sozinha, como se alguém colocasse um peso invisível.",
    "hf.s33.c1": "Seguir a seta «Saída»",
    "hf.s33.c2": "Voltar à segurança",
    "hf.s33.c3": "Procurar os vestiários",
    "hf.s34.title": "Vestiários",
    "hf.s34.body": "Armários. Jalecos. E, num armário entreaberto, um crachá com nome ilegível. Você ouve uma caneta escrevendo atrás de uma porta.",
    "hf.s34.c1": "Abrir o armário «Residente»",
    "hf.s34.c2": "Pegar um jaleco e sair",
    "hf.s34.c3": "Voltar ao corredor das macas",
    "hf.s35.title": "Sala de resíduos",
    "hf.s35.body": "Sacos pretos. Cheiro de água sanitária. Uma porta metálica: «MORGUE». Um alçapão no chão talvez leve aos arquivos.",
    "hf.s35.c1": "Ir para a morgue",
    "hf.s35.c2": "Passar pelo alçapão (voltar aos arquivos)",
    "hf.s35.c3": "Voltar às macas",
    "hf.s36.title": "Morgue",
    "hf.s36.body": "A luz é branca demais. As gavetas metálicas estão fechadas… exceto uma, levemente entreaberta. Um sopro frio escapa dela.",
    "hf.s36.c1": "Abrir a gaveta entreaberta",
    "hf.s36.c2": "Recuar e fechar a porta",
    "hf.s36.c3": "Pegar o telefone de parede (está tocando)",
    "hf.s37.title": "Dossiê Paciente 0",
    "hf.s37.body": "Na gaveta: uma pasta de papelão. Sem corpo. Só o seu dossiê, posto como um pacote. Na primeira página: «ESTADO: EM ANDAMENTO».",
    "hf.s37.c1": "Levar o dossiê com você",
    "hf.s37.c2": "Deixar e recuar",
    "hf.s37.c3": "Procurar a sala «Validação»",
    "hf.s38.title": "A página que se escreve",
    "hf.s38.body": "Diante dos seus olhos, uma linha se digita sozinha: «O paciente lê isto. Ele acha que está sozinho.» A frase seguinte começa… mas para quando você prende a respiração.",
    "hf.s38.c1": "Fechar e correr para a saída",
    "hf.s38.c2": "Voltar aos arquivos",
    "hf.s38.c3": "Rasgar a página",
    "hf.s39.title": "A porta de saída",
    "hf.s39.body": "Uma porta «SAÍDA» com barra antipânico. Do outro lado: ar frio. Mas também… um leve som de teclado.",
    "hf.s39.c1": "Empurrar a barra e sair",
    "hf.s39.c2": "Voltar às macas",
    "hf.s39.c3": "Ouvir com o ouvido na porta",
    "hf.s40.title": "O pátio interno",
    "hf.s40.body": "Você está do lado de fora, no pátio. As paredes são altas demais. A grade para a rua está lá… mas a fechadura parece nova, brilhante.",
    "hf.s40.c1": "Correr até a grade",
    "hf.s40.c2": "Se esconder atrás de uma mureta",
    "hf.s40.c3": "Voltar para dentro",
    "hf.s41.title": "O ar lá fora",
    "hf.s41.body": "Você inspira. O ar é real. Real demais. Então seu celular vibra: «Lembrete: consulta em andamento». Você nunca marcou nada.",
    "hf.s41.c1": "Forçar a grade para a rua",
    "hf.s41.c2": "Voltar ao pátio",
    "hf.s41.c3": "Olhar as janelas do segundo andar",
    "hf.s42.title": "O funcionário",
    "hf.s42.body": "No fundo do corredor visto por uma porta de vidro, alguém passa de jaleco. Você não vê o rosto. Ele empurra um carrinho. Como se o plantão continuasse.",
    "hf.s42.c1": "Segui-lo discretamente",
    "hf.s42.c2": "Chamá-lo",
    "hf.s42.c3": "Aproveitar e fugir",
    "hf.s43.title": "A «consulta»",
    "hf.s43.body": "O jaleco se vira. Ainda sem rosto, só uma área borrada. Uma voz nítida: «O paciente deve se apresentar.» A mesa do centro cirúrgico espera você.",
    "hf.s43.c1": "Obedecer e deitar",
    "hf.s43.c2": "Recusar e recuar",
    "hf.s43.c3": "Fugir para a saída",
    "hf.s44.title": "Preparação",
    "hf.s44.body": "Você sente correias. O bip fica mais alto. Uma frase aparece em algum lugar: «Sem prova, retorno ao bloco.» Você procura ar.",
    "hf.s44.c1": "Fechar os olhos",
    "hf.s44.c2": "Se debater (inútil)",
    "hf.s44.c3": "Mostrar uma prova (se tiver)",
    "hf.s45.title": "Provas",
    "hf.s45.body": "Você tem uma prova. Áudio, vídeo ou dossiê. Algo que diga: «Este lugar mente.» As telas da segurança chiem como se não gostassem disso.",
    "hf.s45.c1": "Sair agora",
    "hf.s45.c2": "Procurar a sala «Validação»",
    "hf.s45.c3": "Destruir a prova (e esquecer)",
    "hf.s46.title": "Validação",
    "hf.s46.body": "Atrás de uma porta sem maçaneta, um escritório. Um computador digita sozinho. Na tela: «PACIENTE 0 — STATUS: A ATRIBUIR». Um carimbo «VALIDADO» espera, tinta fresca.",
    "hf.s46.c1": "Aceitar a atribuição",
    "hf.s46.c2": "Recusar e correr",
    "hf.s46.c3": "Carimbar você mesmo «VALIDADO»",
    "hf.s47.title": "A escolha final",
    "hf.s47.body": "A grade para a rua está diante de você. Uma última vez, você ouve o teclado. Como se o hospital esperasse você escolher o seu fim.",
    "hf.s47.c1": "Sair com as provas",
    "hf.s47.c2": "Voltar para «terminar a consulta»",
    "hf.s47.c3": "Ativar a verdade completa",
    "hf.s48.title": "Último corredor",
    "hf.s48.body": "Você avança até a grade. O metal está frio. Você sente, atrás de si, a porta do pátio se fechar devagar, sem ruído. O ar parece segurar uma frase.",
    "hf.s48.c1": "Empurrar a grade e não olhar para trás",
    "hf.s48.c2": "Virar (só um segundo)",
    "hf.s48.c3": "Voltar para buscar «algo»",
    "hf.end_good.title": "Fim — Saída (com prova)",
    "hf.end_good.body": "Você passa pela grade. A aurora morde seus pulmões. Atrás, o hospital fica imóvel… imóvel demais. Na sua mão, a prova pesa como uma pedra quente. Quando você olha a foto/a gravação, o carimbo de data e hora não existe.",
    "hf.end_bad.title": "Fim — Volta ao bloco",
    "hf.end_bad.body": "A luz do teto devora seus olhos. O bip vira uma nota única. Alguém escreve em algum lugar: «Paciente apresentado. Plantão validado.» E você entende que aqui, a saída nunca foi uma porta.",
    "hf.end_secret.title": "Fim secreto — Atribuição",
    "hf.end_secret.body": "O carimbo desce. «VALIDADO». A tela mostra: «Equipe de plantão: ativa». O teclado para. A porta fecha. E, no silêncio, você sente o lugar finalmente respirar… porque você assumiu o turno.",
    "hf.clue.has_bracelet.title": "Pulseira de paciente",
    "hf.clue.has_bracelet.desc": "Uma pulseira morna, como se alguém tivesse acabado de colocar em você.",
    "hf.clue.has_keycard.title": "Cartão de acesso",
    "hf.clue.has_keycard.desc": "Um cartão magnético de funcionário. Abre portas que não deveriam mais funcionar.",
    "hf.clue.has_tape.title": "Fita do plantão",
    "hf.clue.has_tape.desc": "Uma fita do gravador: uma voz anota horários… e seu nome.",
    "hf.clue.has_recording.title": "Gravação CCTV",
    "hf.clue.has_recording.desc": "Uma prova em vídeo: o corredor se move enquanto a câmera não mexe.",
    "hf.clue.has_dossier.title": "Dossiê Paciente 0",
    "hf.clue.has_dossier.desc": "Seu dossiê. Ele se completa à medida que você respira.",
    "hf.h.s12.soft": "Você tem algo «reconhecido» pelo hospital agora.",
    "hf.h.s12.strong": "A pulseira abre/alter a portas e torna possível a via secreta.",
    "hf.h.s18.soft": "O gravador não está ali por acaso.",
    "hf.h.s18.strong": "Pegue a fita: ela conta como prova e para o fim secreto.",
    "hf.h.s22.soft": "O que ainda funciona costuma estar na segurança.",
    "hf.h.s22.strong": "Pegue o cartão de acesso: ele desbloqueia arquivos, vigilância e centro cirúrgico.",
    "hf.h.s28.soft": "Se você provar que o corredor se move, pode quebrar o ciclo.",
    "hf.h.s28.strong": "Inicie a gravação: sem prova, algumas saídas vão te mandar de volta ao bloco.",
    "hf.h.s37.soft": "O dossiê tem mais a ver com você do que imagina.",
    "hf.h.s37.strong": "Leve o dossiê: é a prova mais forte e uma chave para a verdade completa.",
    "hf.h.s47.soft": "Você pode terminar rápido… ou ir mais longe.",
    "hf.h.s47.strong": "Fim secreto = pulseira + cartão + fita + gravação + dossiê."
  }
}
