{
  "meta": {
    "scenario_id": "hopital_ferme",
    "language": "fr",
    "version": "1.0.0",
    "hint_ns": "hf.h",
    "generated": "2026-02-10"
  },
  "strings": {
    "hf.title": "Hôpital Saint-Cendre — Dossier 0",
    "hf.tagline": "Les couloirs bougent. Les dossiers te connaissent. Et quelqu’un continue la garde.",

    "hf.s01.title": "La grille",
    "hf.s01.body": "La grille est fermée, mais la chaîne pend, comme coupée récemment. Derrière, l’hôpital avale la nuit. Un néon clignote une seconde sur deux.",
    "hf.s01.c1": "Passer la grille quand même",
    "hf.s01.c2": "Lire le panneau d’interdiction",
    "hf.s01.c3": "Appeler quelqu’un",

    "hf.s02.title": "La chaîne coupée",
    "hf.s02.body": "La chaîne au sol est tiède. Pas de rouille fraîche, pas de poussière dessus. Comme si elle venait d’être posée là.",
    "hf.s02.c1": "Avancer vers les portes",
    "hf.s02.c2": "Revenir au panneau",
    "hf.s02.c3": "Rester immobile et écouter",

    "hf.s03.title": "Le panneau récent",
    "hf.s03.body": "Sous le vieux « FERMÉ », un papier neuf : « PATIENT ATTENDU — ADMISSION AUTOMATIQUE ». Ton nom est tapé en bas. Sans prénom.",
    "hf.s03.c1": "Prendre une photo du papier",
    "hf.s03.c2": "Chercher une autre entrée",
    "hf.s03.c3": "Reculer… puis revenir",

    "hf.s04.title": "Pas de réseau",
    "hf.s04.body": "Ton téléphone affiche zéro barre. Puis l’écran s’allume seul : « Service de garde : présent ». Tu lèves les yeux. Une fenêtre vient de s’éteindre au deuxième.",
    "hf.s04.c1": "Retourner à la grille",
    "hf.s04.c2": "Entrer dans le hall",
    "hf.s04.c3": "Fixer la fenêtre jusqu’à comprendre",

    "hf.s05.title": "Le hall",
    "hf.s05.body": "L’air sent le chlore chaud. Le carrelage est humide au centre, comme si quelqu’un venait de passer la serpillière. Tout est trop propre pour un lieu fermé.",
    "hf.s05.c1": "Aller au comptoir d’accueil",
    "hf.s05.c2": "Suivre le couloir principal",
    "hf.s05.c3": "Ressortir",

    "hf.s06.title": "Comptoir d’accueil",
    "hf.s06.body": "Une clochette, un registre ouvert, un badge papier imprimé… daté d’aujourd’hui. L’écran d’ordinateur affiche un curseur qui clignote : « DOSSIER : EN COURS ».",
    "hf.s06.c1": "Faire sonner la clochette",
    "hf.s06.c2": "Lire le registre d’admission",
    "hf.s06.c3": "Tenter l’ascenseur du fond",

    "hf.s07.title": "Couloir principal",
    "hf.s07.body": "Le couloir s’étire comme une ligne trop droite. Les portes sont toutes identiques. Au bout, un panneau : « CONSULTATIONS », et plus loin : « ESCALIER — NIVEAU -1 ».",
    "hf.s07.c1": "Aller vers les chambres",
    "hf.s07.c2": "Partir vers la radiologie",
    "hf.s07.c3": "Descendre par l’escalier",

    "hf.s08.title": "Interphone",
    "hf.s08.body": "La clochette tinte. Une seconde après, l’interphone grésille : « Vous êtes en retard. Présentez votre bracelet. » Tu n’as pas de bracelet.",
    "hf.s08.c1": "Demander où le récupérer",
    "hf.s08.c2": "Couper l’interphone",
    "hf.s08.c3": "Quitter le comptoir",

    "hf.s09.title": "Registre d’admission",
    "hf.s09.body": "Ton nom est déjà écrit, encre sèche. Chambre 14. Ligne suivante : « Bracelet à récupérer ». Une flèche au stylo pointe vers les chambres.",
    "hf.s09.c1": "Signer comme si c’était normal",
    "hf.s09.c2": "Aller à la chambre 14",
    "hf.s09.c3": "Ignorer et repartir au couloir",

    "hf.s10.title": "Badge « Patient »",
    "hf.s10.body": "Une imprimante crache un badge papier : « PATIENT — GARDE ». Il y a ta taille, ton poids… des chiffres justes. Trop justes.",
    "hf.s10.c1": "Accrocher le badge",
    "hf.s10.c2": "Le plier et le garder",
    "hf.s10.c3": "Le déchirer",

    "hf.s11.title": "Chambre 14",
    "hf.s11.body": "Le lit est défait, encore tiède côté oreiller. Sur la tablette : un bracelet patient. Le moniteur cardiaque est éteint, mais ses LEDs respirent lentement.",
    "hf.s11.c1": "Prendre le bracelet sur la tablette",
    "hf.s11.c2": "Appuyer sur le bouton d’appel",
    "hf.s11.c3": "Sortir tout de suite",

    "hf.s12.title": "Bracelet tiède",
    "hf.s12.body": "Le bracelet est à ton nom. Quand tu le touches, tu sens une impulsion, comme un pouls dans le plastique.",
    "hf.s12.c1": "Le mettre au poignet",
    "hf.s12.c2": "Le garder dans ta poche",
    "hf.s12.c3": "Le laisser là",

    "hf.s13.title": "L’ascenseur figé",
    "hf.s13.body": "Les portes d’ascenseur sont entrouvertes sur le noir. Le bouton « –1 » est griffé, comme quelqu’un a essayé de l’arracher. Une odeur métallique sort de la cabine.",
    "hf.s13.c1": "Tenter de forcer l’ouverture",
    "hf.s13.c2": "Appuyer sur « –1 »",
    "hf.s13.c3": "Revenir au comptoir",

    "hf.s14.title": "Radiologie",
    "hf.s14.body": "La machine est en veille. Un écran affiche un cliché déjà chargé, comme si on t’attendait. Le bourdonnement est trop régulier pour être un simple appareil.",
    "hf.s14.c1": "Regarder le cliché à l’écran",
    "hf.s14.c2": "Chercher une sortie vers « Consultations »",
    "hf.s14.c3": "Retourner au couloir principal",

    "hf.s15.title": "Cliché impossible",
    "hf.s15.body": "Le cliché montre un thorax… et, au centre, un rectangle sombre : l’emplacement exact d’un dossier cartonné. En bas, un tampon : « PATIENT 0 — ARCHIVES ».",
    "hf.s15.c1": "Noter « Archives » et reculer",
    "hf.s15.c2": "Aller chercher les archives",
    "hf.s15.c3": "Allumer la salle pour vérifier",

    "hf.s16.title": "La chapelle",
    "hf.s16.body": "Dans une niche, trois bougies brûlent encore, cire fraîche. Un carnet de prières est ouvert à une page vide, sauf une phrase : « GARDE = TOI ».",
    "hf.s16.c1": "Revenir à la radiologie",
    "hf.s16.c2": "Suivre le silence vers un bureau",
    "hf.s16.c3": "Retourner au couloir",

    "hf.s17.title": "Porte « Consultations »",
    "hf.s17.body": "Une porte blanche avec un scanner. Sur l’écran du scanner : « PRÉSENTER BRACELET ». Derrière la porte, on entend un chariot rouler lentement.",
    "hf.s17.c1": "Passer le bracelet sur le scanner",
    "hf.s17.c2": "Forcer la porte sans scanner",
    "hf.s17.c3": "Reculer vers les chambres",

    "hf.s18.title": "Bureau du médecin",
    "hf.s18.body": "Le bureau est rangé, trop. Un dictaphone est posé au centre, cassette dedans. Une note : « Ne pas laisser le patient sortir sans preuve. »",
    "hf.s18.c1": "Écouter le dictaphone et fouiller le bureau",
    "hf.s18.c2": "Prendre la cassette",
    "hf.s18.c3": "Fouiller les tiroirs",

    "hf.s19.title": "Couloir qui glisse",
    "hf.s19.body": "À peine la porte franchie, le couloir n’est plus le même. Une intersection apparaît là où il n’y avait qu’un mur. Les néons se décalent, comme des dents.",
    "hf.s19.c1": "Marquer le mur",
    "hf.s19.c2": "Suivre le bruit du chariot",
    "hf.s19.c3": "Chercher l’escalier",

    "hf.s20.title": "Cage d’escalier",
    "hf.s20.body": "Un panneau indique « Niveau -1 ». L’air qui monte d’en bas est humide et froid. On dirait que quelqu’un respire dans l’escalier.",
    "hf.s20.c1": "Descendre au niveau -1",
    "hf.s20.c2": "Remonter au couloir",
    "hf.s20.c3": "Revenir à l’ascenseur",

    "hf.s21.title": "Niveau -1",
    "hf.s21.body": "Des tuyaux ruissellent. Au bout, une porte « SÉCURITÉ ». Plus loin, une autre : « SURVEILLANCE ». La lumière semble venir du sol.",
    "hf.s21.c1": "Aller au poste de sécurité",
    "hf.s21.c2": "Tenter la porte « Surveillance »",
    "hf.s21.c3": "Revenir à l’escalier",

    "hf.s22.title": "Poste de sécurité",
    "hf.s22.body": "Les écrans sont noirs, mais le ventilateur tourne. Sur un crochet : des cartes d’accès. Au mur, un plan d’évacuation avec une sortie vers la cour.",
    "hf.s22.c1": "Prendre une carte d’accès",
    "hf.s22.c2": "Redémarrer un moniteur",
    "hf.s22.c3": "Fouiller l’armoire métallique",

    "hf.s23.title": "Plan d’évacuation",
    "hf.s23.body": "Le plan indique : « SORTIE COUR INTÉRIEURE ». Une annotation au marqueur : « Sans preuve, retour au bloc. » Tu sens que c’est écrit pour toi.",
    "hf.s23.c1": "Aller vers la cour intérieure",
    "hf.s23.c2": "Aller aux archives",
    "hf.s23.c3": "Retourner au poste de sécurité",

    "hf.s24.title": "Porte « Archives »",
    "hf.s24.body": "Une porte grise, lecteur de badge. L’étiquette est neuve : « PATIENT 0 ». Comme si l’hôpital ajoutait des panneaux pendant que tu marches.",
    "hf.s24.c1": "Badger et entrer",
    "hf.s24.c2": "Écouter derrière la porte",
    "hf.s24.c3": "Revenir au plan d’évacuation",

    "hf.s25.title": "Archives",
    "hf.s25.body": "Des étagères hautes. Des boîtes. Des dossiers. Et, sur une table, un classeur ouvert à une page blanche. La poussière est trouée par des traces de doigts récentes.",
    "hf.s25.c1": "Chercher « Patient 0 »",
    "hf.s25.c2": "Fouiller les rayonnages au hasard",
    "hf.s25.c3": "Chercher une autre issue",

    "hf.s26.title": "Dossiers qui respirent",
    "hf.s26.body": "Les dossiers sont gonflés, comme s’ils prenaient de l’air. Chaque fois que tu inspires, un classeur se soulève très légèrement.",
    "hf.s26.c1": "Tirer le dossier le plus « vivant »",
    "hf.s26.c2": "Partir vers la surveillance",
    "hf.s26.c3": "Revenir aux étagères",

    "hf.s27.title": "Ton nom tapé",
    "hf.s27.body": "Tu trouves enfin : « PATIENT 0 ». Sur l’étiquette : ton nom. En dessous, une date… demain. Le carton est froid, malgré l’air humide.",
    "hf.s27.c1": "Ouvrir le dossier",
    "hf.s27.c2": "Le laisser et reculer",
    "hf.s27.c3": "L’emporter vers toi et prendre la porte de gauche",

    "hf.s28.title": "Salle de surveillance",
    "hf.s28.body": "Les écrans montrent les couloirs. Sur l’un, tu te vois… mais avec une seconde de retard. Le décalage est parfait, comme un battement.",
    "hf.s28.c1": "Lancer un enregistrement",
    "hf.s28.c2": "Changer d’angle de caméra",
    "hf.s28.c3": "Retourner au plan d’évacuation",

    "hf.s29.title": "Retour en arrière",
    "hf.s29.body": "Tu as marqué le mur. Mais la marque n’est plus au bon endroit : elle est sur une porte. Et cette porte n’existait pas.",
    "hf.s29.c1": "Ouvrir cette porte",
    "hf.s29.c2": "Courir vers les archives",
    "hf.s29.c3": "Revenir vers la sécurité",

    "hf.s30.title": "Bloc opératoire",
    "hf.s30.body": "Le bloc est allumé. Les lampes chauffent doucement l’air. La table est prête, drapée, comme pour une intervention imminente. Mais il n’y a personne.",
    "hf.s30.c1": "Entrer et avancer",
    "hf.s30.c2": "Refermer et fuir",
    "hf.s30.c3": "Observer derrière la vitre",

    "hf.s31.title": "Plateau d’instruments",
    "hf.s31.body": "Les instruments sont alignés. Une paire de gants est posée sur le bord, encore brillante, comme fraîchement sortie de l’emballage.",
    "hf.s31.c1": "Toucher le métal",
    "hf.s31.c2": "Prendre les gants et reculer",
    "hf.s31.c3": "Reculer sans rien toucher",

    "hf.s32.title": "Salle de réveil",
    "hf.s32.body": "Tu te retrouves derrière un rideau. Un bip discret t’accompagne. Sur ton poignet, une trace de colle… comme un capteur arraché.",
    "hf.s32.c1": "Tirer le rideau et sortir",
    "hf.s32.c2": "Écouter le haut-parleur grésillant",
    "hf.s32.c3": "Te rendormir une seconde",

    "hf.s33.title": "Couloir des brancards",
    "hf.s33.body": "Des brancards sont alignés contre le mur. L’un d’eux bouge très légèrement, tout seul, comme si quelqu’un y posait un poids invisible.",
    "hf.s33.c1": "Suivre la flèche « Sortie »",
    "hf.s33.c2": "Retourner à la sécurité",
    "hf.s33.c3": "Chercher les vestiaires",

    "hf.s34.title": "Vestiaires",
    "hf.s34.body": "Des casiers. Des blouses. Et, dans un casier entrouvert, un badge au nom illisible. Tu entends un stylo écrire derrière une porte.",
    "hf.s34.c1": "Ouvrir le casier « Interne »",
    "hf.s34.c2": "Prendre une blouse et prendre la porte de droite",
    "hf.s34.c3": "Revenir au couloir des brancards",

    "hf.s35.title": "Salle des déchets",
    "hf.s35.body": "Sacs noirs. Odeur d’eau de Javel. Une porte métallique : « MORGUE ». Une trappe au sol mène peut-être aux archives.",
    "hf.s35.c1": "Aller vers la morgue",
    "hf.s35.c2": "Passer par la trappe",
    "hf.s35.c3": "Revenir aux brancards",

    "hf.s36.title": "Morgue",
    "hf.s36.body": "La lumière est trop blanche. Les tiroirs métalliques sont fermés… sauf un, à peine entrouvert. Un souffle froid s’en échappe.",
    "hf.s36.c1": "Ouvrir le tiroir entrouvert",
    "hf.s36.c2": "Reculer et refermer la porte",
    "hf.s36.c3": "Décrocher le téléphone mural",

    "hf.s37.title": "Dossier Patient 0",
    "hf.s37.body": "Dans le tiroir : un dossier cartonné. Pas de corps. Juste ton dossier, posé comme un paquet. Sur la première page : « ÉTAT : EN COURS ».",
    "hf.s37.c1": "Prendre le dossier avec toi",
    "hf.s37.c2": "Le laisser et reculer",
    "hf.s37.c3": "Chercher la salle « Validation »",

    "hf.s38.title": "La page qui s’écrit",
    "hf.s38.body": "Sous tes yeux, une ligne se tape seule : « Le patient lit ceci. Il croit être seul. » La phrase suivante commence… mais s’arrête quand tu retiens ton souffle.",
    "hf.s38.c1": "Refermer et courir vers la sortie",
    "hf.s38.c2": "Retourner aux archives",
    "hf.s38.c3": "Déchirer la page",

    "hf.s39.title": "La porte de sortie",
    "hf.s39.body": "Une porte « SORTIE » avec une barre anti-panique. De l’autre côté : l’air froid. Mais aussi… un très léger bruit de clavier.",
    "hf.s39.c1": "Pousser la barre et sortir",
    "hf.s39.c2": "Revenir aux brancards",
    "hf.s39.c3": "Écouter collé à la porte et sortir si silencieux",

    "hf.s40.title": "La cour intérieure",
    "hf.s40.body": "Tu es dehors, dans la cour. Les murs sont trop hauts. La sortie grillagée vers la rue est là… mais la serrure semble neuve, brillante.",
    "hf.s40.c1": "Courir vers la grille",
    "hf.s40.c2": "Te cacher derrière un muret",
    "hf.s40.c3": "Rentrer à l’intérieur",

    "hf.s41.title": "L’air dehors",
    "hf.s41.body": "Tu inspires. L’air est réel. Trop réel. Puis ton téléphone vibre : « Rappel : consultation en cours ». Tu n’as jamais pris de rendez-vous.",
    "hf.s41.c1": "Forcer la grille vers la rue",
    "hf.s41.c2": "Retourner dans la cour",
    "hf.s41.c3": "Regarder les fenêtres du deuxième étage",

    "hf.s42.title": "Le travailleur",
    "hf.s42.body": "Au fond du couloir visible par une porte vitrée, quelqu’un passe, en blouse. Tu ne vois pas son visage. Il pousse un chariot. Comme si la garde continuait.",
    "hf.s42.c1": "Le suivre discrètement",
    "hf.s42.c2": "L’interpeller",
    "hf.s42.c3": "Profiter de l’instant et filer",

    "hf.s43.title": "La « consultation »",
    "hf.s43.body": "La blouse se retourne. Toujours pas de visage, juste une zone floue. Une voix nette : « Le patient doit se présenter. » La table du bloc t’attend.",
    "hf.s43.c1": "Obéir et t’allonger",
    "hf.s43.c2": "Refuser et reculer",
    "hf.s43.c3": "Fuir vers la sortie",

    "hf.s44.title": "Mise en place",
    "hf.s44.body": "Tu sens des sangles. Le bip devient plus fort. Une phrase s’inscrit quelque part : « Sans preuve, retour au bloc. » Tu cherches ta respiration.",
    "hf.s44.c1": "Fermer les yeux",
    "hf.s44.c2": "Te débattre",
    "hf.s44.c3": "Montrer une preuve",

    "hf.s45.title": "Preuves",
    "hf.s45.body": "Tu tiens une preuve. Audio, vidéo ou dossier. Quelque chose qui dit : « Ce lieu ment. » Les écrans de sécurité grésillent comme s’ils n’aimaient pas ça.",
    "hf.s45.c1": "Partir tout de suite",
    "hf.s45.c2": "Chercher la salle « Validation »",
    "hf.s45.c3": "Détruire la preuve",

    "hf.s46.title": "Validation",
    "hf.s46.body": "Derrière une porte sans poignée, un bureau. Un ordinateur tape seul. À l’écran : « PATIENT 0 — STATUT : À ASSIGNER ». Un tampon « VALIDÉ » attend, encre fraîche.",
    "hf.s46.c1": "Accepter l’assignation",
    "hf.s46.c2": "Refuser et courir",
    "hf.s46.c3": "Tamponner toi-même « VALIDÉ »",

    "hf.s47.title": "Le choix final",
    "hf.s47.body": "La grille vers la rue est devant toi. Une dernière fois, tu entends le clavier. Comme si l’hôpital attendait que tu choisisses ta fin.",
    "hf.s47.c1": "Sortir avec tes preuves",
    "hf.s47.c2": "Revenir « terminer la consultation »",
    "hf.s47.c3": "Activer la vérité complète",

    "hf.s48.title": "Dernier couloir",
    "hf.s48.body": "Tu avances vers la grille. Le métal est froid. Tu sens, derrière toi, la porte de la cour se refermer lentement, sans bruit. L’air semble retenir sa phrase.",
    "hf.s48.c1": "Pousser la grille et ne pas regarder derrière",
    "hf.s48.c2": "Te retourner",
    "hf.s48.c3": "Revenir chercher « quelque chose »",

    "hf.end_good.title": "Fin — Sortie",
    "hf.end_good.body": "Tu passes la grille. L’aube te mord les poumons. Derrière, l’hôpital reste immobile… trop immobile. Dans ta main, ta preuve pèse comme un caillou chaud. Quand tu regardes ta photo ou ton enregistrement, l’horodatage n’existe pas.",

    "hf.end_bad.title": "Fin — Retour au bloc",
    "hf.end_bad.body": "La lumière du plafond te mange les yeux. Le bip devient une seule note. Quelqu’un écrit quelque part : « Patient présenté. Garde validée. » Et tu comprends qu’ici, la sortie n’a jamais été une porte.",

    "hf.end_secret.title": "Fin secrète — Assignation",
    "hf.end_secret.body": "Le tampon s’abat. « VALIDÉ ». L’écran affiche : « Personnel de garde : actif ». Le clavier cesse. La porte se ferme. Et, dans le silence, tu sens que le lieu respire enfin… parce que tu as pris le relais.",

    "hf.clue.has_bracelet.title": "Bracelet patient",
    "hf.clue.has_bracelet.desc": "Un bracelet tiède, comme si quelqu’un venait de te l’attacher.",

    "hf.clue.has_keycard.title": "Carte d’accès",
    "hf.clue.has_keycard.desc": "Une carte magnétique de personnel. Elle ouvre des portes qui ne devraient plus fonctionner.",

    "hf.clue.has_tape.title": "Cassette de garde",
    "hf.clue.has_tape.desc": "Une cassette de dictaphone : une voix note des horaires… et ton nom.",

    "hf.clue.has_recording.title": "Enregistrement CCTV",
    "hf.clue.has_recording.desc": "Une preuve vidéo : le couloir se déplace alors que la caméra ne bouge pas.",

    "hf.clue.has_dossier.title": "Dossier Patient 0",
    "hf.clue.has_dossier.desc": "Ton dossier. Il se complète à mesure que tu respires.",

    "hf.h.s12.soft": "Tu as quelque chose de « reconnu » par l’hôpital maintenant.",
    "hf.h.s12.strong": "Le bracelet ouvre ou altère des portes et rend possible la voie secrète.",

    "hf.h.s18.soft": "Le dictaphone n’est pas là par hasard.",
    "hf.h.s18.strong": "Prends la cassette : elle compte comme preuve et pour la fin secrète.",

    "hf.h.s22.soft": "Tout ce qui fonctionne encore se trouve souvent en sécurité.",
    "hf.h.s22.strong": "Prends la carte d’accès : elle débloque archives, surveillance et bloc.",

    "hf.h.s28.soft": "Si tu peux prouver que le couloir bouge, tu peux casser la boucle.",
    "hf.h.s28.strong": "Lance l’enregistrement : sans preuve, certaines issues te renverront au bloc.",

    "hf.h.s37.soft": "Le dossier te concerne plus que tu ne le crois.",
    "hf.h.s37.strong": "Prends le dossier : c’est la preuve la plus forte, et une clé pour la vérité complète.",

    "hf.h.s47.soft": "Tu peux finir vite… ou aller plus loin.",
    "hf.h.s47.strong": "Fin secrète = bracelet + carte + cassette + enregistrement + dossier."
  }
}