﻿{
  "meta": {
    "scenario_id": "hopital_ferme",
    "language": "id",
    "version": "1.0.0",
    "hint_ns": "hf.h",
    "generated": "2026-02-10"
  },
  "strings": {
    "hf.title": "Rumah Sakit Saint-Cendre — Berkas 0",
    "hf.tagline": "Koridor bergerak. Berkas-berkas mengenalmu. Dan seseorang masih menjalankan jaga.",
    "hf.s01.title": "Gerbang",
    "hf.s01.body": "Gerbang terkunci, tapi rantainya menjuntai—seperti baru saja dipotong. Di baliknya, rumah sakit menelan malam. Neon berkedip: satu detik hidup, satu detik mati.",
    "hf.s01.c1": "Tetap melewati gerbang",
    "hf.s01.c2": "Membaca papan larangan",
    "hf.s01.c3": "Menelepon seseorang (tanpa sinyal)",
    "hf.s02.title": "Rantai terpotong",
    "hf.s02.body": "Rantai di lantai terasa hangat. Tidak ada karat baru, tidak ada debu di atasnya. Seolah baru saja diletakkan di sana.",
    "hf.s02.c1": "Maju ke arah pintu",
    "hf.s02.c2": "Kembali ke papan",
    "hf.s02.c3": "Diam dan dengarkan",
    "hf.s03.title": "Papan yang baru",
    "hf.s03.body": "Di bawah tulisan lama «TUTUP», ada kertas baru: «PASIEN DITUNGGU — ADMISI OTOMATIS». Namamu diketik di bawah. Tanpa nama depan.",
    "hf.s03.c1": "Memotret kertas itu",
    "hf.s03.c2": "Mencari pintu masuk lain",
    "hf.s03.c3": "Mundur… lalu kembali (kamu tidak bisa)",
    "hf.s04.title": "Tanpa sinyal",
    "hf.s04.body": "Ponselmu menunjukkan nol bar. Lalu layar menyala sendiri: «Petugas jaga: hadir». Kamu menatap ke atas. Sebuah jendela baru saja padam di lantai dua.",
    "hf.s04.c1": "Kembali ke gerbang",
    "hf.s04.c2": "Masuk ke lobi",
    "hf.s04.c3": "Menatap jendela sampai paham",
    "hf.s05.title": "Lobi",
    "hf.s05.body": "Udara berbau klorin hangat. Lantai keramik lembap di bagian tengah, seperti baru saja dipel. Semuanya terlalu bersih untuk tempat yang ditutup.",
    "hf.s05.c1": "Pergi ke meja resepsionis",
    "hf.s05.c2": "Mengikuti koridor utama",
    "hf.s05.c3": "Keluar (malam terasa lebih tebal)",
    "hf.s06.title": "Meja resepsionis",
    "hf.s06.body": "Bel kecil, buku registrasi terbuka, lencana kertas tercetak… bertanggal hari ini. Layar komputer menampilkan kursor berkedip: «BERKAS: SEDANG DIPROSES».",
    "hf.s06.c1": "Membunyikan bel",
    "hf.s06.c2": "Membaca buku admisi",
    "hf.s06.c3": "Mencoba lift di ujung",
    "hf.s07.title": "Koridor utama",
    "hf.s07.body": "Koridor memanjang seperti garis yang terlalu lurus. Semua pintu sama. Di ujung, papan: «KONSULTASI», dan lebih jauh: «TANGGA — LANTAI -1».",
    "hf.s07.c1": "Menuju kamar-kamar",
    "hf.s07.c2": "Pergi ke radiologi",
    "hf.s07.c3": "Turun lewat tangga",
    "hf.s08.title": "Interkom",
    "hf.s08.body": "Bel berdenting. Sedetik kemudian, interkom berdesis: «Anda terlambat. Tunjukkan gelang Anda.» Kamu tidak punya gelang.",
    "hf.s08.c1": "Bertanya di mana mengambilnya",
    "hf.s08.c2": "Mematikan interkom",
    "hf.s08.c3": "Meninggalkan meja",
    "hf.s09.title": "Buku admisi",
    "hf.s09.body": "Namamu sudah tertulis, tinta kering. Kamar 14. Baris berikut: «Gelang untuk diambil». Sebuah panah pena menunjuk ke arah kamar.",
    "hf.s09.c1": "Menandatangani seolah wajar",
    "hf.s09.c2": "Pergi ke kamar 14",
    "hf.s09.c3": "Mengabaikan dan kembali ke koridor",
    "hf.s10.title": "Lencana «Pasien»",
    "hf.s10.body": "Printer memuntahkan lencana kertas: «PASIEN — JAGA». Ada tinggi badanmu, berat badanmu… angka yang tepat. Terlalu tepat.",
    "hf.s10.c1": "Memakai lencana (ide buruk)",
    "hf.s10.c2": "Melipat dan menyimpannya",
    "hf.s10.c3": "Merobeknya",
    "hf.s11.title": "Kamar 14",
    "hf.s11.body": "Ranjang berantakan, sisi bantal masih hangat. Di meja samping: gelang pasien. Monitor jantung mati, tapi LED-nya bernapas pelan.",
    "hf.s11.c1": "Mengambil gelang di meja",
    "hf.s11.c2": "Menekan tombol panggil",
    "hf.s11.c3": "Keluar sekarang juga",
    "hf.s12.title": "Gelang hangat",
    "hf.s12.body": "Gelang itu atas namamu. Saat kamu menyentuhnya, ada impuls—seperti denyut di dalam plastik.",
    "hf.s12.c1": "Memakainya di pergelangan",
    "hf.s12.c2": "Menyimpannya di saku",
    "hf.s12.c3": "Membiarkannya (untuk sementara)",
    "hf.s13.title": "Lift membeku",
    "hf.s13.body": "Pintu lift setengah terbuka ke kegelapan. Tombol «–1» tergores, seperti pernah dicabut paksa. Bau logam keluar dari kabin.",
    "hf.s13.c1": "Memaksa pintu terbuka",
    "hf.s13.c2": "Menekan «–1»",
    "hf.s13.c3": "Kembali ke meja",
    "hf.s14.title": "Radiologi",
    "hf.s14.body": "Mesin dalam mode siaga. Layar menampilkan satu citra yang sudah dimuat, seperti menunggumu. Dengungnya terlalu teratur untuk sekadar alat.",
    "hf.s14.c1": "Melihat citra di layar",
    "hf.s14.c2": "Mencari jalan ke «Konsultasi»",
    "hf.s14.c3": "Kembali ke koridor utama",
    "hf.s15.title": "Citra mustahil",
    "hf.s15.body": "Citra menunjukkan dada… dan di tengah, sebuah persegi panjang gelap: posisi tepat sebuah map karton. Di bawah, stempel: «PASIEN 0 — ARSIP».",
    "hf.s15.c1": "Mencatat «Arsip» lalu mundur",
    "hf.s15.c2": "Pergi mencari arsip",
    "hf.s15.c3": "Menyalakan lampu untuk memastikan (lampu bergetar)",
    "hf.s16.title": "Kapel",
    "hf.s16.body": "Di ceruk, tiga lilin masih menyala, lelehan baru. Buku doa terbuka pada halaman kosong, kecuali satu kalimat: «JAGA = KAMU».",
    "hf.s16.c1": "Kembali ke radiologi",
    "hf.s16.c2": "Mengikuti sunyi ke sebuah ruang dokter",
    "hf.s16.c3": "Kembali ke koridor",
    "hf.s17.title": "Pintu «Konsultasi»",
    "hf.s17.body": "Pintu putih dengan pemindai. Di layar pemindai: «TUNJUKKAN GELANG». Di balik pintu, terdengar troli bergerak pelan.",
    "hf.s17.c1": "Menempelkan gelang ke pemindai",
    "hf.s17.c2": "Memaksa pintu tanpa pemindai",
    "hf.s17.c3": "Mundur ke kamar-kamar",
    "hf.s18.title": "Ruang dokter",
    "hf.s18.body": "Ruang itu rapi, terlalu rapi. Perekam suara di tengah, kaset terpasang. Catatan: «Jangan biarkan pasien keluar tanpa bukti.»",
    "hf.s18.c1": "Mendengarkan perekam",
    "hf.s18.c2": "Mengambil kaset",
    "hf.s18.c3": "Menggeledah laci",
    "hf.s19.title": "Koridor yang bergeser",
    "hf.s19.body": "Begitu melewati pintu, koridor bukan lagi yang sama. Persimpangan muncul di tempat yang tadinya dinding. Neon bergeser seperti gigi.",
    "hf.s19.c1": "Menandai dinding (agar tidak tersesat)",
    "hf.s19.c2": "Mengikuti suara troli",
    "hf.s19.c3": "Mencari tangga",
    "hf.s20.title": "Tangga",
    "hf.s20.body": "Papan bertuliskan «Lantai -1». Udara yang naik dari bawah lembap dan dingin. Rasanya ada yang bernapas di tangga.",
    "hf.s20.c1": "Turun ke lantai -1",
    "hf.s20.c2": "Naik kembali ke koridor",
    "hf.s20.c3": "Kembali ke lift",
    "hf.s21.title": "Lantai -1",
    "hf.s21.body": "Pipa menetes. Di ujung, pintu «KEAMANAN». Lebih jauh, satu lagi: «PENGAWASAN». Cahaya terasa datang dari lantai.",
    "hf.s21.c1": "Pergi ke pos keamanan",
    "hf.s21.c2": "Mencoba pintu «Pengawasan»",
    "hf.s21.c3": "Kembali ke tangga",
    "hf.s22.title": "Pos keamanan",
    "hf.s22.body": "Layar-layar hitam, tapi kipas berputar. Di kait: kartu akses. Di dinding: peta evakuasi dengan jalan keluar ke halaman dalam.",
    "hf.s22.c1": "Mengambil kartu akses",
    "hf.s22.c2": "Menyalakan kembali satu monitor",
    "hf.s22.c3": "Menggeledah lemari besi",
    "hf.s23.title": "Peta evakuasi",
    "hf.s23.body": "Peta menunjukkan: «KELUAR — HALAMAN DALAM». Catatan spidol: «Tanpa bukti, kembali ke ruang operasi.» Kamu merasa itu ditulis untukmu.",
    "hf.s23.c1": "Menuju halaman dalam",
    "hf.s23.c2": "Pergi ke arsip (pintu pakai kartu)",
    "hf.s23.c3": "Kembali ke pos keamanan",
    "hf.s24.title": "Pintu «Arsip»",
    "hf.s24.body": "Pintu abu-abu, pembaca kartu. Labelnya baru: «PASIEN 0». Seolah rumah sakit menambah papan saat kamu berjalan.",
    "hf.s24.c1": "Menempelkan kartu dan masuk",
    "hf.s24.c2": "Mendengarkan dari balik pintu",
    "hf.s24.c3": "Kembali ke peta evakuasi",
    "hf.s25.title": "Arsip",
    "hf.s25.body": "Rak tinggi. Kotak. Berkas. Dan, di meja, binder terbuka pada halaman kosong. Debu terputus oleh jejak jari yang masih baru.",
    "hf.s25.c1": "Mencari «Pasien 0»",
    "hf.s25.c2": "Membongkar rak sembarang",
    "hf.s25.c3": "Mencari jalan keluar lain",
    "hf.s26.title": "Berkas yang bernapas",
    "hf.s26.body": "Berkas-berkas mengembung, seperti menarik napas. Setiap kali kamu menarik napas, sebuah binder terangkat sangat sedikit.",
    "hf.s26.c1": "Menarik berkas yang paling «hidup»",
    "hf.s26.c2": "Pergi ke pengawasan",
    "hf.s26.c3": "Kembali ke rak",
    "hf.s27.title": "Namamu diketik",
    "hf.s27.body": "Akhirnya kamu menemukan: «PASIEN 0». Pada label: namamu. Di bawahnya, tanggal… besok. Kartonnya dingin, meski udara lembap.",
    "hf.s27.c1": "Membuka berkas",
    "hf.s27.c2": "Membiarkannya dan mundur",
    "hf.s27.c3": "Membawanya (kamu gemetar)",
    "hf.s28.title": "Ruang pengawasan",
    "hf.s28.body": "Layar menampilkan koridor. Di satu layar, kamu melihat dirimu… terlambat satu detik. Selisihnya sempurna, seperti detak.",
    "hf.s28.c1": "Memulai perekaman",
    "hf.s28.c2": "Mengganti sudut kamera",
    "hf.s28.c3": "Kembali ke peta evakuasi",
    "hf.s29.title": "Mundur",
    "hf.s29.body": "Kamu menandai dinding. Tapi tandanya tidak lagi di tempat yang benar: kini ada di sebuah pintu. Dan pintu itu tidak ada sebelumnya.",
    "hf.s29.c1": "Membuka pintu itu",
    "hf.s29.c2": "Berlari ke arsip",
    "hf.s29.c3": "Kembali ke keamanan",
    "hf.s30.title": "Ruang operasi",
    "hf.s30.body": "Ruang operasi menyala. Lampu menghangatkan udara perlahan. Meja operasi siap, tertutup kain, seperti tindakan akan segera dimulai. Tapi tidak ada siapa-siapa.",
    "hf.s30.c1": "Masuk dan mendekat",
    "hf.s30.c2": "Menutup dan lari",
    "hf.s30.c3": "Mengamati dari balik kaca",
    "hf.s31.title": "Nampan instrumen",
    "hf.s31.body": "Instrumen berjajar rapi. Sepasang sarung tangan ada di tepi, masih mengilap, seperti baru keluar dari bungkus.",
    "hf.s31.c1": "Menyentuh logam (lengket)",
    "hf.s31.c2": "Mengambil sarung tangan lalu mundur",
    "hf.s31.c3": "Mundur tanpa menyentuh apa pun",
    "hf.s32.title": "Ruang pemulihan",
    "hf.s32.body": "Kamu berada di balik tirai. Bunyi bip kecil menemanimu. Di pergelanganmu, bekas lem… seperti sensor yang dicabut.",
    "hf.s32.c1": "Menarik tirai dan keluar",
    "hf.s32.c2": "Mendengarkan pengeras suara berdesis",
    "hf.s32.c3": "Tertidur satu detik",
    "hf.s33.title": "Koridor tandu",
    "hf.s33.body": "Tandu-tandu berjajar di dinding. Salah satunya bergerak sangat pelan, sendiri, seperti ada beban tak terlihat diletakkan di atasnya.",
    "hf.s33.c1": "Mengikuti panah «Keluar»",
    "hf.s33.c2": "Kembali ke keamanan",
    "hf.s33.c3": "Mencari ruang ganti",
    "hf.s34.title": "Ruang ganti",
    "hf.s34.body": "Loker. Jas medis. Dan, pada loker yang sedikit terbuka, lencana dengan nama tak terbaca. Kamu mendengar pena menulis di balik pintu.",
    "hf.s34.c1": "Membuka loker «Residen»",
    "hf.s34.c2": "Mengambil jas medis lalu keluar",
    "hf.s34.c3": "Kembali ke koridor tandu",
    "hf.s35.title": "Ruang limbah",
    "hf.s35.body": "Kantong hitam. Bau pemutih. Pintu logam: «KAMAR JENAZAH». Sebuah pintu jebakan di lantai mungkin menuju arsip.",
    "hf.s35.c1": "Pergi ke kamar jenazah",
    "hf.s35.c2": "Lewat pintu jebakan (kembali arsip)",
    "hf.s35.c3": "Kembali ke tandu",
    "hf.s36.title": "Kamar jenazah",
    "hf.s36.body": "Cahayanya terlalu putih. Laci-laci logam tertutup… kecuali satu, sedikit terbuka. Hembusan dingin keluar dari sana.",
    "hf.s36.c1": "Membuka laci yang terbuka",
    "hf.s36.c2": "Mundur dan menutup pintu",
    "hf.s36.c3": "Mengangkat telepon dinding (berdering)",
    "hf.s37.title": "Berkas Pasien 0",
    "hf.s37.body": "Di dalam laci: map karton. Tidak ada tubuh. Hanya berkasmu, diletakkan seperti paket. Di halaman pertama: «STATUS: SEDANG BERJALAN».",
    "hf.s37.c1": "Membawa berkas itu",
    "hf.s37.c2": "Meninggalkannya dan mundur",
    "hf.s37.c3": "Mencari ruang «Validasi»",
    "hf.s38.title": "Halaman yang menulis sendiri",
    "hf.s38.body": "Di depan matamu, satu baris mengetik sendiri: «Pasien membaca ini. Ia percaya ia sendirian.» Kalimat berikutnya mulai… lalu berhenti ketika kamu menahan napas.",
    "hf.s38.c1": "Menutup dan berlari ke keluar",
    "hf.s38.c2": "Kembali ke arsip",
    "hf.s38.c3": "Merobek halaman",
    "hf.s39.title": "Pintu keluar",
    "hf.s39.body": "Pintu bertuliskan «KELUAR» dengan palang antipanik. Di baliknya: udara dingin. Tapi juga… suara keyboard yang sangat pelan.",
    "hf.s39.c1": "Mendorong palang dan keluar",
    "hf.s39.c2": "Kembali ke tandu",
    "hf.s39.c3": "Mendengarkan menempel di pintu",
    "hf.s40.title": "Halaman dalam",
    "hf.s40.body": "Kamu di luar, di halaman dalam. Dindingnya terlalu tinggi. Pagar menuju jalan ada… tapi kuncinya tampak baru, berkilau.",
    "hf.s40.c1": "Berlari ke pagar",
    "hf.s40.c2": "Bersembunyi di balik tembok rendah",
    "hf.s40.c3": "Masuk kembali",
    "hf.s41.title": "Udara luar",
    "hf.s41.body": "Kamu menarik napas. Udara itu nyata. Terlalu nyata. Lalu ponselmu bergetar: «Pengingat: konsultasi sedang berjalan». Kamu tak pernah membuat janji.",
    "hf.s41.c1": "Memaksa pagar ke jalan",
    "hf.s41.c2": "Kembali ke halaman",
    "hf.s41.c3": "Menatap jendela lantai dua",
    "hf.s42.title": "Petugas",
    "hf.s42.body": "Di ujung koridor yang terlihat lewat pintu kaca, seseorang lewat memakai jas medis. Wajahnya tak terlihat. Ia mendorong troli. Seolah jaga masih berlangsung.",
    "hf.s42.c1": "Mengikutinya diam-diam",
    "hf.s42.c2": "Memanggilnya",
    "hf.s42.c3": "Memanfaatkan momen dan kabur",
    "hf.s43.title": "«Konsultasi»",
    "hf.s43.body": "Jas medis itu berbalik. Tetap tanpa wajah, hanya area kabur. Suara tegas: «Pasien harus hadir.» Meja ruang operasi menunggumu.",
    "hf.s43.c1": "Menurut dan berbaring",
    "hf.s43.c2": "Menolak dan mundur",
    "hf.s43.c3": "Kabur ke pintu keluar",
    "hf.s44.title": "Persiapan",
    "hf.s44.body": "Kamu merasakan tali pengikat. Bunyi bip makin keras. Sebuah kalimat muncul entah di mana: «Tanpa bukti, kembali ke ruang operasi.» Kamu mencari napasmu.",
    "hf.s44.c1": "Menutup mata",
    "hf.s44.c2": "Meronta (sia-sia)",
    "hf.s44.c3": "Menunjukkan bukti (jika ada)",
    "hf.s45.title": "Bukti",
    "hf.s45.body": "Kamu memegang bukti. Audio, video, atau berkas. Sesuatu yang berkata: «Tempat ini bohong.» Layar keamanan berdesis seolah membencinya.",
    "hf.s45.c1": "Pergi sekarang juga",
    "hf.s45.c2": "Mencari ruang «Validasi»",
    "hf.s45.c3": "Menghancurkan bukti (dan lupa)",
    "hf.s46.title": "Validasi",
    "hf.s46.body": "Di balik pintu tanpa gagang, sebuah kantor. Komputer mengetik sendiri. Di layar: «PASIEN 0 — STATUS: UNTUK DITETAPKAN». Stempel «TERVALIDASI» menunggu, tintanya masih segar.",
    "hf.s46.c1": "Menerima penetapan",
    "hf.s46.c2": "Menolak dan berlari",
    "hf.s46.c3": "Mengecap sendiri «TERVALIDASI»",
    "hf.s47.title": "Pilihan terakhir",
    "hf.s47.body": "Pagar menuju jalan ada di depanmu. Sekali lagi, kamu mendengar keyboard. Seolah rumah sakit menunggu kamu memilih akhir.",
    "hf.s47.c1": "Keluar dengan bukti",
    "hf.s47.c2": "Kembali untuk «menyelesaikan konsultasi»",
    "hf.s47.c3": "Mengaktifkan kebenaran penuh",
    "hf.s48.title": "Koridor terakhir",
    "hf.s48.body": "Kamu menuju pagar. Logamnya dingin. Di belakangmu, pintu halaman menutup perlahan, tanpa suara. Udara seolah menahan kalimatnya.",
    "hf.s48.c1": "Mendorong pagar dan jangan menoleh",
    "hf.s48.c2": "Menoleh (hanya satu detik)",
    "hf.s48.c3": "Kembali untuk mengambil «sesuatu»",
    "hf.end_good.title": "Akhir — Keluar (dengan bukti)",
    "hf.end_good.body": "Kamu melewati pagar. Fajar menggigit paru-parumu. Di belakang, rumah sakit diam… terlalu diam. Di tanganmu, bukti terasa berat seperti batu panas. Saat kamu melihat foto/rekamanmu, cap waktu itu tidak ada.",
    "hf.end_bad.title": "Akhir — Kembali ke ruang operasi",
    "hf.end_bad.body": "Cahaya plafon memakan matamu. Bip menjadi satu nada. Seseorang menulis entah di mana: «Pasien hadir. Jaga tervalidasi.» Dan kamu paham: di sini, keluar tidak pernah berupa pintu.",
    "hf.end_secret.title": "Akhir rahasia — Penetapan",
    "hf.end_secret.body": "Stempel menghantam. «TERVALIDASI». Layar menampilkan: «Petugas jaga: aktif». Keyboard berhenti. Pintu menutup. Dan, dalam hening, kamu merasakan tempat itu akhirnya bernapas… karena kamu mengambil alih.",
    "hf.clue.has_bracelet.title": "Gelang pasien",
    "hf.clue.has_bracelet.desc": "Gelang hangat, seperti baru saja dipasang padamu.",
    "hf.clue.has_keycard.title": "Kartu akses",
    "hf.clue.has_keycard.desc": "Kartu magnetik staf. Membuka pintu yang seharusnya sudah mati.",
    "hf.clue.has_tape.title": "Kaset jaga",
    "hf.clue.has_tape.desc": "Kaset perekam: sebuah suara mencatat jam… dan namamu.",
    "hf.clue.has_recording.title": "Rekaman CCTV",
    "hf.clue.has_recording.desc": "Bukti video: koridor berpindah sementara kamera tidak bergerak.",
    "hf.clue.has_dossier.title": "Berkas Pasien 0",
    "hf.clue.has_dossier.desc": "Berkasmu. Ia terisi seiring kamu bernapas.",
    "hf.h.s12.soft": "Sekarang kamu punya sesuatu yang «diakui» rumah sakit.",
    "hf.h.s12.strong": "Gelang membuka/mengubah pintu dan memungkinkan jalur rahasia.",
    "hf.h.s18.soft": "Perekam itu tidak ada di sana tanpa alasan.",
    "hf.h.s18.strong": "Ambil kasetnya: itu dihitung sebagai bukti dan untuk akhir rahasia.",
    "hf.h.s22.soft": "Yang masih berfungsi biasanya ada di keamanan.",
    "hf.h.s22.strong": "Ambil kartu akses: membuka arsip, pengawasan, dan ruang operasi.",
    "hf.h.s28.soft": "Jika kamu bisa membuktikan koridor bergerak, kamu bisa memutus lingkarannya.",
    "hf.h.s28.strong": "Mulai perekaman: tanpa bukti, beberapa jalan keluar akan mengembalikanmu ke ruang operasi.",
    "hf.h.s37.soft": "Berkas itu tentangmu lebih dari yang kamu kira.",
    "hf.h.s37.strong": "Bawa berkasnya: itu bukti terkuat, dan kunci untuk kebenaran penuh.",
    "hf.h.s47.soft": "Kamu bisa mengakhiri cepat… atau melangkah lebih jauh.",
    "hf.h.s47.strong": "Akhir rahasia = gelang + kartu + kaset + rekaman + berkas."
  }
}
