﻿{
  "meta": {
    "scenario_id": "hopital_ferme",
    "language": "es",
    "version": "1.0.0",
    "hint_ns": "hf.h",
    "generated": "2026-02-10"
  },
  "strings": {
    "hf.title": "Hospital Saint-Cendre — Expediente 0",
    "hf.tagline": "Los pasillos se mueven. Los expedientes te conocen. Y alguien sigue de guardia.",
    "hf.s01.title": "La reja",
    "hf.s01.body": "La reja está cerrada, pero la cadena cuelga, como si la hubieran cortado hace poco. Detrás, el hospital se traga la noche. Un neón parpadea una vez sí, una vez no.",
    "hf.s01.c1": "Pasar la reja igualmente",
    "hf.s01.c2": "Leer el cartel de prohibición",
    "hf.s01.c3": "Llamar a alguien (sin cobertura)",
    "hf.s02.title": "La cadena cortada",
    "hf.s02.body": "La cadena en el suelo está tibia. Sin óxido reciente, sin polvo encima. Como si la acabaran de dejar ahí.",
    "hf.s02.c1": "Avanzar hacia las puertas",
    "hf.s02.c2": "Volver al cartel",
    "hf.s02.c3": "Quedarte inmóvil y escuchar",
    "hf.s03.title": "El cartel reciente",
    "hf.s03.body": "Bajo el viejo «CERRADO», un papel nuevo: «PACIENTE ESPERADO — ADMISIÓN AUTOMÁTICA». Abajo está tu apellido. Sin nombre.",
    "hf.s03.c1": "Hacer una foto del papel",
    "hf.s03.c2": "Buscar otra entrada",
    "hf.s03.c3": "Retroceder… y volver (no puedes)",
    "hf.s04.title": "Sin red",
    "hf.s04.body": "Tu móvil marca cero barras. Luego la pantalla se enciende sola: «Servicio de guardia: presente». Levantas la vista. Una ventana del segundo piso acaba de apagarse.",
    "hf.s04.c1": "Volver a la reja",
    "hf.s04.c2": "Entrar al vestíbulo",
    "hf.s04.c3": "Fijarte en la ventana hasta entender",
    "hf.s05.title": "El vestíbulo",
    "hf.s05.body": "El aire huele a cloro caliente. El suelo está húmedo en el centro, como si alguien acabara de pasar la fregona. Todo está demasiado limpio para un lugar cerrado.",
    "hf.s05.c1": "Ir al mostrador de admisión",
    "hf.s05.c2": "Seguir el pasillo principal",
    "hf.s05.c3": "Salir (la noche parece más espesa)",
    "hf.s06.title": "Mostrador de admisión",
    "hf.s06.body": "Una campanilla, un registro abierto, una tarjeta de papel impresa… fechada hoy. En la pantalla del ordenador parpadea un cursor: «EXPEDIENTE: EN CURSO».",
    "hf.s06.c1": "Hacer sonar la campanilla",
    "hf.s06.c2": "Leer el registro de admisiones",
    "hf.s06.c3": "Probar el ascensor del fondo",
    "hf.s07.title": "Pasillo principal",
    "hf.s07.body": "El pasillo se estira como una línea demasiado recta. Todas las puertas son idénticas. Al final, un cartel: «CONSULTAS», y más allá: «ESCALERA — NIVEL -1».",
    "hf.s07.c1": "Ir hacia las habitaciones",
    "hf.s07.c2": "Ir hacia radiología",
    "hf.s07.c3": "Bajar por la escalera",
    "hf.s08.title": "Interfono",
    "hf.s08.body": "La campanilla suena. Un segundo después, el interfono chisporrotea: «Llegas tarde. Presenta tu pulsera.» No tienes pulsera.",
    "hf.s08.c1": "Preguntar dónde conseguirla",
    "hf.s08.c2": "Cortar el interfono",
    "hf.s08.c3": "Dejar el mostrador",
    "hf.s09.title": "Registro de admisiones",
    "hf.s09.body": "Tu apellido ya está escrito, tinta seca. Habitación 14. Siguiente línea: «Pulsera por recoger». Una flecha a bolígrafo apunta hacia las habitaciones.",
    "hf.s09.c1": "Firmar como si fuera normal",
    "hf.s09.c2": "Ir a la habitación 14",
    "hf.s09.c3": "Ignorarlo y volver al pasillo",
    "hf.s10.title": "Tarjeta «Paciente»",
    "hf.s10.body": "Una impresora escupe una tarjeta de papel: «PACIENTE — GUARDIA». Pone tu altura, tu peso… cifras exactas. Demasiado exactas.",
    "hf.s10.c1": "Ponerte la tarjeta (mala idea)",
    "hf.s10.c2": "Doblarla y guardarla",
    "hf.s10.c3": "Romperla",
    "hf.s11.title": "Habitación 14",
    "hf.s11.body": "La cama está revuelta, aún tibia del lado de la almohada. En la mesilla: una pulsera de paciente. El monitor cardíaco está apagado, pero sus LEDs respiran lento.",
    "hf.s11.c1": "Coger la pulsera",
    "hf.s11.c2": "Pulsar el botón de llamada",
    "hf.s11.c3": "Salir enseguida",
    "hf.s12.title": "Pulsera tibia",
    "hf.s12.body": "La pulsera lleva tu nombre. Al tocarla, sientes un impulso, como un pulso dentro del plástico.",
    "hf.s12.c1": "Ponértela en la muñeca",
    "hf.s12.c2": "Guardarla en el bolsillo",
    "hf.s12.c3": "Dejarla ahí (por ahora)",
    "hf.s13.title": "El ascensor inmóvil",
    "hf.s13.body": "Las puertas del ascensor están entreabiertas hacia la oscuridad. El botón «-1» está arañado, como si alguien hubiera intentado arrancarlo. Un olor metálico sale de la cabina.",
    "hf.s13.c1": "Intentar forzar la apertura",
    "hf.s13.c2": "Pulsar «-1»",
    "hf.s13.c3": "Volver al mostrador",
    "hf.s14.title": "Radiología",
    "hf.s14.body": "La máquina está en espera. Una pantalla muestra una radiografía ya cargada, como si te estuvieran esperando. El zumbido es demasiado regular para ser solo un aparato.",
    "hf.s14.c1": "Mirar la imagen en pantalla",
    "hf.s14.c2": "Buscar una salida hacia «Consultas»",
    "hf.s14.c3": "Volver al pasillo principal",
    "hf.s15.title": "Imagen imposible",
    "hf.s15.body": "La imagen muestra un tórax… y, en el centro, un rectángulo oscuro: el hueco exacto de un expediente de cartón. Abajo, un sello: «PACIENTE 0 — ARCHIVO».",
    "hf.s15.c1": "Anotar «Archivo» y retroceder",
    "hf.s15.c2": "Ir a buscar el archivo",
    "hf.s15.c3": "Encender la sala para comprobar (la luz titila)",
    "hf.s16.title": "La capilla",
    "hf.s16.body": "En una hornacina, tres velas siguen encendidas, cera fresca. Un cuaderno de oraciones está abierto en una página en blanco, salvo una frase: «GUARDIA = TÚ».",
    "hf.s16.c1": "Volver a radiología",
    "hf.s16.c2": "Seguir el silencio hacia un despacho",
    "hf.s16.c3": "Volver al pasillo",
    "hf.s17.title": "Puerta «Consultas»",
    "hf.s17.body": "Una puerta blanca con un escáner. En la pantalla: «PRESENTE PULSERA». Detrás de la puerta se oye un carro rodar despacio.",
    "hf.s17.c1": "Pasar la pulsera por el escáner",
    "hf.s17.c2": "Forzar la puerta sin escáner",
    "hf.s17.c3": "Retroceder hacia las habitaciones",
    "hf.s18.title": "Despacho del médico",
    "hf.s18.body": "El despacho está ordenado, demasiado. En el centro hay una grabadora con una cinta dentro. Una nota: «No dejar salir al paciente sin prueba».",
    "hf.s18.c1": "Escuchar la grabadora",
    "hf.s18.c2": "Coger la cinta",
    "hf.s18.c3": "Rebuscar en los cajones",
    "hf.s19.title": "Pasillo que se desliza",
    "hf.s19.body": "En cuanto cruzas la puerta, el pasillo ya no es el mismo. Aparece un cruce donde antes había una pared. Los neones se desplazan, como dientes.",
    "hf.s19.c1": "Marcar la pared (para orientarte)",
    "hf.s19.c2": "Seguir el ruido del carro",
    "hf.s19.c3": "Buscar la escalera",
    "hf.s20.title": "Caja de escaleras",
    "hf.s20.body": "Un cartel indica «Nivel -1». El aire que sube desde abajo es húmedo y frío. Parece que alguien respira en la escalera.",
    "hf.s20.c1": "Bajar al nivel -1",
    "hf.s20.c2": "Subir al pasillo",
    "hf.s20.c3": "Volver al ascensor",
    "hf.s21.title": "Nivel -1",
    "hf.s21.body": "Tuberías que rezuman. Al fondo, una puerta «SEGURIDAD». Más allá, otra: «VIGILANCIA». La luz parece venir del suelo.",
    "hf.s21.c1": "Ir al puesto de seguridad",
    "hf.s21.c2": "Probar la puerta «Vigilancia»",
    "hf.s21.c3": "Volver a la escalera",
    "hf.s22.title": "Puesto de seguridad",
    "hf.s22.body": "Las pantallas están negras, pero el ventilador gira. En un gancho: tarjetas de acceso. En la pared, un plano de evacuación con salida al patio interior.",
    "hf.s22.c1": "Coger una tarjeta de acceso",
    "hf.s22.c2": "Reiniciar un monitor",
    "hf.s22.c3": "Rebuscar en el armario metálico",
    "hf.s23.title": "Plano de evacuación",
    "hf.s23.body": "El plano indica: «SALIDA PATIO INTERIOR». Una anotación con rotulador: «Sin prueba, vuelta al quirófano». Sientes que está escrito para ti.",
    "hf.s23.c1": "Ir al patio interior",
    "hf.s23.c2": "Ir al archivo (puerta con lector)",
    "hf.s23.c3": "Volver al puesto de seguridad",
    "hf.s24.title": "Puerta «Archivo»",
    "hf.s24.body": "Una puerta gris, lector de tarjeta. La etiqueta es nueva: «PACIENTE 0». Como si el hospital pusiera carteles mientras caminas.",
    "hf.s24.c1": "Pasar la tarjeta y entrar",
    "hf.s24.c2": "Escuchar tras la puerta",
    "hf.s24.c3": "Volver al plano de evacuación",
    "hf.s25.title": "Archivo",
    "hf.s25.body": "Estanterías altas. Cajas. Expedientes. Y, sobre una mesa, un archivador abierto en una página en blanco. El polvo está marcado por huellas recientes.",
    "hf.s25.c1": "Buscar «Paciente 0»",
    "hf.s25.c2": "Rebuscar al azar",
    "hf.s25.c3": "Buscar otra salida",
    "hf.s26.title": "Expedientes que respiran",
    "hf.s26.body": "Los expedientes están hinchados, como si tomaran aire. Cada vez que inspiras, un archivador se levanta apenas.",
    "hf.s26.c1": "Sacar el expediente más «vivo»",
    "hf.s26.c2": "Ir a vigilancia",
    "hf.s26.c3": "Volver a las estanterías",
    "hf.s27.title": "Tu apellido escrito a máquina",
    "hf.s27.body": "Por fin lo encuentras: «PACIENTE 0». En la etiqueta: tu apellido. Debajo, una fecha… mañana. El cartón está frío, pese al aire húmedo.",
    "hf.s27.c1": "Abrir el expediente",
    "hf.s27.c2": "Dejarlo y retroceder",
    "hf.s27.c3": "Acercarlo a ti (tiemblas)",
    "hf.s28.title": "Sala de vigilancia",
    "hf.s28.body": "Las pantallas muestran los pasillos. En una, te ves a ti… pero con un segundo de retraso. El desfase es perfecto, como un latido.",
    "hf.s28.c1": "Iniciar una grabación",
    "hf.s28.c2": "Cambiar el ángulo de la cámara",
    "hf.s28.c3": "Volver al plano de evacuación",
    "hf.s29.title": "Volver atrás",
    "hf.s29.body": "Marcaste la pared. Pero la marca ya no está en el sitio: está en una puerta. Y esa puerta no existía.",
    "hf.s29.c1": "Abrir esa puerta",
    "hf.s29.c2": "Correr al archivo",
    "hf.s29.c3": "Volver a seguridad",
    "hf.s30.title": "Quirófano",
    "hf.s30.body": "El quirófano está encendido. Las lámparas calientan el aire suavemente. La mesa está lista, cubierta, como para una intervención inminente. Pero no hay nadie.",
    "hf.s30.c1": "Entrar y avanzar",
    "hf.s30.c2": "Cerrar y huir",
    "hf.s30.c3": "Observar tras el cristal",
    "hf.s31.title": "Bandeja de instrumentos",
    "hf.s31.body": "Los instrumentos están alineados. Un par de guantes reposa en el borde, aún brillante, como recién sacado del envoltorio.",
    "hf.s31.c1": "Tocar el metal (se pega)",
    "hf.s31.c2": "Coger los guantes y retroceder",
    "hf.s31.c3": "Retroceder sin tocar nada",
    "hf.s32.title": "Sala de despertar",
    "hf.s32.body": "Te encuentras detrás de una cortina. Un bip discreto te acompaña. En tu muñeca hay pegamento… como un sensor arrancado.",
    "hf.s32.c1": "Correr la cortina y salir",
    "hf.s32.c2": "Escuchar el altavoz crepitante",
    "hf.s32.c3": "Dormirte un segundo",
    "hf.s33.title": "Pasillo de camillas",
    "hf.s33.body": "Hay camillas alineadas contra la pared. Una se mueve muy ligeramente sola, como si alguien dejara un peso invisible encima.",
    "hf.s33.c1": "Seguir la flecha «Salida»",
    "hf.s33.c2": "Volver a seguridad",
    "hf.s33.c3": "Buscar los vestuarios",
    "hf.s34.title": "Vestuarios",
    "hf.s34.body": "Taquillas. Batas. Y, en una taquilla entreabierta, una tarjeta con un nombre ilegible. Oyes un bolígrafo escribir tras una puerta.",
    "hf.s34.c1": "Abrir la taquilla «Residente»",
    "hf.s34.c2": "Coger una bata y salir",
    "hf.s34.c3": "Volver al pasillo de camillas",
    "hf.s35.title": "Sala de residuos",
    "hf.s35.body": "Bolsas negras. Olor a lejía. Una puerta metálica: «MORGUE». Una trampilla en el suelo quizá lleve al archivo.",
    "hf.s35.c1": "Ir a la morgue",
    "hf.s35.c2": "Bajar por la trampilla (volver al archivo)",
    "hf.s35.c3": "Volver a las camillas",
    "hf.s36.title": "Morgue",
    "hf.s36.body": "La luz es demasiado blanca. Los cajones metálicos están cerrados… salvo uno, apenas entreabierto. Sale un aliento frío.",
    "hf.s36.c1": "Abrir el cajón entreabierto",
    "hf.s36.c2": "Retroceder y cerrar la puerta",
    "hf.s36.c3": "Descolgar el teléfono de pared (está sonando)",
    "hf.s37.title": "Expediente Paciente 0",
    "hf.s37.body": "En el cajón: un expediente de cartón. No hay cuerpo. Solo tu expediente, colocado como un paquete. En la primera página: «ESTADO: EN CURSO».",
    "hf.s37.c1": "Llevarte el expediente",
    "hf.s37.c2": "Dejarlo y retroceder",
    "hf.s37.c3": "Buscar la sala «Validación»",
    "hf.s38.title": "La página que se escribe",
    "hf.s38.body": "Ante tus ojos, una línea se teclea sola: «El paciente lee esto. Cree estar solo.» La frase siguiente empieza… pero se detiene cuando contienes la respiración.",
    "hf.s38.c1": "Cerrar y correr hacia la salida",
    "hf.s38.c2": "Volver al archivo",
    "hf.s38.c3": "Romper la página",
    "hf.s39.title": "La puerta de salida",
    "hf.s39.body": "Una puerta «SALIDA» con barra antipánico. Al otro lado: aire frío. Pero también… un ligerísimo sonido de teclado.",
    "hf.s39.c1": "Empujar la barra y salir",
    "hf.s39.c2": "Volver a las camillas",
    "hf.s39.c3": "Escuchar pegado a la puerta",
    "hf.s40.title": "Patio interior",
    "hf.s40.body": "Estás fuera, en el patio. Los muros son demasiado altos. La salida enrejada hacia la calle está ahí… pero la cerradura parece nueva, brillante.",
    "hf.s40.c1": "Correr hacia la reja",
    "hf.s40.c2": "Esconderte tras un murete",
    "hf.s40.c3": "Volver dentro",
    "hf.s41.title": "El aire de fuera",
    "hf.s41.body": "Inspiras. El aire es real. Demasiado real. Luego tu móvil vibra: «Recordatorio: consulta en curso». Nunca pediste cita.",
    "hf.s41.c1": "Forzar la reja hacia la calle",
    "hf.s41.c2": "Volver al patio",
    "hf.s41.c3": "Mirar las ventanas del segundo piso",
    "hf.s42.title": "El trabajador",
    "hf.s42.body": "Al fondo del pasillo, visible tras una puerta de cristal, alguien pasa con bata. No le ves la cara. Empuja un carro. Como si la guardia siguiera.",
    "hf.s42.c1": "Seguirle sin hacer ruido",
    "hf.s42.c2": "Llamarle",
    "hf.s42.c3": "Aprovechar y largarte",
    "hf.s43.title": "La «consulta»",
    "hf.s43.body": "La bata se gira. Sigue sin rostro: solo una zona borrosa. Una voz nítida: «El paciente debe presentarse». La mesa del quirófano te espera.",
    "hf.s43.c1": "Obedecer y tumbarte",
    "hf.s43.c2": "Negarte y retroceder",
    "hf.s43.c3": "Huir hacia la salida",
    "hf.s44.title": "Preparación",
    "hf.s44.body": "Sientes correas. El bip se vuelve más fuerte. En algún lugar se escribe: «Sin prueba, vuelta al quirófano». Buscas tu respiración.",
    "hf.s44.c1": "Cerrar los ojos",
    "hf.s44.c2": "Forcejear (inútil)",
    "hf.s44.c3": "Mostrar una prueba (si la tienes)",
    "hf.s45.title": "Pruebas",
    "hf.s45.body": "Tienes una prueba. Audio, vídeo o expediente. Algo que dice: «Este lugar miente». Las pantallas de seguridad chisporrotean, como si no lo soportaran.",
    "hf.s45.c1": "Irte ahora mismo",
    "hf.s45.c2": "Buscar la sala «Validación»",
    "hf.s45.c3": "Destruir la prueba (y olvidar)",
    "hf.s46.title": "Validación",
    "hf.s46.body": "Tras una puerta sin pomo, un despacho. Un ordenador teclea solo. En pantalla: «PACIENTE 0 — ESTADO: POR ASIGNAR». Un sello «VALIDADO» espera, tinta fresca.",
    "hf.s46.c1": "Aceptar la asignación",
    "hf.s46.c2": "Negarte y correr",
    "hf.s46.c3": "Sellar tú mismo «VALIDADO»",
    "hf.s47.title": "La elección final",
    "hf.s47.body": "La reja hacia la calle está delante. Una última vez, oyes el teclado. Como si el hospital esperara a que eligieras tu final.",
    "hf.s47.c1": "Salir con tus pruebas",
    "hf.s47.c2": "Volver a «terminar la consulta»",
    "hf.s47.c3": "Activar la verdad completa",
    "hf.s48.title": "Último pasillo",
    "hf.s48.body": "Avanzas hacia la reja. El metal está frío. Detrás de ti, la puerta del patio se cierra lentamente, sin ruido. El aire parece contener su frase.",
    "hf.s48.c1": "Empujar la reja y no mirar atrás",
    "hf.s48.c2": "Girte (solo un segundo)",
    "hf.s48.c3": "Volver a por «algo»",
    "hf.end_good.title": "Final — Salida (con prueba)",
    "hf.end_good.body": "Cruzas la reja. El amanecer muerde tus pulmones. Detrás, el hospital queda inmóvil… demasiado inmóvil. En tu mano, la prueba pesa como una piedra caliente. Al mirar tu foto/tu grabación, no existe la marca de tiempo.",
    "hf.end_bad.title": "Final — Vuelta al quirófano",
    "hf.end_bad.body": "La luz del techo te devora los ojos. El bip se convierte en una sola nota. Alguien teclea en alguna parte: «Paciente presentado. Guardia validada.» Y entiendes que aquí la salida nunca fue una puerta.",
    "hf.end_secret.title": "Final secreto — Asignación",
    "hf.end_secret.body": "El sello cae. «VALIDADO». En pantalla: «Personal de guardia: activo». El teclado se detiene. La puerta se cierra. Y, en el silencio, sientes que el lugar por fin respira… porque has tomado el relevo.",
    "hf.clue.has_bracelet.title": "Pulsera de paciente",
    "hf.clue.has_bracelet.desc": "Una pulsera tibia, como si alguien acabara de ponértela.",
    "hf.clue.has_keycard.title": "Tarjeta de acceso",
    "hf.clue.has_keycard.desc": "Una tarjeta magnética del personal. Abre puertas que ya no deberían funcionar.",
    "hf.clue.has_tape.title": "Cinta de guardia",
    "hf.clue.has_tape.desc": "Una cinta de grabadora: una voz anota horarios… y tu nombre.",
    "hf.clue.has_recording.title": "Grabación CCTV",
    "hf.clue.has_recording.desc": "Una prueba en vídeo: el pasillo se mueve mientras la cámara no se mueve.",
    "hf.clue.has_dossier.title": "Expediente Paciente 0",
    "hf.clue.has_dossier.desc": "Tu expediente. Se completa a medida que respiras.",
    "hf.h.s12.soft": "Ahora tienes algo que el hospital «reconoce».",
    "hf.h.s12.strong": "La pulsera abre/alter a puertas y hace posible la vía secreta.",
    "hf.h.s18.soft": "La grabadora no está ahí por casualidad.",
    "hf.h.s18.strong": "Coge la cinta: cuenta como prueba y para el final secreto.",
    "hf.h.s22.soft": "Lo que aún funciona suele estar en Seguridad.",
    "hf.h.s22.strong": "Coge la tarjeta: desbloquea archivo, vigilancia y quirófano.",
    "hf.h.s28.soft": "Si puedes demostrar que el pasillo se mueve, puedes romper el bucle.",
    "hf.h.s28.strong": "Inicia la grabación: sin prueba, algunas salidas te devolverán al quirófano.",
    "hf.h.s37.soft": "El expediente te concierne más de lo que crees.",
    "hf.h.s37.strong": "Llévatelo: es la prueba más fuerte y una llave para la verdad completa.",
    "hf.h.s47.soft": "Puedes acabar rápido… o ir más lejos.",
    "hf.h.s47.strong": "Final secreto = pulsera + tarjeta + cinta + grabación + expediente."
  }
}
