﻿{
  "meta": {
    "scenario_id": "hopital_ferme",
    "language": "it",
    "version": "1.0.0",
    "hint_ns": "hf.h",
    "generated": "2026-02-10"
  },
  "strings": {
    "hf.title": "Ospedale Saint-Cendre — Dossier 0",
    "hf.tagline": "I corridoi si muovono. I dossier ti conoscono. E qualcuno continua il turno.",
    "hf.s01.title": "Il cancello",
    "hf.s01.body": "Il cancello è chiuso, ma la catena pende, come tagliata di recente. Dietro, l’ospedale ingoia la notte. Un neon lampeggia a intervalli, un secondo sì e uno no.",
    "hf.s01.c1": "Passare comunque dal cancello",
    "hf.s01.c2": "Leggere il cartello di divieto",
    "hf.s01.c3": "Chiamare qualcuno (nessun segnale)",
    "hf.s02.title": "La catena tagliata",
    "hf.s02.body": "La catena a terra è tiepida. Niente ruggine fresca, niente polvere sopra. Come se fosse stata appena posata lì.",
    "hf.s02.c1": "Avanzare verso le porte",
    "hf.s02.c2": "Tornare al cartello",
    "hf.s02.c3": "Restare immobile e ascoltare",
    "hf.s03.title": "Il cartello recente",
    "hf.s03.body": "Sotto il vecchio «CHIUSO», un foglio nuovo: «PAZIENTE ATTESO — AMMISSIONE AUTOMATICA». Il tuo nome è digitato in basso. Senza nome di battesimo.",
    "hf.s03.c1": "Fare una foto al foglio",
    "hf.s03.c2": "Cercare un altro ingresso",
    "hf.s03.c3": "Indietreggiare… poi tornare (non ci riesci)",
    "hf.s04.title": "Nessun segnale",
    "hf.s04.body": "Il telefono mostra zero tacche. Poi lo schermo si accende da solo: «Turno di guardia: presente». Alzi gli occhi. Una finestra si è appena spenta al secondo piano.",
    "hf.s04.c1": "Tornare al cancello",
    "hf.s04.c2": "Entrare nell’atrio",
    "hf.s04.c3": "Fissare la finestra finché non capisci",
    "hf.s05.title": "L’atrio",
    "hf.s05.body": "L’aria sa di cloro caldo. Le piastrelle sono umide al centro, come se qualcuno avesse appena passato lo straccio. Tutto è troppo pulito per un luogo chiuso.",
    "hf.s05.c1": "Andare al banco accoglienza",
    "hf.s05.c2": "Seguire il corridoio principale",
    "hf.s05.c3": "Uscire (la notte sembra più densa)",
    "hf.s06.title": "Banco accoglienza",
    "hf.s06.body": "Un campanello, un registro aperto, un cartellino di carta stampato… datato oggi. Sullo schermo del computer un cursore lampeggia: «DOSSIER: IN CORSO».",
    "hf.s06.c1": "Suonare il campanello",
    "hf.s06.c2": "Leggere il registro d’ammissione",
    "hf.s06.c3": "Tentare l’ascensore in fondo",
    "hf.s07.title": "Corridoio principale",
    "hf.s07.body": "Il corridoio si allunga come una linea troppo dritta. Le porte sono tutte identiche. In fondo, un cartello: «VISITE», e più oltre: «SCALE — LIVELLO -1».",
    "hf.s07.c1": "Andare verso le stanze",
    "hf.s07.c2": "Dirigersi in radiologia",
    "hf.s07.c3": "Scendere dalle scale",
    "hf.s08.title": "Interfono",
    "hf.s08.body": "Il campanello tintinna. Un secondo dopo, l’interfono gracchia: «È in ritardo. Presenti il braccialetto.» Tu non hai un braccialetto.",
    "hf.s08.c1": "Chiedere dove recuperarlo",
    "hf.s08.c2": "Spegnere l’interfono",
    "hf.s08.c3": "Lasciare il banco",
    "hf.s09.title": "Registro d’ammissione",
    "hf.s09.body": "Il tuo nome è già scritto, inchiostro secco. Stanza 14. Riga successiva: «Braccialetto da ritirare». Una freccia a penna punta verso le stanze.",
    "hf.s09.c1": "Firmare come se fosse normale",
    "hf.s09.c2": "Andare alla stanza 14",
    "hf.s09.c3": "Ignorare e tornare al corridoio",
    "hf.s10.title": "Cartellino «Paziente»",
    "hf.s10.body": "Una stampante sputa un cartellino di carta: «PAZIENTE — TURNO». C’è la tua altezza, il tuo peso… numeri giusti. Troppo giusti.",
    "hf.s10.c1": "Attaccare il cartellino (brutta idea)",
    "hf.s10.c2": "Piegarlo e tenerlo",
    "hf.s10.c3": "Strapparlo",
    "hf.s11.title": "Stanza 14",
    "hf.s11.body": "Il letto è disfatto, ancora tiepido dal lato del cuscino. Sul comodino: un braccialetto paziente. Il monitor cardiaco è spento, ma i LED «respirano» lentamente.",
    "hf.s11.c1": "Prendere il braccialetto dal comodino",
    "hf.s11.c2": "Premere il pulsante di chiamata",
    "hf.s11.c3": "Uscire subito",
    "hf.s12.title": "Braccialetto tiepido",
    "hf.s12.body": "Il braccialetto è a tuo nome. Quando lo tocchi, senti un impulso, come un battito nella plastica.",
    "hf.s12.c1": "Metterlo al polso",
    "hf.s12.c2": "Tenerlo in tasca",
    "hf.s12.c3": "Lasciarlo lì (per ora)",
    "hf.s13.title": "L’ascensore bloccato",
    "hf.s13.body": "Le porte dell’ascensore sono socchiuse sul nero. Il pulsante «–1» è graffiato, come se qualcuno avesse provato a strapparlo. Un odore metallico esce dalla cabina.",
    "hf.s13.c1": "Forzare l’apertura",
    "hf.s13.c2": "Premere «–1»",
    "hf.s13.c3": "Tornare al banco",
    "hf.s14.title": "Radiologia",
    "hf.s14.body": "La macchina è in standby. Uno schermo mostra un’immagine già caricata, come se ti aspettasse. Il ronzio è troppo regolare per essere solo un apparecchio.",
    "hf.s14.c1": "Guardare l’immagine sullo schermo",
    "hf.s14.c2": "Cercare un’uscita verso «Visite»",
    "hf.s14.c3": "Tornare al corridoio principale",
    "hf.s15.title": "Immagine impossibile",
    "hf.s15.body": "L’immagine mostra un torace… e, al centro, un rettangolo scuro: il punto esatto di una cartella di cartone. In basso, un timbro: «PAZIENTE 0 — ARCHIVI».",
    "hf.s15.c1": "Annotare «Archivi» e indietreggiare",
    "hf.s15.c2": "Andare a cercare gli archivi",
    "hf.s15.c3": "Accendere la stanza per controllare (la luce vacilla)",
    "hf.s16.title": "La cappella",
    "hf.s16.body": "In una nicchia, tre candele bruciano ancora, cera fresca. Un quaderno di preghiere è aperto su una pagina vuota, tranne una frase: «TURNO = TU».",
    "hf.s16.c1": "Tornare in radiologia",
    "hf.s16.c2": "Seguire il silenzio verso uno studio",
    "hf.s16.c3": "Tornare al corridoio",
    "hf.s17.title": "Porta «Visite»",
    "hf.s17.body": "Una porta bianca con uno scanner. Sullo schermo dello scanner: «PRESENTARE BRACCIALETTO». Dietro la porta si sente un carrello che rotola lentamente.",
    "hf.s17.c1": "Passare il braccialetto sullo scanner",
    "hf.s17.c2": "Forzare la porta senza scanner",
    "hf.s17.c3": "Indietreggiare verso le stanze",
    "hf.s18.title": "Studio del medico",
    "hf.s18.body": "Lo studio è ordinato, troppo. Un registratore è al centro, con una cassetta dentro. Un appunto: «Non lasciare uscire il paziente senza prova.»",
    "hf.s18.c1": "Ascoltare il registratore",
    "hf.s18.c2": "Prendere la cassetta",
    "hf.s18.c3": "Frugare nei cassetti",
    "hf.s19.title": "Corridoio che scivola",
    "hf.s19.body": "Appena oltrepassi la porta, il corridoio non è più lo stesso. Un incrocio appare dove prima c’era solo un muro. I neon si spostano, come denti.",
    "hf.s19.c1": "Segnare il muro (per orientarti)",
    "hf.s19.c2": "Seguire il rumore del carrello",
    "hf.s19.c3": "Cercare le scale",
    "hf.s20.title": "Vano scale",
    "hf.s20.body": "Un cartello indica «Livello -1». L’aria che sale da sotto è umida e fredda. Sembra che qualcuno respiri nelle scale.",
    "hf.s20.c1": "Scendere al livello -1",
    "hf.s20.c2": "Risalire al corridoio",
    "hf.s20.c3": "Tornare all’ascensore",
    "hf.s21.title": "Livello -1",
    "hf.s21.body": "Tubi che gocciolano. In fondo, una porta «SICUREZZA». Più avanti, un’altra: «SORVEGLIANZA». La luce sembra venire dal pavimento.",
    "hf.s21.c1": "Andare al posto di sicurezza",
    "hf.s21.c2": "Provare la porta «Sorveglianza»",
    "hf.s21.c3": "Tornare alle scale",
    "hf.s22.title": "Posto di sicurezza",
    "hf.s22.body": "Gli schermi sono neri, ma la ventola gira. Su un gancio: tessere d’accesso. Al muro, una piantina d’evacuazione con un’uscita verso la corte interna.",
    "hf.s22.c1": "Prendere una tessera d’accesso",
    "hf.s22.c2": "Riavviare un monitor",
    "hf.s22.c3": "Frugare nell’armadio metallico",
    "hf.s23.title": "Piantina d’evacuazione",
    "hf.s23.body": "La piantina indica: «USCITA — CORTE INTERNA». Un’annotazione a pennarello: «Senza prova, ritorno in sala operatoria.» Senti che è scritto per te.",
    "hf.s23.c1": "Andare verso la corte interna",
    "hf.s23.c2": "Andare agli archivi (porta con tessera)",
    "hf.s23.c3": "Tornare al posto di sicurezza",
    "hf.s24.title": "Porta «Archivi»",
    "hf.s24.body": "Una porta grigia, lettore di tessera. L’etichetta è nuova: «PAZIENTE 0». Come se l’ospedale aggiungesse cartelli mentre cammini.",
    "hf.s24.c1": "Passare la tessera ed entrare",
    "hf.s24.c2": "Ascoltare dietro la porta",
    "hf.s24.c3": "Tornare alla piantina",
    "hf.s25.title": "Archivi",
    "hf.s25.body": "Scaffali alti. Scatole. Cartelle. E, su un tavolo, un raccoglitore aperto su una pagina bianca. La polvere è interrotta da impronte di dita recenti.",
    "hf.s25.c1": "Cercare «Paziente 0»",
    "hf.s25.c2": "Frugare negli scaffali a caso",
    "hf.s25.c3": "Cercare un’altra uscita",
    "hf.s26.title": "Cartelle che respirano",
    "hf.s26.body": "Le cartelle sono gonfie, come se inspirassero. Ogni volta che inspiri, un raccoglitore si solleva appena.",
    "hf.s26.c1": "Tirare fuori la cartella più «viva»",
    "hf.s26.c2": "Andare alla sorveglianza",
    "hf.s26.c3": "Tornare agli scaffali",
    "hf.s27.title": "Il tuo nome digitato",
    "hf.s27.body": "Alla fine trovi: «PAZIENTE 0». Sull’etichetta: il tuo nome. Sotto, una data… domani. Il cartone è freddo, nonostante l’aria umida.",
    "hf.s27.c1": "Aprire la cartella",
    "hf.s27.c2": "Lasciarla e indietreggiare",
    "hf.s27.c3": "Portarla con te (tremi)",
    "hf.s28.title": "Sala di sorveglianza",
    "hf.s28.body": "Gli schermi mostrano i corridoi. Su uno, ti vedi… ma con un secondo di ritardo. Lo scarto è perfetto, come un battito.",
    "hf.s28.c1": "Avviare una registrazione",
    "hf.s28.c2": "Cambiare angolo di camera",
    "hf.s28.c3": "Tornare alla piantina",
    "hf.s29.title": "Tornare indietro",
    "hf.s29.body": "Hai segnato il muro. Ma il segno non è più nel punto giusto: è su una porta. E quella porta non esisteva.",
    "hf.s29.c1": "Aprire quella porta",
    "hf.s29.c2": "Correre agli archivi",
    "hf.s29.c3": "Tornare verso la sicurezza",
    "hf.s30.title": "Sala operatoria",
    "hf.s30.body": "La sala operatoria è accesa. Le lampade scaldano l’aria lentamente. Il tavolo è pronto, coperto, come per un intervento imminente. Ma non c’è nessuno.",
    "hf.s30.c1": "Entrare e avanzare",
    "hf.s30.c2": "Richiudere e fuggire",
    "hf.s30.c3": "Osservare dal vetro",
    "hf.s31.title": "Vassoio degli strumenti",
    "hf.s31.body": "Gli strumenti sono allineati. Un paio di guanti è appoggiato sul bordo, ancora lucido, come appena tolto dalla confezione.",
    "hf.s31.c1": "Toccare il metallo (si appiccica)",
    "hf.s31.c2": "Prendere i guanti e indietreggiare",
    "hf.s31.c3": "Indietreggiare senza toccare nulla",
    "hf.s32.title": "Sala di risveglio",
    "hf.s32.body": "Ti ritrovi dietro una tenda. Un bip discreto ti accompagna. Sul polso, una traccia di colla… come un sensore strappato.",
    "hf.s32.c1": "Tirare la tenda e uscire",
    "hf.s32.c2": "Ascoltare l’altoparlante che gracchia",
    "hf.s32.c3": "Addormentarti per un secondo",
    "hf.s33.title": "Corridoio delle barelle",
    "hf.s33.body": "B barelle sono allineate contro il muro. Una di esse si muove appena, da sola, come se qualcuno vi posasse un peso invisibile.",
    "hf.s33.c1": "Seguire la freccia «Uscita»",
    "hf.s33.c2": "Tornare alla sicurezza",
    "hf.s33.c3": "Cercare gli spogliatoi",
    "hf.s34.title": "Spogliatoi",
    "hf.s34.body": "Armadietti. Camici. E, in un armadietto socchiuso, un tesserino dal nome illeggibile. Senti una penna scrivere dietro una porta.",
    "hf.s34.c1": "Aprire l’armadietto «Specializzando»",
    "hf.s34.c2": "Prendere un camice ed uscire",
    "hf.s34.c3": "Tornare al corridoio delle barelle",
    "hf.s35.title": "Sala rifiuti",
    "hf.s35.body": "Sacchi neri. Odore di candeggina. Una porta metallica: «OBITORIO». Una botola a terra forse porta agli archivi.",
    "hf.s35.c1": "Andare verso l’obitorio",
    "hf.s35.c2": "Passare dalla botola (ritorno agli archivi)",
    "hf.s35.c3": "Tornare alle barelle",
    "hf.s36.title": "Obitorio",
    "hf.s36.body": "La luce è troppo bianca. I cassetti metallici sono chiusi… tranne uno, appena socchiuso. Ne esce un soffio freddo.",
    "hf.s36.c1": "Aprire il cassetto socchiuso",
    "hf.s36.c2": "Indietreggiare e chiudere la porta",
    "hf.s36.c3": "Staccare il telefono a muro (sta squillando)",
    "hf.s37.title": "Dossier Paziente 0",
    "hf.s37.body": "Nel cassetto: una cartella di cartone. Nessun corpo. Solo il tuo dossier, posato come un pacco. In prima pagina: «STATO: IN CORSO».",
    "hf.s37.c1": "Portare il dossier con te",
    "hf.s37.c2": "Lasciarlo e indietreggiare",
    "hf.s37.c3": "Cercare la stanza «Validazione»",
    "hf.s38.title": "La pagina che si scrive",
    "hf.s38.body": "Sotto i tuoi occhi, una riga si digita da sola: «Il paziente legge questo. Crede di essere solo.» La frase successiva inizia… ma si ferma quando trattieni il respiro.",
    "hf.s38.c1": "Chiudere e correre verso l’uscita",
    "hf.s38.c2": "Tornare agli archivi",
    "hf.s38.c3": "Strappare la pagina",
    "hf.s39.title": "La porta d’uscita",
    "hf.s39.body": "Una porta «USCITA» con barra antipanico. Dall’altra parte: aria fredda. Ma anche… un leggero rumore di tastiera.",
    "hf.s39.c1": "Spingere la barra e uscire",
    "hf.s39.c2": "Tornare alle barelle",
    "hf.s39.c3": "Ascoltare con l’orecchio sulla porta",
    "hf.s40.title": "La corte interna",
    "hf.s40.body": "Sei fuori, nella corte. I muri sono troppo alti. La grata verso la strada è lì… ma la serratura sembra nuova, brillante.",
    "hf.s40.c1": "Correre verso la grata",
    "hf.s40.c2": "Nasconderti dietro un muretto",
    "hf.s40.c3": "Rientrare all’interno",
    "hf.s41.title": "L’aria fuori",
    "hf.s41.body": "Inspiri. L’aria è reale. Troppo reale. Poi il telefono vibra: «Promemoria: visita in corso». Non hai mai preso appuntamento.",
    "hf.s41.c1": "Forzare la grata verso la strada",
    "hf.s41.c2": "Tornare nella corte",
    "hf.s41.c3": "Guardare le finestre del secondo piano",
    "hf.s42.title": "L’addetto",
    "hf.s42.body": "In fondo al corridoio visibile da una porta a vetri, qualcuno passa in camice. Non vedi il viso. Spinge un carrello. Come se il turno continuasse.",
    "hf.s42.c1": "Seguirlo di nascosto",
    "hf.s42.c2": "Chiamarlo",
    "hf.s42.c3": "Sfruttare l’attimo e fuggire",
    "hf.s43.title": "La «visita»",
    "hf.s43.body": "Il camice si volta. Ancora nessun volto, solo una zona sfocata. Una voce netta: «Il paziente deve presentarsi.» Il tavolo della sala operatoria ti aspetta.",
    "hf.s43.c1": "Obbedire e sdraiarti",
    "hf.s43.c2": "Rifiutare e indietreggiare",
    "hf.s43.c3": "Fuggire verso l’uscita",
    "hf.s44.title": "Preparazione",
    "hf.s44.body": "Senti delle cinghie. Il bip diventa più forte. Una frase compare da qualche parte: «Senza prova, ritorno in sala operatoria.» Cerchi il respiro.",
    "hf.s44.c1": "Chiudere gli occhi",
    "hf.s44.c2": "Divincolarti (inutile)",
    "hf.s44.c3": "Mostrare una prova (se ce l’hai)",
    "hf.s45.title": "Prove",
    "hf.s45.body": "Hai una prova. Audio, video o dossier. Qualcosa che dica: «Questo luogo mente.» Gli schermi della sicurezza friggono come se non lo sopportassero.",
    "hf.s45.c1": "Andare via subito",
    "hf.s45.c2": "Cercare la stanza «Validazione»",
    "hf.s45.c3": "Distruggere la prova (e dimenticare)",
    "hf.s46.title": "Validazione",
    "hf.s46.body": "Dietro una porta senza maniglia, un ufficio. Un computer digita da solo. Sullo schermo: «PAZIENTE 0 — STATO: DA ASSEGNARE». Un timbro «VALIDATO» aspetta, inchiostro fresco.",
    "hf.s46.c1": "Accettare l’assegnazione",
    "hf.s46.c2": "Rifiutare e correre",
    "hf.s46.c3": "Timbrare tu stesso «VALIDATO»",
    "hf.s47.title": "La scelta finale",
    "hf.s47.body": "La grata verso la strada è davanti a te. Un’ultima volta senti la tastiera. Come se l’ospedale aspettasse che tu scelga la tua fine.",
    "hf.s47.c1": "Uscire con le tue prove",
    "hf.s47.c2": "Tornare a «finire la visita»",
    "hf.s47.c3": "Attivare la verità completa",
    "hf.s48.title": "Ultimo corridoio",
    "hf.s48.body": "Avanzi verso la grata. Il metallo è freddo. Senti, dietro di te, la porta della corte chiudersi lentamente, senza rumore. L’aria sembra trattenere la frase.",
    "hf.s48.c1": "Spingere la grata e non guardare indietro",
    "hf.s48.c2": "Voltarti (solo un secondo)",
    "hf.s48.c3": "Tornare a prendere «qualcosa»",
    "hf.end_good.title": "Fine — Uscita (con prova)",
    "hf.end_good.body": "Passi la grata. L’alba ti morde i polmoni. Dietro, l’ospedale resta immobile… troppo immobile. Nella tua mano, la prova pesa come un sasso caldo. Quando guardi la foto/la registrazione, il timestamp non esiste.",
    "hf.end_bad.title": "Fine — Ritorno in sala operatoria",
    "hf.end_bad.body": "La luce del soffitto ti divora gli occhi. Il bip diventa una nota unica. Qualcuno scrive da qualche parte: «Paziente presentato. Turno validato.» E capisci che qui, l’uscita non è mai stata una porta.",
    "hf.end_secret.title": "Fine segreta — Assegnazione",
    "hf.end_secret.body": "Il timbro cala. «VALIDATO». Lo schermo mostra: «Personale di guardia: attivo». La tastiera si ferma. La porta si chiude. E, nel silenzio, senti che il luogo finalmente respira… perché hai preso il posto di chi c’era prima.",
    "hf.clue.has_bracelet.title": "Braccialetto paziente",
    "hf.clue.has_bracelet.desc": "Un braccialetto tiepido, come se qualcuno te l’avesse appena messo.",
    "hf.clue.has_keycard.title": "Tessera d’accesso",
    "hf.clue.has_keycard.desc": "Una tessera magnetica del personale. Apre porte che non dovrebbero più funzionare.",
    "hf.clue.has_tape.title": "Cassetta del turno",
    "hf.clue.has_tape.desc": "Una cassetta del registratore: una voce annota orari… e il tuo nome.",
    "hf.clue.has_recording.title": "Registrazione CCTV",
    "hf.clue.has_recording.desc": "Una prova video: il corridoio si sposta mentre la camera non si muove.",
    "hf.clue.has_dossier.title": "Dossier Paziente 0",
    "hf.clue.has_dossier.desc": "Il tuo dossier. Si completa man mano che respiri.",
    "hf.h.s12.soft": "Ora hai qualcosa di «riconosciuto» dall’ospedale.",
    "hf.h.s12.strong": "Il braccialetto apre/altera porte e rende possibile la via segreta.",
    "hf.h.s18.soft": "Il registratore non è lì per caso.",
    "hf.h.s18.strong": "Prendi la cassetta: conta come prova e per la fine segreta.",
    "hf.h.s22.soft": "Ciò che funziona ancora spesso sta in sicurezza.",
    "hf.h.s22.strong": "Prendi la tessera: sblocca archivi, sorveglianza e sala operatoria.",
    "hf.h.s28.soft": "Se puoi provare che il corridoio si muove, puoi spezzare il ciclo.",
    "hf.h.s28.strong": "Avvia la registrazione: senza prova, alcune uscite ti rimanderanno in sala operatoria.",
    "hf.h.s37.soft": "Il dossier ti riguarda più di quanto credi.",
    "hf.h.s37.strong": "Porta il dossier: è la prova più forte e una chiave per la verità completa.",
    "hf.h.s47.soft": "Puoi finire in fretta… o andare oltre.",
    "hf.h.s47.strong": "Fine segreta = braccialetto + tessera + cassetta + registrazione + dossier."
  }
}
