﻿{
  "meta": {
    "scenario_id": "hopital_ferme",
    "language": "en",
    "version": "1.0.0",
    "hint_ns": "hf.h",
    "generated": "2026-02-10"
  },
  "strings": {
    "hf.title": "Saint-Cendre Hospital — File 0",
    "hf.tagline": "The corridors move. The files know you. And someone is still on call.",
    "hf.s01.title": "The Gate",
    "hf.s01.body": "The gate is locked, but the chain hangs down, as if it was cut recently. Beyond it, the hospital swallows the night. A neon light flickers every other second.",
    "hf.s01.c1": "Go through the gate anyway",
    "hf.s01.c2": "Read the no-entry sign",
    "hf.s01.c3": "Call someone (no signal)",
    "hf.s02.title": "The Cut Chain",
    "hf.s02.body": "The chain on the ground is warm. No fresh rust, no dust on it. As if it was just placed there.",
    "hf.s02.c1": "Move toward the doors",
    "hf.s02.c2": "Go back to the sign",
    "hf.s02.c3": "Stand still and listen",
    "hf.s03.title": "The Recent Sign",
    "hf.s03.body": "Under the old “CLOSED”, a new sheet: “EXPECTED PATIENT — AUTOMATIC ADMISSION”. Your last name is typed at the bottom. No first name.",
    "hf.s03.c1": "Take a photo of the paper",
    "hf.s03.c2": "Look for another entrance",
    "hf.s03.c3": "Step back… then try again (you can’t)",
    "hf.s04.title": "No Signal",
    "hf.s04.body": "Your phone shows zero bars. Then the screen lights up by itself: “On-call service: present”. You look up. A window on the second floor just went dark.",
    "hf.s04.c1": "Go back to the gate",
    "hf.s04.c2": "Enter the lobby",
    "hf.s04.c3": "Stare at the window until it makes sense",
    "hf.s05.title": "The Lobby",
    "hf.s05.body": "The air smells of warm chlorine. The tiles are wet in the middle, like someone just mopped. Everything is too clean for a place that’s shut down.",
    "hf.s05.c1": "Go to the reception desk",
    "hf.s05.c2": "Follow the main corridor",
    "hf.s05.c3": "Step back outside (the night feels thicker)",
    "hf.s06.title": "Reception Desk",
    "hf.s06.body": "A bell, an open register, a printed paper badge… dated today. The computer screen shows a blinking cursor: “FILE: IN PROGRESS”.",
    "hf.s06.c1": "Ring the bell",
    "hf.s06.c2": "Read the admissions register",
    "hf.s06.c3": "Try the elevator at the back",
    "hf.s07.title": "Main Corridor",
    "hf.s07.body": "The corridor stretches like a line drawn too straight. All the doors are identical. At the end, a sign: “CLINICS”, and farther: “STAIRWELL — LEVEL -1”.",
    "hf.s07.c1": "Head toward the rooms",
    "hf.s07.c2": "Go toward radiology",
    "hf.s07.c3": "Go down the stairs",
    "hf.s08.title": "Intercom",
    "hf.s08.body": "The bell rings. A second later, the intercom crackles: “You’re late. Present your wristband.” You don’t have a wristband.",
    "hf.s08.c1": "Ask where to get it",
    "hf.s08.c2": "Cut the intercom",
    "hf.s08.c3": "Leave the desk",
    "hf.s09.title": "Admissions Register",
    "hf.s09.body": "Your name is already written there, the ink dry. Room 14. Next line: “Wristband to collect.” A pen-drawn arrow points toward the rooms.",
    "hf.s09.c1": "Sign as if this is normal",
    "hf.s09.c2": "Go to room 14",
    "hf.s09.c3": "Ignore it and go back to the corridor",
    "hf.s10.title": "“Patient” Badge",
    "hf.s10.body": "A printer spits out a paper badge: “PATIENT — ON CALL”. It lists your height, your weight… accurate numbers. Too accurate.",
    "hf.s10.c1": "Clip the badge on (bad idea)",
    "hf.s10.c2": "Fold it and keep it",
    "hf.s10.c3": "Tear it up",
    "hf.s11.title": "Room 14",
    "hf.s11.body": "The bed is unmade, the pillow side still warm. On the bedside table: a patient wristband. The heart monitor is off, but its LEDs breathe slowly.",
    "hf.s11.c1": "Take the wristband from the table",
    "hf.s11.c2": "Press the call button",
    "hf.s11.c3": "Leave immediately",
    "hf.s12.title": "Warm Wristband",
    "hf.s12.body": "The wristband has your name on it. When you touch it, you feel a pulse-like jolt in the plastic.",
    "hf.s12.c1": "Put it on your wrist",
    "hf.s12.c2": "Keep it in your pocket",
    "hf.s12.c3": "Leave it there (for now)",
    "hf.s13.title": "The Frozen Elevator",
    "hf.s13.body": "The elevator doors are ajar onto darkness. The “-1” button is gouged, like someone tried to rip it off. A metallic smell leaks from the cabin.",
    "hf.s13.c1": "Try to force it open",
    "hf.s13.c2": "Press “-1”",
    "hf.s13.c3": "Go back to reception",
    "hf.s14.title": "Radiology",
    "hf.s14.body": "The machine is in standby. A screen shows an image already loaded, as if it was waiting for you. The hum is too steady to be just equipment.",
    "hf.s14.c1": "Look at the image on the screen",
    "hf.s14.c2": "Look for an exit toward “Clinics”",
    "hf.s14.c3": "Return to the main corridor",
    "hf.s15.title": "Impossible Scan",
    "hf.s15.body": "The scan shows a chest… and, in the center, a dark rectangle: the exact shape of a cardboard file. At the bottom, a stamp: “PATIENT 0 — ARCHIVES”.",
    "hf.s15.c1": "Note “Archives” and step back",
    "hf.s15.c2": "Go find the archives",
    "hf.s15.c3": "Turn on the lights to check (they flicker)",
    "hf.s16.title": "The Chapel",
    "hf.s16.body": "In a niche, three candles still burn, wax fresh. A prayer notebook lies open on a blank page, except for one line: “ON CALL = YOU”.",
    "hf.s16.c1": "Go back to radiology",
    "hf.s16.c2": "Follow the silence toward an office",
    "hf.s16.c3": "Return to the corridor",
    "hf.s17.title": "“Clinics” Door",
    "hf.s17.body": "A white door with a scanner. On the scanner screen: “PRESENT WRISTBAND”. Behind the door, you hear a cart rolling slowly.",
    "hf.s17.c1": "Pass the wristband over the scanner",
    "hf.s17.c2": "Force the door without scanning",
    "hf.s17.c3": "Back away toward the rooms",
    "hf.s18.title": "Doctor’s Office",
    "hf.s18.body": "The office is tidy—too tidy. A recorder sits in the center, a cassette inside. A note: “Do not let the patient leave without proof.”",
    "hf.s18.c1": "Listen to the recorder",
    "hf.s18.c2": "Take the cassette",
    "hf.s18.c3": "Search the drawers",
    "hf.s19.title": "The Sliding Corridor",
    "hf.s19.body": "The moment you cross the threshold, the corridor isn’t the same. An intersection appears where there used to be a wall. The neon lights shift, like teeth.",
    "hf.s19.c1": "Mark the wall (to keep your bearings)",
    "hf.s19.c2": "Follow the cart sound",
    "hf.s19.c3": "Look for the stairs",
    "hf.s20.title": "Stairwell",
    "hf.s20.body": "A sign reads “Level -1”. The air rising from below is damp and cold. It feels like someone is breathing in the staircase.",
    "hf.s20.c1": "Go down to level -1",
    "hf.s20.c2": "Go back up to the corridor",
    "hf.s20.c3": "Return to the elevator",
    "hf.s21.title": "Level -1",
    "hf.s21.body": "Pipes drip. At the end, a door marked “SECURITY”. Farther, another: “SURVEILLANCE”. The light seems to come from the floor.",
    "hf.s21.c1": "Go to the security post",
    "hf.s21.c2": "Try the “Surveillance” door",
    "hf.s21.c3": "Go back to the stairs",
    "hf.s22.title": "Security Post",
    "hf.s22.body": "The screens are black, but the fan is spinning. On a hook: access cards. On the wall, an evacuation plan with an exit to the inner courtyard.",
    "hf.s22.c1": "Take an access card",
    "hf.s22.c2": "Restart a monitor",
    "hf.s22.c3": "Search the metal locker",
    "hf.s23.title": "Evacuation Plan",
    "hf.s23.body": "The plan indicates: “EXIT — INNER COURTYARD”. A marker note says: “No proof, back to the OR.” You can tell it was written for you.",
    "hf.s23.c1": "Head to the inner courtyard",
    "hf.s23.c2": "Go to the archives (badge reader)",
    "hf.s23.c3": "Return to the security post",
    "hf.s24.title": "“Archives” Door",
    "hf.s24.body": "A gray door with a badge reader. The label is new: “PATIENT 0”. As if the hospital adds signs while you walk.",
    "hf.s24.c1": "Badge in and enter",
    "hf.s24.c2": "Listen behind the door",
    "hf.s24.c3": "Go back to the evacuation plan",
    "hf.s25.title": "Archives",
    "hf.s25.body": "Tall shelves. Boxes. Files. And on a table, a binder open to a blank page. The dust is punctured by recent fingerprints.",
    "hf.s25.c1": "Look for “Patient 0”",
    "hf.s25.c2": "Rummage the shelves at random",
    "hf.s25.c3": "Look for another way out",
    "hf.s26.title": "Breathing Files",
    "hf.s26.body": "The files are swollen, as if they’re taking in air. Each time you inhale, a binder lifts ever so slightly.",
    "hf.s26.c1": "Pull the most “alive” file",
    "hf.s26.c2": "Head to surveillance",
    "hf.s26.c3": "Go back to the shelves",
    "hf.s27.title": "Your Name, Typed",
    "hf.s27.body": "You finally find it: “PATIENT 0”. On the label: your last name. Under it, a date… tomorrow. The cardboard is cold, despite the damp air.",
    "hf.s27.c1": "Open the file",
    "hf.s27.c2": "Leave it and step back",
    "hf.s27.c3": "Pull it toward you (you’re shaking)",
    "hf.s28.title": "Surveillance Room",
    "hf.s28.body": "The screens show the corridors. On one, you see yourself… but one second late. The delay is perfect, like a heartbeat.",
    "hf.s28.c1": "Start a recording",
    "hf.s28.c2": "Change the camera angle",
    "hf.s28.c3": "Go back to the evacuation plan",
    "hf.s29.title": "Backtracking",
    "hf.s29.body": "You marked the wall. But the mark isn’t in the right place anymore: it’s on a door. And that door wasn’t there.",
    "hf.s29.c1": "Open that door",
    "hf.s29.c2": "Run to the archives",
    "hf.s29.c3": "Head back to security",
    "hf.s30.title": "Operating Room",
    "hf.s30.body": "The OR is lit. The lamps warm the air softly. The table is ready, draped, as if an intervention is imminent. But there’s no one here.",
    "hf.s30.c1": "Enter and move forward",
    "hf.s30.c2": "Close it and flee",
    "hf.s30.c3": "Watch through the glass",
    "hf.s31.title": "Instrument Tray",
    "hf.s31.body": "The instruments are lined up. A pair of gloves rests on the edge, still glossy, like it was just unwrapped.",
    "hf.s31.c1": "Touch the metal (it sticks)",
    "hf.s31.c2": "Take the gloves and step back",
    "hf.s31.c3": "Back away without touching anything",
    "hf.s32.title": "Recovery Room",
    "hf.s32.body": "You find yourself behind a curtain. A discreet beep follows you. On your wrist, a smear of adhesive… like a sensor was torn off.",
    "hf.s32.c1": "Pull the curtain and leave",
    "hf.s32.c2": "Listen to the crackling loudspeaker",
    "hf.s32.c3": "Fall back asleep for one second",
    "hf.s33.title": "Gurney Corridor",
    "hf.s33.body": "Gurneys line the wall. One of them shifts ever so slightly on its own, as if an invisible weight just settled onto it.",
    "hf.s33.c1": "Follow the “Exit” arrow",
    "hf.s33.c2": "Go back to security",
    "hf.s33.c3": "Look for the changing rooms",
    "hf.s34.title": "Changing Rooms",
    "hf.s34.body": "Lockers. Gowns. And in a half-open locker, a badge with an unreadable name. You hear a pen writing behind a door.",
    "hf.s34.c1": "Open the “Intern” locker",
    "hf.s34.c2": "Take a gown and leave",
    "hf.s34.c3": "Go back to the gurney corridor",
    "hf.s35.title": "Waste Room",
    "hf.s35.body": "Black bags. Bleach smell. A metal door: “MORGUE”. A hatch in the floor might lead back to the archives.",
    "hf.s35.c1": "Head to the morgue",
    "hf.s35.c2": "Go through the hatch (back to archives)",
    "hf.s35.c3": "Return to the gurneys",
    "hf.s36.title": "Morgue",
    "hf.s36.body": "The light is too white. The metal drawers are closed… except one, barely ajar. A cold breath leaks out.",
    "hf.s36.c1": "Open the ajar drawer",
    "hf.s36.c2": "Step back and close the door",
    "hf.s36.c3": "Pick up the wall phone (it’s ringing)",
    "hf.s37.title": "Patient 0 File",
    "hf.s37.body": "Inside the drawer: a cardboard file. No body. Just your file, placed like a parcel. On the first page: “STATUS: IN PROGRESS”.",
    "hf.s37.c1": "Take the file with you",
    "hf.s37.c2": "Leave it and step back",
    "hf.s37.c3": "Look for the “Validation” room",
    "hf.s38.title": "The Page That Types Itself",
    "hf.s38.body": "Before your eyes, a line types itself: “The patient is reading this. He thinks he’s alone.” The next sentence starts… then stops when you hold your breath.",
    "hf.s38.c1": "Close it and run for the exit",
    "hf.s38.c2": "Go back to the archives",
    "hf.s38.c3": "Tear the page",
    "hf.s39.title": "The Exit Door",
    "hf.s39.body": "An “EXIT” door with a panic bar. On the other side: cold air. But also… a very faint keyboard sound.",
    "hf.s39.c1": "Push the bar and go out",
    "hf.s39.c2": "Go back to the gurneys",
    "hf.s39.c3": "Press your ear to the door and listen",
    "hf.s40.title": "Inner Courtyard",
    "hf.s40.body": "You’re outside, in the courtyard. The walls are too high. The gated exit to the street is there… but the lock looks new, shiny.",
    "hf.s40.c1": "Run to the gate",
    "hf.s40.c2": "Hide behind a low wall",
    "hf.s40.c3": "Go back inside",
    "hf.s41.title": "Outside Air",
    "hf.s41.body": "You breathe. The air is real. Too real. Then your phone buzzes: “Reminder: consultation in progress.” You never booked anything.",
    "hf.s41.c1": "Force the gate to the street",
    "hf.s41.c2": "Go back into the courtyard",
    "hf.s41.c3": "Look up at the second-floor windows",
    "hf.s42.title": "The Worker",
    "hf.s42.body": "At the far end of the corridor, seen through a glass door, someone passes in a gown. You can’t see their face. They push a cart. As if the night watch never stopped.",
    "hf.s42.c1": "Follow quietly",
    "hf.s42.c2": "Call out to them",
    "hf.s42.c3": "Use the moment and bolt",
    "hf.s43.title": "The “Consultation”",
    "hf.s43.body": "The gown turns. Still no face—just a blurred patch. A clear voice: “The patient must present.” The OR table is waiting for you.",
    "hf.s43.c1": "Obey and lie down",
    "hf.s43.c2": "Refuse and step back",
    "hf.s43.c3": "Run for the exit",
    "hf.s44.title": "Set-Up",
    "hf.s44.body": "You feel straps. The beep gets louder. Somewhere, a sentence appears: “No proof, back to the OR.” You search for your breathing.",
    "hf.s44.c1": "Close your eyes",
    "hf.s44.c2": "Struggle (useless)",
    "hf.s44.c3": "Show proof (if you have any)",
    "hf.s45.title": "Proof",
    "hf.s45.body": "You’re holding proof. Audio, video, or the file. Something that says: “This place lies.” The security screens crackle like they hate it.",
    "hf.s45.c1": "Leave right now",
    "hf.s45.c2": "Find the “Validation” room",
    "hf.s45.c3": "Destroy the proof (and forget)",
    "hf.s46.title": "Validation",
    "hf.s46.body": "Behind a door with no handle: an office. A computer types by itself. On screen: “PATIENT 0 — STATUS: TO ASSIGN”. A “VALIDATED” stamp waits, ink still fresh.",
    "hf.s46.c1": "Accept the assignment",
    "hf.s46.c2": "Refuse and run",
    "hf.s46.c3": "Stamp “VALIDATED” yourself",
    "hf.s47.title": "The Final Choice",
    "hf.s47.body": "The gate to the street is in front of you. One last time, you hear the keyboard. Like the hospital is waiting for you to choose your ending.",
    "hf.s47.c1": "Leave with your proof",
    "hf.s47.c2": "Go back to “finish the consultation”",
    "hf.s47.c3": "Activate the full truth",
    "hf.s48.title": "Last Corridor",
    "hf.s48.body": "You walk toward the gate. The metal is cold. Behind you, the courtyard door starts to close slowly, without a sound. The air seems to hold back its sentence.",
    "hf.s48.c1": "Push the gate and don’t look back",
    "hf.s48.c2": "Turn around (just for a second)",
    "hf.s48.c3": "Go back for “something”",
    "hf.end_good.title": "End — Exit (with proof)",
    "hf.end_good.body": "You pass through the gate. Dawn bites your lungs. Behind you, the hospital stays still… too still. In your hand, the proof weighs like a warm stone. When you check your photo/recording, the timestamp doesn’t exist.",
    "hf.end_bad.title": "End — Back to the OR",
    "hf.end_bad.body": "The ceiling light devours your eyes. The beep becomes a single note. Someone types somewhere: “Patient presented. On-call validated.” And you understand: here, the exit was never a door.",
    "hf.end_secret.title": "Secret End — Assignment",
    "hf.end_secret.body": "The stamp slams down. “VALIDATED.” The screen reads: “On-call staff: active.” The keyboard stops. The door shuts. And in the silence, you feel the place finally breathe… because you took over.",
    "hf.clue.has_bracelet.title": "Patient Wristband",
    "hf.clue.has_bracelet.desc": "A warm wristband, like someone just fastened it onto you.",
    "hf.clue.has_keycard.title": "Access Card",
    "hf.clue.has_keycard.desc": "A staff magnetic card. It opens doors that shouldn’t work anymore.",
    "hf.clue.has_tape.title": "On-Call Cassette",
    "hf.clue.has_tape.desc": "A recorder cassette: a voice notes shift times… and your name.",
    "hf.clue.has_recording.title": "CCTV Recording",
    "hf.clue.has_recording.desc": "Video proof: the corridor moves while the camera doesn’t.",
    "hf.clue.has_dossier.title": "Patient 0 File",
    "hf.clue.has_dossier.desc": "Your file. It fills itself in as you breathe.",
    "hf.h.s12.soft": "You have something the hospital can “recognize” now.",
    "hf.h.s12.strong": "The wristband opens/alters doors and makes the secret route possible.",
    "hf.h.s18.soft": "The recorder isn’t there by accident.",
    "hf.h.s18.strong": "Take the cassette: it counts as proof and for the secret ending.",
    "hf.h.s22.soft": "What still works is often kept in Security.",
    "hf.h.s22.strong": "Take the access card: it unlocks archives, surveillance, and the OR.",
    "hf.h.s28.soft": "If you can prove the corridor moves, you can break the loop.",
    "hf.h.s28.strong": "Start the recording: without proof, some exits will send you back to the OR.",
    "hf.h.s37.soft": "The file is about you more than you think.",
    "hf.h.s37.strong": "Take the file: it’s the strongest proof, and a key to the full truth.",
    "hf.h.s47.soft": "You can finish fast… or go deeper.",
    "hf.h.s47.strong": "Secret end = wristband + card + cassette + recording + file."
  }
}
