﻿{
  "meta": {
    "scenario_id": "hopital_ferme",
    "language": "de",
    "version": "1.0.0",
    "hint_ns": "hf.h",
    "generated": "2026-02-10"
  },
  "strings": {
    "hf.title": "Krankenhaus Saint-Cendre — Akte 0",
    "hf.tagline": "Die Flure bewegen sich. Die Akten kennen dich. Und jemand ist weiterhin im Dienst.",

    "hf.s01.title": "Das Gitter",
    "hf.s01.body": "Das Gitter ist verschlossen, aber die Kette hängt herab, als wäre sie vor Kurzem durchtrennt worden. Dahinter verschlingt das Krankenhaus die Nacht. Eine Neonröhre flackert jede zweite Sekunde.",
    "hf.s01.c1": "Trotzdem durch das Gitter gehen",
    "hf.s01.c2": "Das Verbotsschild lesen",
    "hf.s01.c3": "Jemanden anrufen (kein Netz)",

    "hf.s02.title": "Die durchtrennte Kette",
    "hf.s02.body": "Die Kette am Boden ist lauwarm. Kein frischer Rost, kein Staub darauf. Als hätte man sie gerade erst dort abgelegt.",
    "hf.s02.c1": "Zu den Türen weitergehen",
    "hf.s02.c2": "Zum Schild zurück",
    "hf.s02.c3": "Stillstehen und lauschen",

    "hf.s03.title": "Das neue Schild",
    "hf.s03.body": "Unter dem alten „GESCHLOSSEN“ ein frisches Blatt: „PATIENT ERWARTET — AUTOMATISCHE AUFNAHME“. Unten steht dein Name getippt. Ohne Vornamen.",
    "hf.s03.c1": "Ein Foto vom Papier machen",
    "hf.s03.c2": "Einen anderen Eingang suchen",
    "hf.s03.c3": "Zurückweichen… dann wiederkommen (du schaffst es nicht)",

    "hf.s04.title": "Kein Netz",
    "hf.s04.body": "Dein Handy zeigt null Balken. Dann geht der Bildschirm von allein an: „Bereitschaftsdienst: anwesend“. Du blickst hoch. Ein Fenster im zweiten Stock ist gerade ausgegangen.",
    "hf.s04.c1": "Zum Gitter zurück",
    "hf.s04.c2": "In die Eingangshalle gehen",
    "hf.s04.c3": "Das Fenster anstarren, bis du es verstehst",

    "hf.s05.title": "Die Eingangshalle",
    "hf.s05.body": "Die Luft riecht nach warmem Chlor. Die Fliesen sind in der Mitte feucht, als hätte gerade jemand gewischt. Alles ist zu sauber für einen geschlossenen Ort.",
    "hf.s05.c1": "Zur Empfangstheke gehen",
    "hf.s05.c2": "Dem Hauptflur folgen",
    "hf.s05.c3": "Wieder rausgehen (die Nacht wirkt dichter)",

    "hf.s06.title": "Empfangstheke",
    "hf.s06.body": "Eine Glocke, ein offenes Register, ein gedruckter Papierausweis… datiert auf heute. Auf dem Computerbildschirm blinkt ein Cursor: „AKTE: IN BEARBEITUNG“.",
    "hf.s06.c1": "Die Glocke klingeln",
    "hf.s06.c2": "Das Aufnahmeregister lesen",
    "hf.s06.c3": "Den Aufzug hinten versuchen",

    "hf.s07.title": "Hauptflur",
    "hf.s07.body": "Der Flur zieht sich wie eine zu gerade Linie. Die Türen sind alle identisch. Am Ende ein Schild: „SPRECHSTUNDEN“, und weiter hinten: „TREPPENHAUS — EBENE -1“.",
    "hf.s07.c1": "Zu den Zimmern gehen",
    "hf.s07.c2": "Zur Radiologie gehen",
    "hf.s07.c3": "Die Treppe hinuntergehen",

    "hf.s08.title": "Gegensprechanlage",
    "hf.s08.body": "Die Glocke klingelt. Eine Sekunde später knistert die Gegensprechanlage: „Sie sind zu spät. Zeigen Sie Ihr Armband.“ Du hast kein Armband.",
    "hf.s08.c1": "Fragen, wo du es bekommst",
    "hf.s08.c2": "Die Gegensprechanlage ausschalten",
    "hf.s08.c3": "Die Theke verlassen",

    "hf.s09.title": "Aufnahmeregister",
    "hf.s09.body": "Dein Name steht schon da, trockene Tinte. Zimmer 14. Nächste Zeile: „Armband abholen“. Ein Pfeil aus Kugelschreiber zeigt in Richtung der Zimmer.",
    "hf.s09.c1": "Unterschreiben, als wäre es normal",
    "hf.s09.c2": "Zu Zimmer 14 gehen",
    "hf.s09.c3": "Ignorieren und zurück in den Flur",

    "hf.s10.title": "Ausweis „Patient“",
    "hf.s10.body": "Ein Drucker spuckt einen Papierausweis aus: „PATIENT — DIENST“. Darauf stehen deine Größe, dein Gewicht… Zahlen, die stimmen. Zu genau.",
    "hf.s10.c1": "Den Ausweis anstecken (schlechte Idee)",
    "hf.s10.c2": "Falten und behalten",
    "hf.s10.c3": "Zerreißen",

    "hf.s11.title": "Zimmer 14",
    "hf.s11.body": "Das Bett ist zerwühlt, das Kissen auf einer Seite noch warm. Auf dem Nachttisch: ein Patientenarmband. Der Herzmonitor ist aus, aber seine LEDs atmen langsam.",
    "hf.s11.c1": "Das Armband vom Nachttisch nehmen",
    "hf.s11.c2": "Den Rufknopf drücken",
    "hf.s11.c3": "Sofort wieder rausgehen",

    "hf.s12.title": "Warmes Armband",
    "hf.s12.body": "Das Armband trägt deinen Namen. Als du es berührst, spürst du einen Impuls, wie einen Puls im Plastik.",
    "hf.s12.c1": "Es ans Handgelenk legen",
    "hf.s12.c2": "In die Tasche stecken",
    "hf.s12.c3": "Dort lassen (vorerst)",

    "hf.s13.title": "Der blockierte Aufzug",
    "hf.s13.body": "Die Aufzugtüren stehen einen Spalt offen ins Schwarz. Die Taste „–1“ ist verkratzt, als hätte jemand versucht, sie herauszureißen. Ein metallischer Geruch kommt aus der Kabine.",
    "hf.s13.c1": "Versuchen, die Türen weiter aufzudrücken",
    "hf.s13.c2": "„–1“ drücken",
    "hf.s13.c3": "Zurück zur Theke",

    "hf.s14.title": "Radiologie",
    "hf.s14.body": "Das Gerät ist im Standby. Auf einem Bildschirm ist bereits ein Bild geladen, als hätte man auf dich gewartet. Das Brummen ist zu gleichmäßig für ein simples Gerät.",
    "hf.s14.c1": "Das Bild am Bildschirm ansehen",
    "hf.s14.c2": "Einen Ausgang Richtung „Sprechstunden“ suchen",
    "hf.s14.c3": "Zurück in den Hauptflur",

    "hf.s15.title": "Unmögliche Aufnahme",
    "hf.s15.body": "Das Bild zeigt einen Brustkorb… und in der Mitte ein dunkles Rechteck: genau der Platz einer Pappakte. Unten ein Stempel: „PATIENT 0 — ARCHIV“.",
    "hf.s15.c1": "„Archiv“ notieren und zurückweichen",
    "hf.s15.c2": "Das Archiv suchen",
    "hf.s15.c3": "Das Licht einschalten, um es zu prüfen (Licht flackert)",

    "hf.s16.title": "Die Kapelle",
    "hf.s16.body": "In einer Nische brennen noch drei Kerzen, frisches Wachs. Ein Gebetsheft ist auf einer leeren Seite aufgeschlagen, nur ein Satz steht da: „DIENST = DU“.",
    "hf.s16.c1": "Zurück zur Radiologie",
    "hf.s16.c2": "Der Stille zu einem Büro folgen",
    "hf.s16.c3": "Zurück in den Flur",

    "hf.s17.title": "Tür „Sprechstunden“",
    "hf.s17.body": "Eine weiße Tür mit Scanner. Auf dem Scannerdisplay: „ARMBAND VORZEIGEN“. Hinter der Tür hört man einen Wagen langsam rollen.",
    "hf.s17.c1": "Das Armband an den Scanner halten",
    "hf.s17.c2": "Die Tür ohne Scanner aufbrechen",
    "hf.s17.c3": "Zurück zu den Zimmern",

    "hf.s18.title": "Arztzimmer",
    "hf.s18.body": "Das Zimmer ist aufgeräumt. Zu sehr. In der Mitte liegt ein Diktiergerät, Kassette eingelegt. Ein Zettel: „Den Patienten nicht ohne Beweis hinauslassen.“",
    "hf.s18.c1": "Das Diktiergerät anhören",
    "hf.s18.c2": "Die Kassette nehmen",
    "hf.s18.c3": "Die Schubladen durchsuchen",

    "hf.s19.title": "Der gleitende Flur",
    "hf.s19.body": "Kaum hast du die Tür passiert, ist der Flur nicht mehr derselbe. Eine Kreuzung taucht auf, wo eben noch eine Wand war. Die Neonröhren verschieben sich wie Zähne.",
    "hf.s19.c1": "Die Wand markieren (zur Orientierung)",
    "hf.s19.c2": "Dem Geräusch des Wagens folgen",
    "hf.s19.c3": "Nach der Treppe suchen",

    "hf.s20.title": "Treppenhaus",
    "hf.s20.body": "Ein Schild zeigt „Ebene -1“. Die Luft, die von unten hochzieht, ist feucht und kalt. Es klingt, als würde jemand im Treppenhaus atmen.",
    "hf.s20.c1": "Hinunter auf Ebene -1 gehen",
    "hf.s20.c2": "Zurück in den Flur hoch",
    "hf.s20.c3": "Zum Aufzug zurück",

    "hf.s21.title": "Ebene -1",
    "hf.s21.body": "Rohre tropfen. Am Ende eine Tür „SICHERHEIT“. Weiter hinten eine andere: „ÜBERWACHUNG“. Das Licht scheint vom Boden zu kommen.",
    "hf.s21.c1": "Zum Sicherheitsraum gehen",
    "hf.s21.c2": "Die Tür „Überwachung“ versuchen",
    "hf.s21.c3": "Zurück zur Treppe",

    "hf.s22.title": "Sicherheitsraum",
    "hf.s22.body": "Die Bildschirme sind schwarz, aber der Lüfter läuft. An einem Haken: Zugangskarten. An der Wand ein Evakuierungsplan mit einem Ausgang in den Innenhof.",
    "hf.s22.c1": "Eine Zugangskarte nehmen",
    "hf.s22.c2": "Einen Monitor neu starten",
    "hf.s22.c3": "Den Metallschrank durchsuchen",

    "hf.s23.title": "Evakuierungsplan",
    "hf.s23.body": "Der Plan zeigt: „AUSGANG INNENHOF“. Eine Notiz mit Filzstift: „Ohne Beweis zurück in den OP.“ Du spürst, dass es für dich geschrieben wurde.",
    "hf.s23.c1": "In Richtung Innenhof gehen",
    "hf.s23.c2": "Zum Archiv (Tür mit Kartenleser)",
    "hf.s23.c3": "Zurück zum Sicherheitsraum",

    "hf.s24.title": "Tür „Archiv“",
    "hf.s24.body": "Eine graue Tür, Kartenleser. Das Etikett ist neu: „PATIENT 0“. Als würde das Krankenhaus Schilder anbringen, während du gehst.",
    "hf.s24.c1": "Karte vorhalten und eintreten",
    "hf.s24.c2": "Hinter der Tür lauschen",
    "hf.s24.c3": "Zurück zum Evakuierungsplan",

    "hf.s25.title": "Archiv",
    "hf.s25.body": "Hohe Regale. Kisten. Akten. Und auf einem Tisch ein Ordner, geöffnet auf einer leeren Seite. Der Staub ist von frischen Fingerabdrücken durchbrochen.",
    "hf.s25.c1": "Nach „Patient 0“ suchen",
    "hf.s25.c2": "Die Regale wahllos durchsuchen",
    "hf.s25.c3": "Einen anderen Ausgang suchen",

    "hf.s26.title": "Atmende Akten",
    "hf.s26.body": "Die Akten sind aufgebläht, als würden sie Luft holen. Jedes Mal, wenn du einatmest, hebt sich ein Ordner ganz leicht.",
    "hf.s26.c1": "Die „lebendigste“ Akte herausziehen",
    "hf.s26.c2": "Zur Überwachung gehen",
    "hf.s26.c3": "Zurück zu den Regalen",

    "hf.s27.title": "Dein Name, getippt",
    "hf.s27.body": "Du findest endlich: „PATIENT 0“. Auf dem Etikett: dein Name. Darunter ein Datum… morgen. Der Karton ist kalt, trotz der feuchten Luft.",
    "hf.s27.c1": "Die Akte öffnen",
    "hf.s27.c2": "Liegen lassen und zurückweichen",
    "hf.s27.c3": "Zu dir nehmen (du zitterst)",

    "hf.s28.title": "Überwachungsraum",
    "hf.s28.body": "Die Monitore zeigen die Flure. Auf einem siehst du dich… aber mit einer Sekunde Verzögerung. Die Verschiebung ist perfekt, wie ein Schlag.",
    "hf.s28.c1": "Eine Aufnahme starten",
    "hf.s28.c2": "Den Kamerawinkel ändern",
    "hf.s28.c3": "Zum Evakuierungsplan zurück",

    "hf.s29.title": "Rückwärts",
    "hf.s29.body": "Du hast die Wand markiert. Aber die Markierung ist nicht mehr an der richtigen Stelle: Sie ist auf einer Tür. Und diese Tür gab es nicht.",
    "hf.s29.c1": "Diese Tür öffnen",
    "hf.s29.c2": "Ins Archiv rennen",
    "hf.s29.c3": "Zurück zur Sicherheit",

    "hf.s30.title": "Operationssaal",
    "hf.s30.body": "Der OP ist beleuchtet. Die Lampen wärmen die Luft sanft. Der Tisch ist vorbereitet, abgedeckt, als stünde ein Eingriff kurz bevor. Aber da ist niemand.",
    "hf.s30.c1": "Reingehen und näher treten",
    "hf.s30.c2": "Schließen und fliehen",
    "hf.s30.c3": "Hinter der Scheibe beobachten",

    "hf.s31.title": "Instrumententablett",
    "hf.s31.body": "Die Instrumente liegen in Reihe. Ein Paar Handschuhe liegt am Rand, noch glänzend, als wären sie gerade erst aus der Verpackung gekommen.",
    "hf.s31.c1": "Das Metall berühren (es klebt)",
    "hf.s31.c2": "Die Handschuhe nehmen und zurückweichen",
    "hf.s31.c3": "Zurückweichen, ohne etwas zu berühren",

    "hf.s32.title": "Aufwachraum",
    "hf.s32.body": "Du befindest dich hinter einem Vorhang. Ein leises Piepen begleitet dich. An deinem Handgelenk eine Klebespur… wie von einem abgerissenen Sensor.",
    "hf.s32.c1": "Den Vorhang zur Seite ziehen und rausgehen",
    "hf.s32.c2": "Dem knisternden Lautsprecher lauschen",
    "hf.s32.c3": "Für eine Sekunde wieder einschlafen",

    "hf.s33.title": "Flur der Tragen",
    "hf.s33.body": "Tragen stehen an der Wand aufgereiht. Eine bewegt sich ganz leicht von selbst, als lege jemand ein unsichtbares Gewicht darauf.",
    "hf.s33.c1": "Dem Pfeil „Ausgang“ folgen",
    "hf.s33.c2": "Zurück zur Sicherheit",
    "hf.s33.c3": "Nach den Umkleiden suchen",

    "hf.s34.title": "Umkleiden",
    "hf.s34.body": "Schließfächer. Kittel. Und in einem halb offenen Fach ein Ausweis mit unleserlichem Namen. Du hörst hinter einer Tür einen Stift schreiben.",
    "hf.s34.c1": "Das Fach „Assistenzarzt“ öffnen",
    "hf.s34.c2": "Einen Kittel nehmen und rausgehen",
    "hf.s34.c3": "Zurück in den Flur der Tragen",

    "hf.s35.title": "Abfallraum",
    "hf.s35.body": "Schwarze Säcke. Geruch nach Bleiche. Eine Metalltür: „MORGE“. Eine Bodenluke führt vielleicht zurück ins Archiv.",
    "hf.s35.c1": "Zur Morge gehen",
    "hf.s35.c2": "Durch die Luke (zurück ins Archiv)",
    "hf.s35.c3": "Zurück zu den Tragen",

    "hf.s36.title": "Morge",
    "hf.s36.body": "Das Licht ist zu weiß. Die Metallschubladen sind geschlossen… bis auf eine, die einen Spalt offensteht. Kalter Atem dringt heraus.",
    "hf.s36.c1": "Die angelehnte Schublade öffnen",
    "hf.s36.c2": "Zurückweichen und die Tür schließen",
    "hf.s36.c3": "Den Wandapparat abnehmen (er klingelt)",

    "hf.s37.title": "Akte Patient 0",
    "hf.s37.body": "In der Schublade: eine Pappakte. Kein Körper. Nur deine Akte, abgelegt wie ein Paket. Auf der ersten Seite: „STATUS: IN BEARBEITUNG“.",
    "hf.s37.c1": "Die Akte mitnehmen",
    "hf.s37.c2": "Liegen lassen und zurückweichen",
    "hf.s37.c3": "Den Raum „Validierung“ suchen",

    "hf.s38.title": "Die Seite, die sich schreibt",
    "hf.s38.body": "Vor deinen Augen tippt sich eine Zeile von selbst: „Der Patient liest das. Er glaubt, er sei allein.“ Der nächste Satz beginnt… und stoppt, sobald du den Atem anhältst.",
    "hf.s38.c1": "Schließen und zum Ausgang rennen",
    "hf.s38.c2": "Zurück ins Archiv",
    "hf.s38.c3": "Die Seite zerreißen",

    "hf.s39.title": "Die Ausgangstür",
    "hf.s39.body": "Eine Tür „AUSGANG“ mit Panikstange. Dahinter: kalte Luft. Aber auch… ein ganz leises Tastaturklackern.",
    "hf.s39.c1": "Die Stange drücken und rausgehen",
    "hf.s39.c2": "Zurück zu den Tragen",
    "hf.s39.c3": "Mit dem Ohr an die Tür lauschen",

    "hf.s40.title": "Der Innenhof",
    "hf.s40.body": "Du bist draußen, im Hof. Die Mauern sind zu hoch. Das Gittertor zur Straße ist da… aber das Schloss wirkt neu, glänzend.",
    "hf.s40.c1": "Zum Gitter rennen",
    "hf.s40.c2": "Hinter einer niedrigen Mauer verstecken",
    "hf.s40.c3": "Wieder hinein",

    "hf.s41.title": "Die Luft draußen",
    "hf.s41.body": "Du atmest ein. Die Luft ist echt. Zu echt. Dann vibriert dein Handy: „Erinnerung: Sprechstunde läuft“. Du hast nie einen Termin gemacht.",
    "hf.s41.c1": "Das Gitter zur Straße aufbrechen",
    "hf.s41.c2": "Zurück in den Innenhof",
    "hf.s41.c3": "Zu den Fenstern im zweiten Stock schauen",

    "hf.s42.title": "Der Diensthabende",
    "hf.s42.body": "Am Ende eines Flurs, sichtbar durch eine Glastür, geht jemand in einem Kittel vorbei. Du siehst sein Gesicht nicht. Er schiebt einen Wagen. Als würde der Dienst weitergehen.",
    "hf.s42.c1": "Ihm unauffällig folgen",
    "hf.s42.c2": "Ihn ansprechen",
    "hf.s42.c3": "Den Moment nutzen und abhauen",

    "hf.s43.title": "Die „Sprechstunde“",
    "hf.s43.body": "Der Kittel dreht sich um. Immer noch kein Gesicht, nur eine verschwommene Fläche. Eine klare Stimme: „Der Patient muss sich vorstellen.“ Der OP-Tisch wartet auf dich.",
    "hf.s43.c1": "Gehorchen und dich hinlegen",
    "hf.s43.c2": "Ablehnen und zurückweichen",
    "hf.s43.c3": "Zum Ausgang fliehen",

    "hf.s44.title": "Fixierung",
    "hf.s44.body": "Du spürst Gurte. Das Piepen wird lauter. Irgendwo erscheint ein Satz: „Ohne Beweis zurück in den OP.“ Du suchst nach deinem Atem.",
    "hf.s44.c1": "Die Augen schließen",
    "hf.s44.c2": "Dich wehren (zwecklos)",
    "hf.s44.c3": "Einen Beweis zeigen (falls du einen hast)",

    "hf.s45.title": "Beweise",
    "hf.s45.body": "Du hältst einen Beweis. Audio, Video oder Akte. Etwas, das sagt: „Dieser Ort lügt.“ Die Sicherheitsmonitore knistern, als würden sie das nicht mögen.",
    "hf.s45.c1": "Sofort verschwinden",
    "hf.s45.c2": "Den Raum „Validierung“ suchen",
    "hf.s45.c3": "Den Beweis zerstören (und vergessen)",

    "hf.s46.title": "Validierung",
    "hf.s46.body": "Hinter einer Tür ohne Klinke ein Büro. Ein Computer tippt von allein. Auf dem Bildschirm: „PATIENT 0 — STATUS: ZUWEISEN“. Ein Stempel „VALIDIERT“ wartet, frische Tinte.",
    "hf.s46.c1": "Die Zuweisung annehmen",
    "hf.s46.c2": "Ablehnen und rennen",
    "hf.s46.c3": "Selbst „VALIDIERT“ stempeln",

    "hf.s47.title": "Die letzte Wahl",
    "hf.s47.body": "Das Gittertor zur Straße ist vor dir. Ein letztes Mal hörst du die Tastatur. Als würde das Krankenhaus warten, dass du dein Ende wählst.",
    "hf.s47.c1": "Mit deinen Beweisen rausgehen",
    "hf.s47.c2": "Zurückgehen und „die Sprechstunde beenden“",
    "hf.s47.c3": "Die ganze Wahrheit aktivieren",

    "hf.s48.title": "Letzter Flur",
    "hf.s48.body": "Du gehst auf das Gitter zu. Das Metall ist kalt. Hinter dir spürst du, wie sich die Hoftür langsam schließt, lautlos. Die Luft scheint ihren Satz anzuhalten.",
    "hf.s48.c1": "Das Gitter aufdrücken und nicht zurückblicken",
    "hf.s48.c2": "Dich umdrehen (nur eine Sekunde)",
    "hf.s48.c3": "Zurückgehen und „etwas“ holen",

    "hf.end_good.title": "Ende — Ausgang (mit Beweis)",
    "hf.end_good.body": "Du gehst durch das Gitter. Die Morgendämmerung beißt dir in die Lungen. Hinter dir steht das Krankenhaus still… zu still. In deiner Hand wiegt der Beweis wie ein warmer Stein. Als du auf dein Foto/deine Aufnahme schaust, existiert der Zeitstempel nicht.",

    "hf.end_bad.title": "Ende — Zurück in den OP",
    "hf.end_bad.body": "Das Deckenlicht frisst dir die Augen. Das Piepen wird zu einem einzigen Ton. Irgendwo schreibt jemand: „Patient vorgestellt. Dienst validiert.“ Und du begreifst, dass der Ausgang hier nie eine Tür war.",

    "hf.end_secret.title": "Geheimes Ende — Zuweisung",
    "hf.end_secret.body": "Der Stempel kracht herunter. „VALIDIERT“. Der Bildschirm zeigt: „Dienstpersonal: aktiv“. Die Tastatur verstummt. Die Tür schließt sich. Und in der Stille spürst du, wie der Ort endlich atmet… weil du abgelöst hast.",

    "hf.clue.has_bracelet.title": "Patientenarmband",
    "hf.clue.has_bracelet.desc": "Ein warmes Armband, als hätte es dir gerade jemand angelegt.",

    "hf.clue.has_keycard.title": "Zugangskarte",
    "hf.clue.has_keycard.desc": "Eine magnetische Personalkarte. Sie öffnet Türen, die längst nicht mehr funktionieren sollten.",

    "hf.clue.has_tape.title": "Dienstkassette",
    "hf.clue.has_tape.desc": "Eine Diktierkassette: Eine Stimme notiert Zeiten… und deinen Namen.",

    "hf.clue.has_recording.title": "CCTV-Aufnahme",
    "hf.clue.has_recording.desc": "Ein Videobeweis: Der Flur bewegt sich, während die Kamera sich nicht bewegt.",

    "hf.clue.has_dossier.title": "Akte Patient 0",
    "hf.clue.has_dossier.desc": "Deine Akte. Sie füllt sich, während du atmest.",

    "hf.h.s12.soft": "Du hast jetzt etwas, das vom Krankenhaus „anerkannt“ wird.",
    "hf.h.s12.strong": "Das Armband öffnet/verändert Türen und macht den geheimen Weg möglich.",

    "hf.h.s18.soft": "Das Diktiergerät liegt nicht zufällig hier.",
    "hf.h.s18.strong": "Nimm die Kassette: Sie zählt als Beweis und für das geheime Ende.",

    "hf.h.s22.soft": "Alles, was noch funktioniert, findet man oft bei der Sicherheit.",
    "hf.h.s22.strong": "Nimm die Zugangskarte: Sie schaltet Archiv, Überwachung und OP frei.",

    "hf.h.s28.soft": "Wenn du beweisen kannst, dass der Flur sich bewegt, kannst du die Schleife brechen.",
    "hf.h.s28.strong": "Starte die Aufnahme: Ohne Beweis schicken dich manche Auswege zurück in den OP.",

    "hf.h.s37.soft": "Die Akte betrifft dich mehr, als du glaubst.",
    "hf.h.s37.strong": "Nimm die Akte: Sie ist der stärkste Beweis – und ein Schlüssel zur ganzen Wahrheit.",

    "hf.h.s47.soft": "Du kannst schnell fertig sein… oder weiter gehen.",
    "hf.h.s47.strong": "Geheimes Ende = Armband + Karte + Kassette + Aufnahme + Akte."
  }
}
