﻿{
  "meta": {
    "scenario_id": "hopital_ferme",
    "language": "ja",
    "version": "1.0.0",
    "hint_ns": "hf.h",
    "generated": "2026-02-10"
  },
  "strings": {
    "hf.title": "サン＝サンドル病院 — ファイル0",
    "hf.tagline": "廊下が動く。書類が君を知っている。そして誰かが当直を続けている。",
    "hf.s01.title": "門",
    "hf.s01.body": "門は閉まっているのに、鎖だけがぶら下がっている。ついさっき切られたみたいに。奥で病院が夜を飲み込む。ネオンは1秒ごとに点いたり消えたりする。",
    "hf.s01.c1": "それでも門を越える",
    "hf.s01.c2": "立入禁止の掲示を読む",
    "hf.s01.c3": "誰かに連絡する（圏外）",
    "hf.s02.title": "切れた鎖",
    "hf.s02.body": "床の鎖がぬるい。新しい錆も、埃もない。まるで今置かれたばかりだ。",
    "hf.s02.c1": "扉へ進む",
    "hf.s02.c2": "掲示に戻る",
    "hf.s02.c3": "動かずに耳を澄ます",
    "hf.s03.title": "新しい紙",
    "hf.s03.body": "古い「閉鎖」の下に、新しい紙がある。「患者到着予定 — 自動入院」。下に君の名字が打たれている。名前はない。",
    "hf.s03.c1": "紙を撮影する",
    "hf.s03.c2": "別の入口を探す",
    "hf.s03.c3": "下がって…戻る（できない）",
    "hf.s04.title": "圏外",
    "hf.s04.body": "スマホは電波ゼロ。なのに画面が勝手に点く。「当直：在室」。顔を上げると、2階の窓が今消えた。",
    "hf.s04.c1": "門へ戻る",
    "hf.s04.c2": "ロビーに入る",
    "hf.s04.c3": "理解できるまで窓を見つめる",
    "hf.s05.title": "ロビー",
    "hf.s05.body": "温い塩素の匂い。中央のタイルだけが濡れている—誰かがさっきモップをかけたみたいに。閉鎖された場所にしては綺麗すぎる。",
    "hf.s05.c1": "受付カウンターへ行く",
    "hf.s05.c2": "メイン廊下を進む",
    "hf.s05.c3": "外へ出る（夜が濃くなる）",
    "hf.s06.title": "受付カウンター",
    "hf.s06.body": "卓上ベル、開いた入院台帳、印刷された紙のバッジ…日付は今日。PC画面には点滅するカーソル：「ファイル：進行中」。",
    "hf.s06.c1": "ベルを鳴らす",
    "hf.s06.c2": "入院台帳を読む",
    "hf.s06.c3": "奥のエレベーターを試す",
    "hf.s07.title": "メイン廊下",
    "hf.s07.body": "廊下は不自然に真っ直ぐ伸びる。扉は全部同じ。突き当たりに「診察」、さらに先に「階段 — 地下1階」。",
    "hf.s07.c1": "病室へ向かう",
    "hf.s07.c2": "放射線科へ行く",
    "hf.s07.c3": "階段で降りる",
    "hf.s08.title": "インターホン",
    "hf.s08.body": "ベルが鳴る。1秒後、インターホンがざらつく。「遅れています。リストバンドを提示してください。」君にはない。",
    "hf.s08.c1": "どこでもらうか聞く",
    "hf.s08.c2": "インターホンを切る",
    "hf.s08.c3": "カウンターを離れる",
    "hf.s09.title": "入院台帳",
    "hf.s09.body": "君の名前はもう書かれている。インクは乾いている。14号室。次の行：「リストバンド受取」。ペンの矢印が病室を指している。",
    "hf.s09.c1": "普通に署名する",
    "hf.s09.c2": "14号室へ行く",
    "hf.s09.c3": "無視して廊下へ戻る",
    "hf.s10.title": "バッジ「患者」",
    "hf.s10.body": "プリンターが紙のバッジを吐き出す。「患者 — 当直」。身長、体重…数字が正しい。正しすぎる。",
    "hf.s10.c1": "バッジを付ける（悪手）",
    "hf.s10.c2": "折って持っていく",
    "hf.s10.c3": "破く",
    "hf.s11.title": "14号室",
    "hf.s11.body": "ベッドは乱れ、枕側はまだぬるい。サイドテーブルに患者リストバンド。心電モニターは消えているのに、LEDがゆっくり「呼吸」している。",
    "hf.s11.c1": "リストバンドを取る",
    "hf.s11.c2": "ナースコールを押す",
    "hf.s11.c3": "すぐ出る",
    "hf.s12.title": "ぬるいリストバンド",
    "hf.s12.body": "リストバンドには君の名前。触れると、プラスチックの中で脈みたいな衝動が走る。",
    "hf.s12.c1": "腕にはめる",
    "hf.s12.c2": "ポケットに入れる",
    "hf.s12.c3": "とりあえず置く",
    "hf.s13.title": "固まったエレベーター",
    "hf.s13.body": "扉は闇に向けて半開き。ボタン「–1」は傷だらけで、引き剥がそうとした跡。金属臭が漏れてくる。",
    "hf.s13.c1": "こじ開ける",
    "hf.s13.c2": "「–1」を押す",
    "hf.s13.c3": "受付へ戻る",
    "hf.s14.title": "放射線科",
    "hf.s14.body": "機械は待機中。画面にはすでに画像が読み込まれている—君を待っていたみたいに。うなりは規則的すぎる。",
    "hf.s14.c1": "画面の画像を見る",
    "hf.s14.c2": "「診察」への出口を探す",
    "hf.s14.c3": "メイン廊下へ戻る",
    "hf.s15.title": "ありえない画像",
    "hf.s15.body": "画像は胸部…その中央に黒い長方形。段ボールのファイルがあるべき正確な場所。下にスタンプ：「患者0 — アーカイブ」。",
    "hf.s15.c1": "「アーカイブ」をメモして下がる",
    "hf.s15.c2": "アーカイブを探しに行く",
    "hf.s15.c3": "照明を点けて確かめる（ちらつく）",
    "hf.s16.title": "礼拝室",
    "hf.s16.body": "壁龕に蝋が新しい三本のろうそく。祈り帳は白紙のページで開かれ、ただ一文だけ：「当直＝君」。",
    "hf.s16.c1": "放射線科へ戻る",
    "hf.s16.c2": "静けさを追って診察室へ",
    "hf.s16.c3": "廊下へ戻る",
    "hf.s17.title": "扉「診察」",
    "hf.s17.body": "スキャナー付きの白い扉。表示は「リストバンドを提示」。扉の向こうで、カートがゆっくり転がる音。",
    "hf.s17.c1": "リストバンドをかざす",
    "hf.s17.c2": "スキャナーなしで扉をこじ開ける",
    "hf.s17.c3": "病室側へ下がる",
    "hf.s18.title": "医師の кабин（診察室）",
    "hf.s18.body": "部屋は整いすぎている。中央に録音機、テープ入り。メモ：「証拠なしに患者を出すな。」",
    "hf.s18.c1": "録音を聞く",
    "hf.s18.c2": "テープを持つ",
    "hf.s18.c3": "引き出しを漁る",
    "hf.s19.title": "滑る廊下",
    "hf.s19.body": "扉を越えた瞬間、廊下が別物になる。壁だった場所に交差点。ネオンが歯みたいにずれる。",
    "hf.s19.c1": "壁に印を付ける（目印）",
    "hf.s19.c2": "カートの音を追う",
    "hf.s19.c3": "階段を探す",
    "hf.s20.title": "階段室",
    "hf.s20.body": "表示は「地下1階」。下から上がる空気は冷たく湿っている。階段のどこかで、誰かが呼吸している気がする。",
    "hf.s20.c1": "地下1階へ降りる",
    "hf.s20.c2": "廊下へ戻る",
    "hf.s20.c3": "エレベーターへ戻る",
    "hf.s21.title": "地下1階",
    "hf.s21.body": "配管が滴る。突き当たりに「警備」。さらに「監視」。光は床から湧くようだ。",
    "hf.s21.c1": "警備室へ行く",
    "hf.s21.c2": "「監視」扉を試す",
    "hf.s21.c3": "階段へ戻る",
    "hf.s22.title": "警備室",
    "hf.s22.body": "モニターは黒いまま、ファンだけ回る。フックにアクセスカード。壁には中庭へ出る避難図。",
    "hf.s22.c1": "アクセスカードを取る",
    "hf.s22.c2": "モニターを再起動する",
    "hf.s22.c3": "金属ロッカーを探る",
    "hf.s23.title": "避難図",
    "hf.s23.body": "図には「中庭出口」。マーカーの追記：「証拠がなければ手術室へ戻る」。君宛てに書かれた気がする。",
    "hf.s23.c1": "中庭へ向かう",
    "hf.s23.c2": "アーカイブへ（カード扉）",
    "hf.s23.c3": "警備室へ戻る",
    "hf.s24.title": "扉「アーカイブ」",
    "hf.s24.body": "灰色の扉、カードリーダー。ラベルは新品：「患者0」。歩くたび、病院が表示を増やしているみたいだ。",
    "hf.s24.c1": "カードを通って入る",
    "hf.s24.c2": "扉の向こうに耳を当てる",
    "hf.s24.c3": "避難図へ戻る",
    "hf.s25.title": "アーカイブ",
    "hf.s25.body": "高い棚。箱。ファイル。テーブルの上には白紙で開いたバインダー。埃に新しい指跡が空いている。",
    "hf.s25.c1": "「患者0」を探す",
    "hf.s25.c2": "手当たり次第に棚を探る",
    "hf.s25.c3": "別の出口を探す",
    "hf.s26.title": "呼吸するファイル",
    "hf.s26.body": "ファイルが膨らんでいる、息を吸うみたいに。君が吸うたび、バインダーがごくわずか持ち上がる。",
    "hf.s26.c1": "一番「生きてる」ファイルを引く",
    "hf.s26.c2": "監視室へ行く",
    "hf.s26.c3": "棚へ戻る",
    "hf.s27.title": "打たれた君の名前",
    "hf.s27.body": "やっと見つける：「患者0」。ラベルは君の名前。下に日付…明日。湿った空気なのに、段ボールは冷たい。",
    "hf.s27.c1": "ファイルを開く",
    "hf.s27.c2": "置いて下がる",
    "hf.s27.c3": "持っていく（震える）",
    "hf.s28.title": "監視室",
    "hf.s28.body": "画面に廊下。ひとつには君が映る…1秒遅れて。ズレは完璧、鼓動みたいに。",
    "hf.s28.c1": "録画を開始する",
    "hf.s28.c2": "カメラ角度を変える",
    "hf.s28.c3": "避難図へ戻る",
    "hf.s29.title": "巻き戻し",
    "hf.s29.body": "壁に印を付けた。だが印はそこにない—扉の上にある。そんな扉は存在しなかった。",
    "hf.s29.c1": "その扉を開く",
    "hf.s29.c2": "アーカイブへ走る",
    "hf.s29.c3": "警備へ戻る",
    "hf.s30.title": "手術室",
    "hf.s30.body": "手術室は点灯している。ライトが空気をじわりと温める。台は覆われ、今にも手術が始まるように整っている。だが誰もいない。",
    "hf.s30.c1": "入って進む",
    "hf.s30.c2": "閉めて逃げる",
    "hf.s30.c3": "ガラス越しに見る",
    "hf.s31.title": "器具トレー",
    "hf.s31.body": "器具は整列。手袋が縁に置かれ、包装を開けたばかりみたいに光っている。",
    "hf.s31.c1": "金属に触る（くっつく）",
    "hf.s31.c2": "手袋を取って下がる",
    "hf.s31.c3": "何も触らず下がる",
    "hf.s32.title": "回復室",
    "hf.s32.body": "カーテンの裏にいる。控えめなビープ音。手首に粘着の跡…センサーを剥がしたみたいに。",
    "hf.s32.c1": "カーテンを引いて出る",
    "hf.s32.c2": "スピーカーのノイズを聞く",
    "hf.s32.c3": "1秒だけ眠る",
    "hf.s33.title": "ストレッチャーの廊下",
    "hf.s33.body": "ストレッチャーが壁に並ぶ。ひとつが微かに動く。見えない重みが乗るように。",
    "hf.s33.c1": "「出口」の矢印を追う",
    "hf.s33.c2": "警備へ戻る",
    "hf.s33.c3": "更衣室を探す",
    "hf.s34.title": "更衣室",
    "hf.s34.body": "ロッカー。白衣。半開きのロッカーに判読不能な名札。扉の向こうでペンが走る音。",
    "hf.s34.c1": "「インターン」ロッカーを開ける",
    "hf.s34.c2": "白衣を取って出る",
    "hf.s34.c3": "ストレッチャーの廊下へ戻る",
    "hf.s35.title": "廃棄物室",
    "hf.s35.body": "黒い袋。漂白剤の匂い。金属扉：「モルグ」。床のハッチはアーカイブへ続くかもしれない。",
    "hf.s35.c1": "モルグへ行く",
    "hf.s35.c2": "ハッチを通る（アーカイブへ戻る）",
    "hf.s35.c3": "ストレッチャーへ戻る",
    "hf.s36.title": "モルグ",
    "hf.s36.body": "光が白すぎる。金属の引き出しは閉まっている…ひとつだけ微かに開いている。冷たい息が漏れる。",
    "hf.s36.c1": "半開きの引き出しを開ける",
    "hf.s36.c2": "下がって扉を閉める",
    "hf.s36.c3": "壁電話を取る（鳴っている）",
    "hf.s37.title": "患者0ファイル",
    "hf.s37.body": "引き出しの中は段ボールのファイル。遺体はない。君のファイルだけが荷物みたいに置かれている。最初の頁：「状態：進行中」。",
    "hf.s37.c1": "ファイルを持っていく",
    "hf.s37.c2": "置いて下がる",
    "hf.s37.c3": "「検証」室を探す",
    "hf.s38.title": "書かれていく頁",
    "hf.s38.body": "目の前で一行が勝手に打たれる。「患者はこれを読む。彼は一人だと思っている。」次の文が始まる…が、君が息を止めると止まる。",
    "hf.s38.c1": "閉じて出口へ走る",
    "hf.s38.c2": "アーカイブへ戻る",
    "hf.s38.c3": "頁を破る",
    "hf.s39.title": "出口の扉",
    "hf.s39.body": "「出口」とパニックバー。向こうは冷気。だが…微かなキーボード音も。",
    "hf.s39.c1": "バーを押して出る",
    "hf.s39.c2": "ストレッチャーへ戻る",
    "hf.s39.c3": "扉に張り付いて聞く",
    "hf.s40.title": "中庭",
    "hf.s40.body": "外だ、中庭の中。壁が高すぎる。通りへ出る柵はある…鍵は新品みたいに光る。",
    "hf.s40.c1": "柵へ走る",
    "hf.s40.c2": "低い壁の陰に隠れる",
    "hf.s40.c3": "中へ戻る",
    "hf.s41.title": "外の空気",
    "hf.s41.body": "息を吸う。空気は本物だ。リアルすぎる。するとスマホが震える：「リマインダー：診察進行中」。予約なんてしていない。",
    "hf.s41.c1": "通り側の柵をこじ開ける",
    "hf.s41.c2": "中庭へ戻る",
    "hf.s41.c3": "2階の窓を見る",
    "hf.s42.title": "作業員",
    "hf.s42.body": "ガラス扉の向こう、廊下の奥で誰かが白衣で通る。顔が見えない。カートを押している。まるで当直が続いているように。",
    "hf.s42.c1": "そっと後を追う",
    "hf.s42.c2": "呼びかける",
    "hf.s42.c3": "隙を見て逃げる",
    "hf.s43.title": "「診察」",
    "hf.s43.body": "白衣が振り向く。やはり顔はない、ぼやけた空白だけ。はっきりした声：「患者は提示されねばならない。」手術台が待っている。",
    "hf.s43.c1": "従って横たわる",
    "hf.s43.c2": "拒んで下がる",
    "hf.s43.c3": "出口へ逃げる",
    "hf.s44.title": "固定",
    "hf.s44.body": "ベルトの感触。ビープ音が強くなる。どこかに一文：「証拠がなければ手術室へ戻る。」呼吸を探す。",
    "hf.s44.c1": "目を閉じる",
    "hf.s44.c2": "暴れる（無駄）",
    "hf.s44.c3": "証拠を見せる（あれば）",
    "hf.s45.title": "証拠",
    "hf.s45.body": "証拠を持っている。音声、映像、あるいはファイル。「この場所は嘘をつく」と言えるもの。警備モニターがざわつく、嫌がるように。",
    "hf.s45.c1": "今すぐ出る",
    "hf.s45.c2": "「検証」室を探す",
    "hf.s45.c3": "証拠を壊す（そして忘れる）",
    "hf.s46.title": "検証",
    "hf.s46.body": "取っ手のない扉の奥に小さな部屋。PCが勝手に打つ。画面：「患者0 — 状態：割当待ち」。新しいインクの「検証済」スタンプが待っている。",
    "hf.s46.c1": "割当を受け入れる",
    "hf.s46.c2": "拒んで走る",
    "hf.s46.c3": "自分で「検証済」を押す",
    "hf.s47.title": "最後の選択",
    "hf.s47.body": "通りへ出る柵が目の前。最後にもう一度、キーボード音。病院が君の結末を待っているみたいに。",
    "hf.s47.c1": "証拠を持って出る",
    "hf.s47.c2": "「診察を終える」ため戻る",
    "hf.s47.c3": "完全な真実を起動する",
    "hf.s48.title": "最後の廊下",
    "hf.s48.body": "柵へ進む。金属は冷たい。背後で中庭の扉がゆっくり閉まる気配—無音で。空気が言葉を飲み込む。",
    "hf.s48.c1": "柵を押し、振り返らない",
    "hf.s48.c2": "振り返る（たった1秒）",
    "hf.s48.c3": "「何か」を取りに戻る",
    "hf.end_good.title": "結末 — 脱出（証拠あり）",
    "hf.end_good.body": "柵を抜ける。夜明けが肺を噛む。背後で病院は動かない…動かなすぎる。手の中の証拠は熱い石みたいに重い。写真／録画を見ても、タイムスタンプが存在しない。",
    "hf.end_bad.title": "結末 — 手術室へ戻る",
    "hf.end_bad.body": "天井の光が目を喰う。ビープは一本の音になる。どこかで誰かが書く：「患者提示。当直検証完了。」そして理解する。ここで出口は最初から扉じゃなかった。",
    "hf.end_secret.title": "秘密の結末 — 割当",
    "hf.end_secret.body": "スタンプが落ちる。「検証済」。画面：「当直スタッフ：稼働」。キーボードが止まる。扉が閉まる。沈黙の中で、場所がようやく息をするのを感じる…君が引き継いだから。",
    "hf.clue.has_bracelet.title": "患者リストバンド",
    "hf.clue.has_bracelet.desc": "つけたばかりみたいにぬるいリストバンド。",
    "hf.clue.has_keycard.title": "アクセスカード",
    "hf.clue.has_keycard.desc": "職員の磁気カード。動くはずのない扉を開く。",
    "hf.clue.has_tape.title": "当直テープ",
    "hf.clue.has_tape.desc": "録音テープ：声が勤務時間を記す…そして君の名前も。",
    "hf.clue.has_recording.title": "CCTV録画",
    "hf.clue.has_recording.desc": "映像の証拠：カメラが動かないのに廊下が動く。",
    "hf.clue.has_dossier.title": "患者0ファイル",
    "hf.clue.has_dossier.desc": "君のファイル。呼吸するたびに内容が埋まっていく。",
    "hf.h.s12.soft": "病院に「認識」されたものを手に入れた。",
    "hf.h.s12.strong": "リストバンドは扉を開き／歪め、秘密ルートを可能にする。",
    "hf.h.s18.soft": "録音機は偶然じゃない。",
    "hf.h.s18.strong": "テープを取れ：証拠になり、秘密の結末にも必要だ。",
    "hf.h.s22.soft": "まだ動くものは大抵、警備にある。",
    "hf.h.s22.strong": "カードを取れ：アーカイブ、監視、手術室を解放する。",
    "hf.h.s28.soft": "廊下が動く証拠があれば、ループを壊せる。",
    "hf.h.s28.strong": "録画を開始しろ：証拠なしでは一部の出口が手術室へ戻す。",
    "hf.h.s37.soft": "そのファイルは君が思う以上に君のものだ。",
    "hf.h.s37.strong": "ファイルを持て：最強の証拠であり、完全な真実への鍵だ。",
    "hf.h.s47.soft": "早く終わらせることも…先へ進むこともできる。",
    "hf.h.s47.strong": "秘密の結末＝リストバンド＋カード＋テープ＋録画＋ファイル。"
  }
}
