{
  "meta": {
    "scenario_id": "temple_mictlan",
    "version": "1.0.0",
    "title_key": "tm.title",
    "tagline_key": "tm.tagline",
    "start_scene": "s01",
    "hint_ns": "tm.h",
    "clues": [
      "has_map",
      "has_jade",
      "has_knife",
      "has_rope",
      "has_name",
      "has_offering"
    ]
  },
  "paths": {
    "logic": "data/scenarios/temple_mictlan/logic.json",
    "texts_fr": "data/scenarios/temple_mictlan/text_fr.json",
    "images_dir": "assets/scenarios/temple_mictlan/img/"
  },
  "images": {
    "cover": { "file": "assets/scenarios/temple_mictlan/img/cover.webp", "alt": "Temple enfoui dans la jungle de nuit, brume et silence" },
    "camp_night": { "file": "assets/scenarios/temple_mictlan/img/camp_night.webp", "alt": "Camp de fouilles nocturne, outils et carnets sous une lumière faible" },
    "jungle_path": { "file": "assets/scenarios/temple_mictlan/img/jungle_path.webp", "alt": "Sentier de jungle fraîchement frayé, végétation humide et traces récentes" },
    "sinkhole": { "file": "assets/scenarios/temple_mictlan/img/sinkhole.webp", "alt": "Effondrement révélant des escaliers de pierre descendant sous la jungle" },
    "temple_entrance": { "file": "assets/scenarios/temple_mictlan/img/temple_entrance.webp", "alt": "Entrée du temple en pierre sombre, motifs anciens, couloir noir" },
    "stair_descent": { "file": "assets/scenarios/temple_mictlan/img/stair_descent.webp", "alt": "Escalier humide vers le sous-sol, racines et air froid" },
    "antechamber": { "file": "assets/scenarios/temple_mictlan/img/antechamber.webp", "alt": "Antichambre rituelle, encens consumé et pierres alignées" },
    "mural_wide": { "file": "assets/scenarios/temple_mictlan/img/mural_wide.webp", "alt": "Grande fresque représentant une reine des morts, lumière vacillante" },
    "mural_close": { "file": "assets/scenarios/temple_mictlan/img/mural_close.webp", "alt": "Détail de fresque: motifs os/jade/obsidienne, pierre usée" },
    "offering_table": { "file": "assets/scenarios/temple_mictlan/img/offering_table.webp", "alt": "Table d’offrandes, bol et poudre, poussière perturbée" },
    "corridor_narrow": { "file": "assets/scenarios/temple_mictlan/img/corridor_narrow.webp", "alt": "Couloir étroit et humide, perspective oppressante" },
    "torch_hand": { "file": "assets/scenarios/temple_mictlan/img/torch_hand.webp", "alt": "Main éclairant des gravures dans la pierre, poussière en suspension" },
    "blocked_door": { "file": "assets/scenarios/temple_mictlan/img/blocked_door.webp", "alt": "Porte partiellement murée par des pierres plus récentes" },
    "obsidian_door": { "file": "assets/scenarios/temple_mictlan/img/obsidian_door.webp", "alt": "Porte rituelle en obsidienne, rainures et reflets sombres" },
    "blood_groove": { "file": "assets/scenarios/temple_mictlan/img/blood_groove.webp", "alt": "Rigole rituelle au sol, résidu sombre non gore" },
    "cenote_dark": { "file": "assets/scenarios/temple_mictlan/img/cenote_dark.webp", "alt": "Cénote souterraine, eau noire, brume et gouttes" },
    "bridge_stone": { "file": "assets/scenarios/temple_mictlan/img/bridge_stone.webp", "alt": "Passage étroit au-dessus de l’eau noire, pierres glissantes" },
    "echo_tunnel": { "file": "assets/scenarios/temple_mictlan/img/echo_tunnel.webp", "alt": "Tunnel aux parois courbes, perspective étrange, son déformé" },
    "bone_wall": { "file": "assets/scenarios/temple_mictlan/img/bone_wall.webp", "alt": "Mur d’ossuaire: os et pierres alignés avec une précision inquiétante" },
    "skull_alcoves": { "file": "assets/scenarios/temple_mictlan/img/skull_alcoves.webp", "alt": "Alcôves remplies de crânes alignés, profondeur infinie, non gore" },
    "ossuary_hall": { "file": "assets/scenarios/temple_mictlan/img/ossuary_hall.webp", "alt": "Grande salle d’ossuaire, colonnes, brume basse, lumière volumétrique" },
    "altar_obsidian": { "file": "assets/scenarios/temple_mictlan/img/altar_obsidian.webp", "alt": "Autel d’obsidienne central, offrandes et poussière soufflée" },
    "lady_of_dead": { "file": "assets/scenarios/temple_mictlan/img/lady_of_dead.webp", "alt": "Mictēcacihuātl immobile et solennelle, masque crâne stylisé, non gore" },
    "shadow_ceremony": { "file": "assets/scenarios/temple_mictlan/img/shadow_ceremony.webp", "alt": "Silhouettes floues sans visage en arrière-plan, rituel implicite" },
    "glyph_puzzle": { "file": "assets/scenarios/temple_mictlan/img/glyph_puzzle.webp", "alt": "Mécanisme de puzzle en pierre, blocs tournants, symboles non lisibles" },
    "hidden_niche": { "file": "assets/scenarios/temple_mictlan/img/hidden_niche.webp", "alt": "Niche secrète révélée, petit objet en jade/obsidienne" },
    "escape_tunnel": { "file": "assets/scenarios/temple_mictlan/img/escape_tunnel.webp", "alt": "Tunnel de fuite étroit, terre humide, urgence silencieuse" },
    "dawn_exit": { "file": "assets/scenarios/temple_mictlan/img/dawn_exit.webp", "alt": "Sortie vers la jungle à l’aube, brouillard et air froid" },
    "final_good": { "file": "assets/scenarios/temple_mictlan/img/final_good.webp", "alt": "Aube: tu sors vivant avec une preuve en main, soulagement mêlé de peur" },
    "final_bad": { "file": "assets/scenarios/temple_mictlan/img/final_bad.webp", "alt": "Lumière froide au-dessus de l’autel, sensation d’âme prise, non gore" },
    "final_secret": { "file": "assets/scenarios/temple_mictlan/img/final_secret.webp", "alt": "Sanctuaire caché: porte d’obsidienne qui se referme, lien éternel au temple" }
  },
  "state_model": {
    "flags": [
      "has_map",
      "has_jade",
      "has_knife",
      "has_rope",
      "has_name",
      "has_offering"
    ]
  },
  "scenes": {
    "s01": {
      "image_id": "camp_night",
      "title_key": "tm.s01.title",
      "body_key": "tm.s01.body",
      "choices": [
        { "choice_key": "tm.s01.c1", "next": "s02" },
        { "choice_key": "tm.s01.c2", "next": "s03" },
        { "choice_key": "tm.s01.c3", "next": "s04" }
      ]
    },
    "s02": {
      "image_id": "jungle_path",
      "title_key": "tm.s02.title",
      "body_key": "tm.s02.body",
      "choices": [
        { "choice_key": "tm.s02.c1", "next": "s05" },
        { "choice_key": "tm.s02.c2", "next": "s03" },
        { "choice_key": "tm.s02.c3", "next": "s04" }
      ]
    },
    "s03": {
      "image_id": "camp_night",
      "title_key": "tm.s03.title",
      "body_key": "tm.s03.body",
      "choices": [
        { "choice_key": "tm.s03.c1", "next": "s02" },
        { "choice_key": "tm.s03.c2", "next": "s06" },
        { "choice_key": "tm.s03.c3", "next": "s04" }
      ]
    },
    "s04": {
      "image_id": "cover",
      "title_key": "tm.s04.title",
      "body_key": "tm.s04.body",
      "choices": [
        { "choice_key": "tm.s04.c1", "next": "s02" },
        { "choice_key": "tm.s04.c2", "next": "s06", "set_flags": [ "has_map" ] },
        { "choice_key": "tm.s04.c3", "next": "s07" }
      ]
    },
    "s05": {
      "image_id": "sinkhole",
      "title_key": "tm.s05.title",
      "body_key": "tm.s05.body",
      "choices": [
        { "choice_key": "tm.s05.c1", "next": "s08" },
        { "choice_key": "tm.s05.c2", "next": "s07" },
        { "choice_key": "tm.s05.c3", "next": "s06" }
      ]
    },
    "s06": {
      "image_id": "camp_night",
      "title_key": "tm.s06.title",
      "body_key": "tm.s06.body",
      "choices": [
        { "choice_key": "tm.s06.c1", "next": "s05" },
        { "choice_key": "tm.s06.c2", "next": "s07" },
        { "choice_key": "tm.s06.c3", "next": "s03" }
      ]
    },
    "s07": {
      "image_id": "jungle_path",
      "title_key": "tm.s07.title",
      "body_key": "tm.s07.body",
      "choices": [
        { "choice_key": "tm.s07.c1", "next": "s05" },
        { "choice_key": "tm.s07.c2", "next": "s09" },
        { "choice_key": "tm.s07.c3", "next": "s10" }
      ]
    },
    "s08": {
      "image_id": "stair_descent",
      "title_key": "tm.s08.title",
      "body_key": "tm.s08.body",
      "choices": [
        { "choice_key": "tm.s08.c1", "next": "s11" },
        { "choice_key": "tm.s08.c2", "next": "s10" },
        { "choice_key": "tm.s08.c3", "next": "s09" }
      ]
    },
    "s09": {
      "image_id": "temple_entrance",
      "title_key": "tm.s09.title",
      "body_key": "tm.s09.body",
      "choices": [
        { "choice_key": "tm.s09.c1", "next": "s08" },
        { "choice_key": "tm.s09.c2", "next": "s12" },
        { "choice_key": "tm.s09.c3", "next": "s10" }
      ]
    },
    "s10": {
      "image_id": "torch_hand",
      "title_key": "tm.s10.title",
      "body_key": "tm.s10.body",
      "choices": [
        { "choice_key": "tm.s10.c1", "next": "s09" },
        { "choice_key": "tm.s10.c2", "next": "s12" },
        { "choice_key": "tm.s10.c3", "next": "s06" }
      ]
    },
    "s11": {
      "image_id": "antechamber",
      "title_key": "tm.s11.title",
      "body_key": "tm.s11.body",
      "choices": [
        { "choice_key": "tm.s11.c1", "next": "s13", "set_flags": ["has_jade"] },
        { "choice_key": "tm.s11.c2", "next": "s14" },
        { "choice_key": "tm.s11.c3", "next": "s12" }
      ]
    },
    "s12": {
      "image_id": "corridor_narrow",
      "title_key": "tm.s12.title",
      "body_key": "tm.s12.body",
      "choices": [
        { "choice_key": "tm.s12.c1", "next": "s11" },
        { "choice_key": "tm.s12.c2", "next": "s15" },
        { "choice_key": "tm.s12.c3", "next": "s16" }
      ]
    },
    "s13": {
      "image_id": "mural_wide",
      "title_key": "tm.s13.title",
      "body_key": "tm.s13.body",
      "choices": [
        { "choice_key": "tm.s13.c1", "next": "s17" },
        { "choice_key": "tm.s13.c2", "next": "s18" },
        { "choice_key": "tm.s13.c3", "next": "s12" }
      ]
    },
    "s14": {
      "image_id": "offering_table",
      "title_key": "tm.s14.title",
      "body_key": "tm.s14.body",
      "choices": [
        { "choice_key": "tm.s14.c1", "next": "s19", "set_flags": [ "has_jade" ] },
        { "choice_key": "tm.s14.c2", "next": "s18" },
        { "choice_key": "tm.s14.c3", "next": "s12" }
      ]
    },
    "s15": {
      "image_id": "mural_close",
      "title_key": "tm.s15.title",
      "body_key": "tm.s15.body",
      "choices": [
        { "choice_key": "tm.s15.c1", "next": "s20" },
        { "choice_key": "tm.s15.c2", "next": "s21" },
        { "choice_key": "tm.s15.c3", "next": "s13" }
      ]
    },
    "s16": {
      "image_id": "blocked_door",
      "title_key": "tm.s16.title",
      "body_key": "tm.s16.body",
      "choices": [
        { "choice_key": "tm.s16.c1", "next": "s22" },
        { "choice_key": "tm.s16.c2", "next": "s12" },
        { "choice_key": "tm.s16.c3", "next": "s14" }
      ]
    },
    "s17": {
      "image_id": "glyph_puzzle",
      "title_key": "tm.s17.title",
      "body_key": "tm.s17.body",
      "choices": [
        { "choice_key": "tm.s17.c1", "next": "s23" },
        { "choice_key": "tm.s17.c2", "next": "s24" },
        { "choice_key": "tm.s17.c3", "next": "s12" }
      ]
    },
    "s18": {
      "image_id": "corridor_narrow",
      "title_key": "tm.s18.title",
      "body_key": "tm.s18.body",
      "choices": [
        { "choice_key": "tm.s18.c1", "next": "s17" },
        { "choice_key": "tm.s18.c2", "next": "s25" },
        { "choice_key": "tm.s18.c3", "next": "s14" }
      ]
    },
    "s19": {
      "image_id": "hidden_niche",
      "title_key": "tm.s19.title",
      "body_key": "tm.s19.body",
      "choices": [
        { "choice_key": "tm.s19.c1", "next": "s26" },
        { "choice_key": "tm.s19.c2", "next": "s27", "set_flags": [ "has_knife" ] },
        { "choice_key": "tm.s19.c3", "next": "s14" }
      ]
    },
    "s20": {
      "image_id": "blood_groove",
      "title_key": "tm.s20.title",
      "body_key": "tm.s20.body",
      "choices": [
        { "choice_key": "tm.s20.c1", "next": "s28" },
        { "choice_key": "tm.s20.c2", "next": "s21" },
        { "choice_key": "tm.s20.c3", "next": "s17" }
      ]
    },
    "s21": {
      "image_id": "obsidian_door",
      "title_key": "tm.s21.title",
      "body_key": "tm.s21.body",
      "choices": [
        { "choice_key": "tm.s21.c1", "next": "s29", "requires_any_flags": [ "has_jade" ] },
        { "choice_key": "tm.s21.c2", "next": "s28" },
        { "choice_key": "tm.s21.c3", "next": "s15" }
      ]
    },
    "s22": {
      "image_id": "blocked_door",
      "title_key": "tm.s22.title",
      "body_key": "tm.s22.body",
      "choices": [
        { "choice_key": "tm.s22.c1", "next": "s30", "requires_any_flags": [ "has_knife" ] },
        { "choice_key": "tm.s22.c2", "next": "s16" },
        { "choice_key": "tm.s22.c3", "next": "s14" }
      ]
    },
    "s23": {
      "image_id": "glyph_puzzle",
      "title_key": "tm.s23.title",
      "body_key": "tm.s23.body",
      "choices": [
        { "choice_key": "tm.s23.c1", "next": "s31" },
        { "choice_key": "tm.s23.c2", "next": "s24" },
        { "choice_key": "tm.s23.c3", "next": "s17" }
      ]
    },
    "s24": {
      "image_id": "mural_close",
      "title_key": "tm.s24.title",
      "body_key": "tm.s24.body",
      "choices": [
        { "choice_key": "tm.s24.c1", "next": "s31", "requires_any_flags": [ "has_map" ] },
        { "choice_key": "tm.s24.c2", "next": "s13" },
        { "choice_key": "tm.s24.c3", "next": "s18" }
      ]
    },
    "s25": {
      "image_id": "echo_tunnel",
      "title_key": "tm.s25.title",
      "body_key": "tm.s25.body",
      "choices": [
        { "choice_key": "tm.s25.c1", "next": "s32" },
        { "choice_key": "tm.s25.c2", "next": "s33" },
        { "choice_key": "tm.s25.c3", "next": "s18" }
      ]
    },
    "s26": {
      "image_id": "corridor_narrow",
      "title_key": "tm.s26.title",
      "body_key": "tm.s26.body",
      "choices": [
        { "choice_key": "tm.s26.c1", "next": "s34" },
        { "choice_key": "tm.s26.c2", "next": "s35" },
        { "choice_key": "tm.s26.c3", "next": "s25" }
      ]
    },
    "s27": {
      "image_id": "hidden_niche",
      "title_key": "tm.s27.title",
      "body_key": "tm.s27.body",
      "choices": [
        { "choice_key": "tm.s27.c1", "next": "s26" },
        { "choice_key": "tm.s27.c2", "next": "s22" },
        { "choice_key": "tm.s27.c3", "next": "s14" }
      ]
    },
    "s28": {
      "image_id": "obsidian_door",
      "title_key": "tm.s28.title",
      "body_key": "tm.s28.body",
      "choices": [
        { "choice_key": "tm.s28.c1", "next": "s29" },
        { "choice_key": "tm.s28.c2", "next": "s25" },
        { "choice_key": "tm.s28.c3", "next": "s20" }
      ]
    },
    "s29": {
      "image_id": "cenote_dark",
      "title_key": "tm.s29.title",
      "body_key": "tm.s29.body",
      "choices": [
        { "choice_key": "tm.s29.c1", "next": "s36" },
        { "choice_key": "tm.s29.c2", "next": "s37", "set_flags": [ "has_rope" ] },
        { "choice_key": "tm.s29.c3", "next": "s28" }
      ]
    },
    "s30": {
      "image_id": "blocked_door",
      "title_key": "tm.s30.title",
      "body_key": "tm.s30.body",
      "choices": [
        { "choice_key": "tm.s30.c1", "next": "s38" },
        { "choice_key": "tm.s30.c2", "next": "s16" },
        { "choice_key": "tm.s30.c3", "next": "s26" }
      ]
    },
    "s31": {
      "image_id": "obsidian_door",
      "title_key": "tm.s31.title",
      "body_key": "tm.s31.body",
      "choices": [
        { "choice_key": "tm.s31.c1", "next": "s39" },
        { "choice_key": "tm.s31.c2", "next": "s25" },
        { "choice_key": "tm.s31.c3", "next": "s17" }
      ]
    },
    "s32": {
      "image_id": "echo_tunnel",
      "title_key": "tm.s32.title",
      "body_key": "tm.s32.body",
      "choices": [
        { "choice_key": "tm.s32.c1", "next": "s40" },
        { "choice_key": "tm.s32.c2", "next": "s33" },
        { "choice_key": "tm.s32.c3", "next": "s25" }
      ]
    },
    "s33": {
      "image_id": "corridor_narrow",
      "title_key": "tm.s33.title",
      "body_key": "tm.s33.body",
      "choices": [
        { "choice_key": "tm.s33.c1", "next": "s41" },
        { "choice_key": "tm.s33.c2", "next": "s34" },
        { "choice_key": "tm.s33.c3", "next": "s32" }
      ]
    },
    "s34": {
      "image_id": "bridge_stone",
      "title_key": "tm.s34.title",
      "body_key": "tm.s34.body",
      "choices": [
        { "choice_key": "tm.s34.c1", "next": "s42", "requires_any_flags": [ "has_rope" ] },
        { "choice_key": "tm.s34.c2", "next": "s36" },
        { "choice_key": "tm.s34.c3", "next": "s33" }
      ]
    },
    "s35": {
      "image_id": "cenote_dark",
      "title_key": "tm.s35.title",
      "body_key": "tm.s35.body",
      "choices": [
        { "choice_key": "tm.s35.c1", "next": "s36" },
        { "choice_key": "tm.s35.c2", "next": "s43" },
        { "choice_key": "tm.s35.c3", "next": "s29" }
      ]
    },
    "s36": {
      "image_id": "bridge_stone",
      "title_key": "tm.s36.title",
      "body_key": "tm.s36.body",
      "choices": [
        { "choice_key": "tm.s36.c1", "next": "s44" },
        { "choice_key": "tm.s36.c2", "next": "s35" },
        { "choice_key": "tm.s36.c3", "next": "s34" }
      ]
    },
    "s37": {
      "image_id": "hidden_niche",
      "title_key": "tm.s37.title",
      "body_key": "tm.s37.body",
      "choices": [
        { "choice_key": "tm.s37.c1", "next": "s34" },
        { "choice_key": "tm.s37.c2", "next": "s29" },
        { "choice_key": "tm.s37.c3", "next": "s36" }
      ]
    },
    "s38": {
      "image_id": "blood_groove",
      "title_key": "tm.s38.title",
      "body_key": "tm.s38.body",
      "choices": [
        { "choice_key": "tm.s38.c1", "next": "s45", "requires_any_flags": [ "has_jade" ] },
        { "choice_key": "tm.s38.c2", "next": "s33" },
        { "choice_key": "tm.s38.c3", "next": "s30" }
      ]
    },
    "s39": {
      "image_id": "bone_wall",
      "title_key": "tm.s39.title",
      "body_key": "tm.s39.body",
      "choices": [
        { "choice_key": "tm.s39.c1", "next": "s46" },
        { "choice_key": "tm.s39.c2", "next": "s47" },
        { "choice_key": "tm.s39.c3", "next": "s31" }
      ]
    },
    "s40": {
      "image_id": "skull_alcoves",
      "title_key": "tm.s40.title",
      "body_key": "tm.s40.body",
      "choices": [
        { "choice_key": "tm.s40.c1", "next": "s48" },
        { "choice_key": "tm.s40.c2", "next": "s46" },
        { "choice_key": "tm.s40.c3", "next": "s32" }
      ]
    },
    "s41": {
      "image_id": "bone_wall",
      "title_key": "tm.s41.title",
      "body_key": "tm.s41.body",
      "choices": [
        { "choice_key": "tm.s41.c1", "next": "s49" },
        { "choice_key": "tm.s41.c2", "next": "s33" },
        { "choice_key": "tm.s41.c3", "next": "s40" }
      ]
    },
    "s42": {
      "image_id": "bridge_stone",
      "title_key": "tm.s42.title",
      "body_key": "tm.s42.body",
      "choices": [
        { "choice_key": "tm.s42.c1", "next": "s44" },
        { "choice_key": "tm.s42.c2", "next": "s36" },
        { "choice_key": "tm.s42.c3", "next": "s35" }
      ]
    },
    "s43": {
      "image_id": "echo_tunnel",
      "title_key": "tm.s43.title",
      "body_key": "tm.s43.body",
      "choices": [
        { "choice_key": "tm.s43.c1", "next": "s44" },
        { "choice_key": "tm.s43.c2", "next": "s32" },
        { "choice_key": "tm.s43.c3", "next": "s35" }
      ]
    },
    "s44": {
      "image_id": "ossuary_hall",
      "title_key": "tm.s44.title",
      "body_key": "tm.s44.body",
      "choices": [
        { "choice_key": "tm.s44.c1", "next": "s50" },
        { "choice_key": "tm.s44.c2", "next": "s51" },
        { "choice_key": "tm.s44.c3", "next": "s52" }
      ]
    },
    "s45": {
      "image_id": "obsidian_door",
      "title_key": "tm.s45.title",
      "body_key": "tm.s45.body",
      "choices": [
        { "choice_key": "tm.s45.c1", "next": "s39" },
        { "choice_key": "tm.s45.c2", "next": "s46" },
        { "choice_key": "tm.s45.c3", "next": "s38" }
      ]
    },
    "s46": {
      "image_id": "skull_alcoves",
      "title_key": "tm.s46.title",
      "body_key": "tm.s46.body",
      "choices": [
        { "choice_key": "tm.s46.c1", "next": "s53" },
        { "choice_key": "tm.s46.c2", "next": "s47" },
        { "choice_key": "tm.s46.c3", "next": "s39" }
      ]
    },
    "s47": {
      "image_id": "bone_wall",
      "title_key": "tm.s47.title",
      "body_key": "tm.s47.body",
      "choices": [
        { "choice_key": "tm.s47.c1", "next": "s48" },
        { "choice_key": "tm.s47.c2", "next": "s46" },
        { "choice_key": "tm.s47.c3", "next": "s41" }
      ]
    },
    "s48": {
      "image_id": "glyph_puzzle",
      "title_key": "tm.s48.title",
      "body_key": "tm.s48.body",
      "choices": [
        { "choice_key": "tm.s48.c1", "next": "s54" },
        { "choice_key": "tm.s48.c2", "next": "s53" },
        { "choice_key": "tm.s48.c3", "next": "s40" }
      ]
    },
    "s49": {
      "image_id": "mural_close",
      "title_key": "tm.s49.title",
      "body_key": "tm.s49.body",
      "choices": [
        { "choice_key": "tm.s49.c1", "next": "s55", "set_flags": [ "has_name" ] },
        { "choice_key": "tm.s49.c2", "next": "s46" },
        { "choice_key": "tm.s49.c3", "next": "s41" }
      ]
    },
    "s50": {
      "image_id": "altar_obsidian",
      "title_key": "tm.s50.title",
      "body_key": "tm.s50.body",
      "choices": [
        { "choice_key": "tm.s50.c1", "next": "s56" },
        { "choice_key": "tm.s50.c2", "next": "s57" },
        { "choice_key": "tm.s50.c3", "next": "s44" }
      ]
    },
    "s51": {
      "image_id": "shadow_ceremony",
      "title_key": "tm.s51.title",
      "body_key": "tm.s51.body",
      "choices": [
        { "choice_key": "tm.s51.c1", "next": "s56" },
        { "choice_key": "tm.s51.c2", "next": "s58" },
        { "choice_key": "tm.s51.c3", "next": "s44" }
      ]
    },
    "s52": {
      "image_id": "skull_alcoves",
      "title_key": "tm.s52.title",
      "body_key": "tm.s52.body",
      "choices": [
        { "choice_key": "tm.s52.c1", "next": "s53" },
        { "choice_key": "tm.s52.c2", "next": "s48" },
        { "choice_key": "tm.s52.c3", "next": "s44" }
      ]
    },
    "s53": {
      "image_id": "hidden_niche",
      "title_key": "tm.s53.title",
      "body_key": "tm.s53.body",
      "choices": [
        { "choice_key": "tm.s53.c1", "next": "s59", "set_flags": ["has_jade"] },
        { "choice_key": "tm.s53.c2", "next": "s48" },
        { "choice_key": "tm.s53.c3", "next": "s46" }
      ]
    },
    "s54": {
      "image_id": "glyph_puzzle",
      "title_key": "tm.s54.title",
      "body_key": "tm.s54.body",
      "choices": [
        { "choice_key": "tm.s54.c1", "next": "s60", "requires_any_flags": [ "has_jade", "has_map" ] },
        { "choice_key": "tm.s54.c2", "next": "s48" },
        { "choice_key": "tm.s54.c3", "next": "s52" }
      ]
    },
    "s55": {
      "image_id": "mural_wide",
      "title_key": "tm.s55.title",
      "body_key": "tm.s55.body",
      "choices": [
        { "choice_key": "tm.s55.c1", "next": "s56" },
        { "choice_key": "tm.s55.c2", "next": "s49" },
        { "choice_key": "tm.s55.c3", "next": "s44" }
      ]
    },
    "s56": {
      "image_id": "lady_of_dead",
      "title_key": "tm.s56.title",
      "body_key": "tm.s56.body",
      "choices": [
        { "choice_key": "tm.s56.c1", "next": "s61" },
        { "choice_key": "tm.s56.c2", "next": "s62" },
        { "choice_key": "tm.s56.c3", "next": "s63" }
      ]
    },
    "s57": {
      "image_id": "altar_obsidian",
      "title_key": "tm.s57.title",
      "body_key": "tm.s57.body",
      "choices": [
        { "choice_key": "tm.s57.c1", "next": "s64", "requires_any_flags": [ "has_jade" ] },
        { "choice_key": "tm.s57.c2", "next": "s56" },
        { "choice_key": "tm.s57.c3", "next": "s44" }
      ]
    },
    "s58": {
      "image_id": "shadow_ceremony",
      "title_key": "tm.s58.title",
      "body_key": "tm.s58.body",
      "choices": [
        { "choice_key": "tm.s58.c1", "next": "s65" },
        { "choice_key": "tm.s58.c2", "next": "s56" },
        { "choice_key": "tm.s58.c3", "next": "s51" }
      ]
    },
    "s59": {
      "image_id": "blood_groove",
      "title_key": "tm.s59.title",
      "body_key": "tm.s59.body",
      "choices": [
        { "choice_key": "tm.s59.c1", "next": "s64", "requires_any_flags": [ "has_knife" ] },
        { "choice_key": "tm.s59.c2", "next": "s66" },
        { "choice_key": "tm.s59.c3", "next": "s53" }
      ]
    },
    "s60": {
      "image_id": "obsidian_door",
      "title_key": "tm.s60.title",
      "body_key": "tm.s60.body",
      "choices": [
        { "choice_key": "tm.s60.c1", "next": "s67" },
        { "choice_key": "tm.s60.c2", "next": "s54" },
        { "choice_key": "tm.s60.c3", "next": "s44" }
      ]
    },
    "s61": {
      "image_id": "lady_of_dead",
      "title_key": "tm.s61.title",
      "body_key": "tm.s61.body",
      "choices": [
        { "choice_key": "tm.s61.c1", "next": "s68", "requires_any_flags": [ "has_name" ] },
        { "choice_key": "tm.s61.c2", "next": "s69" },
        { "choice_key": "tm.s61.c3", "next": "s70" }
      ]
    },
    "s62": {
      "image_id": "altar_obsidian",
      "title_key": "tm.s62.title",
      "body_key": "tm.s62.body",
      "choices": [
        { "choice_key": "tm.s62.c1", "next": "s71", "requires_any_flags": [ "has_jade" ] },
        { "choice_key": "tm.s62.c2", "next": "s69" },
        { "choice_key": "tm.s62.c3", "next": "s56" }
      ]
    },
    "s63": {
      "image_id": "shadow_ceremony",
      "title_key": "tm.s63.title",
      "body_key": "tm.s63.body",
      "choices": [
        { "choice_key": "tm.s63.c1", "next": "s72" },
        { "choice_key": "tm.s63.c2", "next": "s70" },
        { "choice_key": "tm.s63.c3", "next": "s56" }
      ]
    },
    "s64": {
      "image_id": "offering_table",
      "title_key": "tm.s64.title",
      "body_key": "tm.s64.body",
      "choices": [
        { "choice_key": "tm.s64.c1", "next": "s73", "set_flags": [ "has_offering" ] },
        { "choice_key": "tm.s64.c2", "next": "s69" },
        { "choice_key": "tm.s64.c3", "next": "s56" }
      ]
    },
    "s65": {
      "image_id": "skull_alcoves",
      "title_key": "tm.s65.title",
      "body_key": "tm.s65.body",
      "choices": [
        { "choice_key": "tm.s65.c1", "next": "s60" },
        { "choice_key": "tm.s65.c2", "next": "s44" },
        { "choice_key": "tm.s65.c3", "next": "s58" }
      ]
    },
    "s66": {
      "image_id": "glyph_puzzle",
      "title_key": "tm.s66.title",
      "body_key": "tm.s66.body",
      "choices": [
        { "choice_key": "tm.s66.c1", "next": "s64" },
        { "choice_key": "tm.s66.c2", "next": "s53" },
        { "choice_key": "tm.s66.c3", "next": "s44" }
      ]
    },
    "s67": {
      "image_id": "ossuary_hall",
      "title_key": "tm.s67.title",
      "body_key": "tm.s67.body",
      "choices": [
        { "choice_key": "tm.s67.c1", "next": "s74" },
        { "choice_key": "tm.s67.c2", "next": "s56" },
        { "choice_key": "tm.s67.c3", "next": "s44" }
      ]
    },
    "s68": {
      "image_id": "lady_of_dead",
      "title_key": "tm.s68.title",
      "body_key": "tm.s68.body",
      "choices": [
        { "choice_key": "tm.s68.c1", "next": "s73", "requires_any_flags": [ "has_offering" ] },
        { "choice_key": "tm.s68.c2", "next": "s71" },
        { "choice_key": "tm.s68.c3", "next": "s69" }
      ]
    },
    "s69": {
      "image_id": "altar_obsidian",
      "title_key": "tm.s69.title",
      "body_key": "tm.s69.body",
      "choices": [
        { "choice_key": "tm.s69.c1", "next": "s75" },
        { "choice_key": "tm.s69.c2", "next": "s76", "requires_any_flags": [ "has_rope" ] },
        { "choice_key": "tm.s69.c3", "next": "s56" }
      ]
    },
    "s70": {
      "image_id": "shadow_ceremony",
      "title_key": "tm.s70.title",
      "body_key": "tm.s70.body",
      "choices": [
        { "choice_key": "tm.s70.c1", "next": "s75" },
        { "choice_key": "tm.s70.c2", "next": "s77" },
        { "choice_key": "tm.s70.c3", "next": "s56" }
      ]
    },
    "s71": {
      "image_id": "offering_table",
      "title_key": "tm.s71.title",
      "body_key": "tm.s71.body",
      "choices": [
        { "choice_key": "tm.s71.c1", "next": "s64" },
        { "choice_key": "tm.s71.c2", "next": "s69" },
        { "choice_key": "tm.s71.c3", "next": "s56" }
      ]
    },
    "s72": {
      "image_id": "obsidian_door",
      "title_key": "tm.s72.title",
      "body_key": "tm.s72.body",
      "choices": [
        { "choice_key": "tm.s72.c1", "next": "s78" },
        { "choice_key": "tm.s72.c2", "next": "s69" },
        { "choice_key": "tm.s72.c3", "next": "s44" }
      ]
    },
    "s73": {
      "image_id": "escape_tunnel",
      "title_key": "tm.s73.title",
      "body_key": "tm.s73.body",
      "choices": [
        { "choice_key": "tm.s73.c1", "next": "s79" },
        { "choice_key": "tm.s73.c2", "next": "s80" },
        {
          "choice_key": "tm.s73.c3",
          "next": "end_secret",
          "requires_all_flags": [ "has_map", "has_jade", "has_knife", "has_rope", "has_name", "has_offering" ]
        }
      ]
    },
    "s74": {
      "image_id": "escape_tunnel",
      "title_key": "tm.s74.title",
      "body_key": "tm.s74.body",
      "choices": [
        { "choice_key": "tm.s74.c1", "next": "s79", "requires_any_flags": [ "has_rope" ] },
        { "choice_key": "tm.s74.c2", "next": "s75" },
        { "choice_key": "tm.s74.c3", "next": "s56" }
      ]
    },
    "s75": {
      "image_id": "altar_obsidian",
      "title_key": "tm.s75.title",
      "body_key": "tm.s75.body",
      "choices": [
        { "choice_key": "tm.s75.c1", "next": "end_bad" },
        { "choice_key": "tm.s75.c2", "next": "s73", "requires_any_flags": [ "has_name", "has_offering" ] },
        { "choice_key": "tm.s75.c3", "next": "s76" }
      ]
    },
    "s76": {
      "image_id": "escape_tunnel",
      "title_key": "tm.s76.title",
      "body_key": "tm.s76.body",
      "choices": [
        { "choice_key": "tm.s76.c1", "next": "s79" },
        { "choice_key": "tm.s76.c2", "next": "s80" },
        { "choice_key": "tm.s76.c3", "next": "s75" }
      ]
    },
    "s77": {
      "image_id": "shadow_ceremony",
      "title_key": "tm.s77.title",
      "body_key": "tm.s77.body",
      "choices": [
        { "choice_key": "tm.s77.c1", "next": "s75" },
        { "choice_key": "tm.s77.c2", "next": "end_bad" },
        { "choice_key": "tm.s77.c3", "next": "s56" }
      ]
    },
    "s78": {
      "image_id": "obsidian_door",
      "title_key": "tm.s78.title",
      "body_key": "tm.s78.body",
      "choices": [
        { "choice_key": "tm.s78.c1", "next": "s73", "requires_any_flags": [ "has_offering" ] },
        { "choice_key": "tm.s78.c2", "next": "s79", "requires_any_flags": [ "has_rope" ] },
        { "choice_key": "tm.s78.c3", "next": "s75" }
      ]
    },
    "s79": {
      "image_id": "dawn_exit",
      "title_key": "tm.s79.title",
      "body_key": "tm.s79.body",
      "choices": [
        { "choice_key": "tm.s79.c1", "next": "end_good", "requires_any_flags": [ "has_name", "has_offering" ] },
        { "choice_key": "tm.s79.c2", "next": "end_bad" },
        { "choice_key": "tm.s79.c3", "next": "s80" }
      ]
    },
    "s80": {
      "image_id": "jungle_path",
      "title_key": "tm.s80.title",
      "body_key": "tm.s80.body",
      "choices": [
        { "choice_key": "tm.s80.c1", "next": "end_good", "requires_any_flags": [ "has_name", "has_offering" ] },
        { "choice_key": "tm.s80.c2", "next": "end_bad" },
        { "choice_key": "tm.s80.c3", "next": "s79" }
      ]
    },
    "end_good": {
      "image_id": "final_good",
      "title_key": "tm.end_good.title",
      "body_key": "tm.end_good.body",
      "choices": []
    },
    "end_bad": {
      "image_id": "final_bad",
      "title_key": "tm.end_bad.title",
      "body_key": "tm.end_bad.body",
      "choices": []
    },
    "end_secret": {
      "image_id": "final_secret",
      "title_key": "tm.end_secret.title",
      "body_key": "tm.end_secret.body",
      "choices": []
    }
  }
}
