{
  "meta": {
    "scenario_id": "temple_mictlan",
    "language": "fr",
    "version": "1.0.0",
    "hint_ns": "tm.h",
    "generated": "2026-02-15"
  },
  "strings": {
    "tm.title": "La Salle des Os — Mictēcacihuātl",
    "tm.tagline": "Sous la pierre, quelqu’un veille. Et elle n’a pas mangé depuis des siècles.",

    "tm.s01.title": "Diplôme fraîchement en poche",
    "tm.s01.body": "Tu arrives au Mexique avec un contrat minuscule et une obsession énorme : une anomalie repérée sur des relevés. Personne ne croit vraiment à ton “temple” — sauf toi.",
    "tm.s01.c1": "Rejoindre le camp de fouilles",
    "tm.s01.c2": "Aller voir le site tout de suite",
    "tm.s01.c3": "Relire les notes et la carte",

    "tm.s02.title": "Le camp",
    "tm.s02.body": "Tentes, caisses, outils. Les ouvriers parlent bas. On te montre une colline qui “sonne creux” quand le vent souffle.",
    "tm.s02.c1": "Interroger l’équipe sur la colline",
    "tm.s02.c2": "Vérifier le matériel de sécurité",
    "tm.s02.c3": "Partir vers le point GPS",

    "tm.s03.title": "Le sentier de poussière",
    "tm.s03.body": "Le chemin se rétrécit. La chaleur colle. À chaque pas, tes bottes laissent une empreinte trop nette, comme si le sol attendait d’être marqué.",
    "tm.s03.c1": "Continuer sans t’arrêter",
    "tm.s03.c2": "Marquer des repères au sol",
    "tm.s03.c3": "Faire une pause et écouter",

    "tm.s04.title": "La pierre qui résonne",
    "tm.s04.body": "Tu frappes le sol : un son creux, profond. Pas une grotte… plutôt un vide construit. Un vide fermé.",
    "tm.s04.c1": "Dégager la zone à la truelle",
    "tm.s04.c2": "Appeler un collègue au camp",
    "tm.s04.c3": "Chercher une fissure naturelle",

    "tm.s05.title": "L’ouverture",
    "tm.s05.body": "Sous les racines, une dalle gravée apparaît. Les motifs ne ressemblent à rien de catalogué. Et pourtant… tu as l’impression de les reconnaître.",
    "tm.s05.c1": "Soulever la dalle prudemment",
    "tm.s05.c2": "Photographier et noter tout",
    "tm.s05.c3": "Reboucher et revenir avec renfort",

    "tm.s06.title": "Premier souffle d’air",
    "tm.s06.body": "La dalle bouge. Un air froid sort, chargé d’encens éteint. Ce n’est pas l’odeur d’un lieu abandonné : c’est l’odeur d’un lieu scellé.",
    "tm.s06.c1": "Descendre avec ta lampe",
    "tm.s06.c2": "Laisser une corde et tester le sol",
    "tm.s06.c3": "Remonter prévenir le camp",

    "tm.s07.title": "Le couloir bas",
    "tm.s07.body": "Tu avances courbé. La roche est noire, presque vitreuse. Sur les parois, des traces de doigts… fraîches, dans la poussière ancienne.",
    "tm.s07.c1": "Suivre les traces",
    "tm.s07.c2": "Les éviter et rester au centre",
    "tm.s07.c3": "Marquer la paroi à la craie",

    "tm.s08.title": "Le premier symbole",
    "tm.s08.body": "Un glyphe : une bouche ouverte qui avale un soleil. Ton estomac se serre. Tu te dis que c’est juste… un style.",
    "tm.s08.c1": "Continuer malgré le malaise",
    "tm.s08.c2": "Noter le glyphe dans ton carnet",
    "tm.s08.c3": "Revenir en arrière",

    "tm.s09.title": "Salle des outils oubliés",
    "tm.s09.body": "Une niche. Des outils anciens, rangés comme si quelqu’un allait revenir. Un petit sac de sel est posé bien en évidence.",
    "tm.s09.c1": "Prendre le sac de sel",
    "tm.s09.c2": "Laisser le sac et fouiller la niche",
    "tm.s09.c3": "Quitter la salle immédiatement",

    "tm.s10.title": "Le silence qui répond",
    "tm.s10.body": "Tu t’arrêtes. Le silence a une texture. Comme une matière qui te touche en retour. Ta lampe éclaire… un coude de couloir qui n’était pas là tout à l’heure.",
    "tm.s10.c1": "Prendre le nouveau coude",
    "tm.s10.c2": "Revenir vers l’ouverture",
    "tm.s10.c3": "Tester la roche avec ta main",

    "tm.s11.title": "Escalier de basalte",
    "tm.s11.body": "Des marches taillées net. Elles descendent vers un noir plus dense que l’ombre. Une odeur de terre humide et d’os.",
    "tm.s11.c1": "Descendre lentement",
    "tm.s11.c2": "Placer un repère et descendre",
    "tm.s11.c3": "Remonter chercher du renfort",

    "tm.s12.title": "La première porte",
    "tm.s12.body": "Une porte de pierre. Pas de poignée. Juste un creux en forme d’éclat d’obsidienne. Comme une serrure… sans métal.",
    "tm.s12.c1": "Chercher un objet qui correspond",
    "tm.s12.c2": "Tenter de forcer la porte",
    "tm.s12.c3": "Explorer les alcôves autour",

    "tm.s13.title": "Alcôves et crânes",
    "tm.s13.body": "Dans les alcôves : des crânes alignés, impeccables, presque polis. Certains portent des perles de jade dans les orbites.",
    "tm.s13.c1": "Prendre une perle de jade",
    "tm.s13.c2": "Compter les crânes (pour te rassurer)",
    "tm.s13.c3": "Ne rien toucher et reculer",

    "tm.s14.title": "Le couloir des offrandes",
    "tm.s14.body": "Poteries cassées, ossements rangés. Une page de codex, coincée sous une pierre, intacte.",
    "tm.s14.c1": "Prendre la page de codex",
    "tm.s14.c2": "Photographier puis laisser la page",
    "tm.s14.c3": "Ignorer et avancer",

    "tm.s15.title": "La porte résiste",
    "tm.s15.body": "Tu reviens à la porte. Le creux en forme d’obsidienne semble… plus profond. Comme si le temple l’avait “ajusté” pendant ton absence.",
    "tm.s15.c1": "Essayer avec un éclat trouvé",
    "tm.s15.c2": "Chercher plus loin un vrai “clé”",
    "tm.s15.c3": "Renoncer et prendre un autre chemin",

    "tm.s16.title": "L’éclat d’obsidienne",
    "tm.s16.body": "Dans une fissure, un éclat d’obsidienne, taillé exprès. Quand tu le tiens, tu sens une chaleur minuscule au bout des doigts.",
    "tm.s16.c1": "Le garder précieusement",
    "tm.s16.c2": "Le tester immédiatement sur la porte",
    "tm.s16.c3": "Le remettre en place (par prudence)",

    "tm.s17.title": "La porte cède",
    "tm.s17.body": "L’éclat s’insère. Un déclic de pierre. La porte glisse sans bruit… comme si elle n’avait jamais été lourde.",
    "tm.s17.c1": "Entrer",
    "tm.s17.c2": "Éclairer d’abord l’intérieur",
    "tm.s17.c3": "Revenir prévenir le camp avant d’entrer",

    "tm.s18.title": "Galerie des fresques",
    "tm.s18.body": "Murales de procession : des silhouettes offrent des os, des dents, des cheveux. Au bout, une figure couronnée te regarde sans yeux.",
    "tm.s18.c1": "Suivre la procession peinte",
    "tm.s18.c2": "Chercher une inscription lisible",
    "tm.s18.c3": "Reculer et reprendre ton souffle",

    "tm.s19.title": "L’inscription manquante",
    "tm.s19.body": "Une ligne est grattée, volontairement. Mais la poussière autour est plus récente. Quelqu’un a effacé… il n’y a pas si longtemps.",
    "tm.s19.c1": "Frotter doucement pour révéler",
    "tm.s19.c2": "Ne pas toucher et avancer",
    "tm.s19.c3": "Prendre une photo macro",

    "tm.s20.title": "Le couloir de la gorge",
    "tm.s20.body": "Les pierres se resserrent, comme une gorge. Ta respiration devient le seul bruit autorisé. Ta lampe capte un reflet… humide.",
    "tm.s20.c1": "Continuer",
    "tm.s20.c2": "Mettre du sel sur le sol",
    "tm.s20.c3": "Revenir aux fresques",

    "tm.s21.title": "Bassin noir",
    "tm.s21.body": "Un bassin rempli d’eau immobile, sombre. Sa surface reflète ton visage… mais avec une seconde de retard.",
    "tm.s21.c1": "Toucher l’eau du bout des doigts",
    "tm.s21.c2": "Contourner le bassin",
    "tm.s21.c3": "Jeter une pierre dedans",

    "tm.s22.title": "Un bruit d’os",
    "tm.s22.body": "Quelque part, un cliquetis léger. Pas des pas. Plutôt… des os qui s’ajustent, comme un collier qu’on remet en place.",
    "tm.s22.c1": "Suivre le son",
    "tm.s22.c2": "Couper ta lampe une seconde",
    "tm.s22.c3": "Parler à voix haute (mauvaise idée)",

    "tm.s23.title": "Salle des colonnes gravées",
    "tm.s23.body": "Colonnes massives, motifs mésoaméricains. Entre elles, des chaînes d’ossements tendues, comme des rideaux.",
    "tm.s23.c1": "Passer entre les rideaux d’os",
    "tm.s23.c2": "Couper à gauche vers une porte basse",
    "tm.s23.c3": "Couper à droite vers une rampe",

    "tm.s24.title": "La porte basse",
    "tm.s24.body": "Tu rampes. Une odeur de cuir ancien. Dans le noir, un petit charme en os, sculpté comme une dent.",
    "tm.s24.c1": "Prendre le charme en os",
    "tm.s24.c2": "Le laisser et ressortir",
    "tm.s24.c3": "Chercher autre chose dans la pièce",

    "tm.s25.title": "La rampe descendante",
    "tm.s25.body": "La pente t’amène plus bas. L’air devient plus froid. Chaque pas résonne comme si le temple comptait pour toi.",
    "tm.s25.c1": "Descendre",
    "tm.s25.c2": "Faire demi-tour",
    "tm.s25.c3": "Marquer le mur à la craie",

    "tm.s26.title": "Le sas de pierre",
    "tm.s26.body": "Un sas étroit. Sur le sol, une rigole sèche. On dirait qu’elle a servi à faire couler quelque chose… pas de l’eau.",
    "tm.s26.c1": "Suivre la rigole",
    "tm.s26.c2": "Examiner les murs de près",
    "tm.s26.c3": "Accélérer et passer vite",

    "tm.s27.title": "Mur de visages",
    "tm.s27.body": "Des masques de pierre incrustés. Leurs bouches sont ouvertes. Ton souffle semble “aspiré” quand tu passes devant.",
    "tm.s27.c1": "Mettre du sel devant un masque",
    "tm.s27.c2": "Courir jusqu’au bout du couloir",
    "tm.s27.c3": "Revenir au sas",

    "tm.s28.title": "Une chaleur impossible",
    "tm.s28.body": "Au fond, une chaleur sèche. Pourtant, la roche est froide. Ton cerveau n’arrive plus à faire la moyenne des deux.",
    "tm.s28.c1": "Continuer vers la chaleur",
    "tm.s28.c2": "S’arrêter et boire une gorgée",
    "tm.s28.c3": "Revenir en arrière",

    "tm.s29.title": "Autel d’obsidienne",
    "tm.s29.body": "Un autel noir, lisse, sans poussière. Comme si on l’essuyait chaque jour. Une goutte tombe… sans qu’il y ait d’eau au plafond.",
    "tm.s29.c1": "Approcher l’autel",
    "tm.s29.c2": "Photographier et reculer",
    "tm.s29.c3": "Poser l’éclat d’obsidienne dessus",

    "tm.s30.title": "La salle des os (entrée)",
    "tm.s30.body": "Tu vois enfin l’ossuaire : alcôves remplies de crânes, murs d’os et de pierre, brume froide au sol. Au centre : une silhouette immobile.",
    "tm.s30.c1": "S’approcher lentement",
    "tm.s30.c2": "Rester à l’entrée et observer",
    "tm.s30.c3": "Revenir immédiatement (si tu peux)",

    "tm.s31.title": "Mictēcacihuātl",
    "tm.s31.body": "Une reine des morts, solennelle. Headdress de plumes et perles, robe sombre, masque de crâne stylisé. Elle ne bouge pas… mais tu sens qu’elle te voit.",
    "tm.s31.c1": "Parler avec respect",
    "tm.s31.c2": "Ne rien dire et regarder ses mains",
    "tm.s31.c3": "Faire demi-tour sans bruit",

    "tm.s32.title": "Les mains sur l’autel",
    "tm.s32.body": "Ses mains reposent sur l’obsidienne. Autour, des os alignés forment un cercle parfait. Il manque une place, juste à ton niveau.",
    "tm.s32.c1": "Poser le charme en os dans la place vide",
    "tm.s32.c2": "Poser la perle de jade dans la place vide",
    "tm.s32.c3": "Refuser de participer et reculer",

    "tm.s33.title": "Le souffle de la salle",
    "tm.s33.body": "La brume au sol change de direction. Elle glisse vers toi. Pas comme de la fumée… comme une chose qui choisit.",
    "tm.s33.c1": "Tracer un cercle de sel",
    "tm.s33.c2": "Éclairer le plafond (chercher une fissure)",
    "tm.s33.c3": "Fixer la reine sans cligner",

    "tm.s34.title": "La fissure au plafond",
    "tm.s34.body": "Une lumière pâle tombe d’une fissure. Dans le faisceau, la poussière ressemble à des minuscules fragments d’os en suspension.",
    "tm.s34.c1": "Passer sous le faisceau",
    "tm.s34.c2": "Rester dans l’ombre",
    "tm.s34.c3": "Tenter de grimper vers la fissure",

    "tm.s35.title": "Les alcôves murmurent",
    "tm.s35.body": "Tu entends des mots sans langue. Ce sont des intentions. Une seule est claire : “faim”.",
    "tm.s35.c1": "Lire la page de codex ici",
    "tm.s35.c2": "Reculer vers la sortie",
    "tm.s35.c3": "Chercher une autre porte dans la salle",

    "tm.s36.title": "La page de codex",
    "tm.s36.body": "Les pictogrammes décrivent un pacte : offrir un nom, recevoir une sortie. Mais un détail revient : “ne pas donner son souffle”.",
    "tm.s36.c1": "Continuer à lire malgré la peur",
    "tm.s36.c2": "Plier la page et la garder",
    "tm.s36.c3": "Poser la page sur l’autel (test)",

    "tm.s37.title": "La porte latérale",
    "tm.s37.body": "Une ouverture étroite derrière une colonne. Elle mène à un couloir plus ancien, où la pierre est encore plus noire.",
    "tm.s37.c1": "Entrer dans le couloir latéral",
    "tm.s37.c2": "Rester dans l’ossuaire",
    "tm.s37.c3": "Appeler quelqu’un (écho étrange)",

    "tm.s38.title": "Couloir des dents",
    "tm.s38.body": "Les pierres sont taillées comme des dents. Tu comprends que ce n’est pas décoratif : elles se referment parfois… très lentement.",
    "tm.s38.c1": "Passer vite entre les “dents”",
    "tm.s38.c2": "Mettre du sel sur les jointures",
    "tm.s38.c3": "Revenir à l’ossuaire",

    "tm.s39.title": "Salle des jarres scellées",
    "tm.s39.body": "Des jarres fermées avec de la résine. L’une est fissurée. Un souffle froid en sort, comme un soupir emprisonné.",
    "tm.s39.c1": "Colmater la fissure avec du sel",
    "tm.s39.c2": "Ouvrir la jarre fissurée",
    "tm.s39.c3": "Ignorer et avancer",

    "tm.s40.title": "Le souffle libéré",
    "tm.s40.body": "Quand tu touches la jarre, tu sens un courant d’air remonter ton bras. Comme si quelque chose essayait d’entrer par ta peau.",
    "tm.s40.c1": "Reculer immédiatement",
    "tm.s40.c2": "Mettre le charme en os contre la jarre",
    "tm.s40.c3": "Parler à voix basse (comme une prière)",

    "tm.s41.title": "Galerie des noms",
    "tm.s41.body": "Des murs gravés de noms. Certains sont effacés, mais la place vide est plus blanche. Comme si l’absence avait une couleur.",
    "tm.s41.c1": "Chercher ton nom",
    "tm.s41.c2": "Chercher un nom “protecteur”",
    "tm.s41.c3": "Ne rien lire et avancer",

    "tm.s42.title": "Ton nom n’est pas là",
    "tm.s42.body": "Tu ne trouves pas ton nom. Mais tu trouves une ligne à moitié gravée… comme si elle attendait la fin.",
    "tm.s42.c1": "Frotter la ligne avec ton doigt",
    "tm.s42.c2": "Mettre du sel sur la ligne",
    "tm.s42.c3": "Revenir vers l’ossuaire",

    "tm.s43.title": "La porte des offrandes",
    "tm.s43.body": "Une porte avec un motif : une bouche, un os, une perle, une page. Quatre emplacements. Tu comprends : il faut “payer”.",
    "tm.s43.c1": "Insérer ce que tu as trouvé",
    "tm.s43.c2": "Chercher une autre sortie",
    "tm.s43.c3": "Revenir en arrière et explorer plus",

    "tm.s44.title": "Mécanisme vivant",
    "tm.s44.body": "Quand tu approches les objets, la pierre vibre comme une gorge qui avale. Le temple n’est pas un bâtiment. C’est une volonté.",
    "tm.s44.c1": "Terminer l’offrande",
    "tm.s44.c2": "Retirer les objets (si possible)",
    "tm.s44.c3": "Appeler à l’aide (encore)",

    "tm.s45.title": "Salle du puits vertical",
    "tm.s45.body": "Un puits descend dans le noir. Une corde très ancienne est attachée… pourtant elle semble neuve au toucher.",
    "tm.s45.c1": "Descendre par la corde",
    "tm.s45.c2": "Jeter une lumière et écouter",
    "tm.s45.c3": "Rebrousser chemin",

    "tm.s46.title": "La descente",
    "tm.s46.body": "Le puits est trop profond. Tu ne vois pas le fond. Mais tu entends un cliquetis régulier, comme un collier qu’on secoue pour t’appeler.",
    "tm.s46.c1": "Continuer à descendre",
    "tm.s46.c2": "Remonter vite",
    "tm.s46.c3": "Te laisser glisser (risqué)",

    "tm.s47.title": "Plateforme d’os",
    "tm.s47.body": "Tu touches enfin une plateforme faite de plaques d’os et de pierre. Elle tient… mais elle “réagit” à ton poids.",
    "tm.s47.c1": "Avancer sur la plateforme",
    "tm.s47.c2": "Revenir au puits",
    "tm.s47.c3": "Mettre du sel sur le sol (test)",

    "tm.s48.title": "Le corridor des chaines",
    "tm.s48.body": "Des chaînes d’ossements pendent et tintent sans vent. Ton passage déclenche un tintement précis, comme un code.",
    "tm.s48.c1": "Traverser en évitant de toucher",
    "tm.s48.c2": "Toucher volontairement une chaîne",
    "tm.s48.c3": "Revenir sur tes pas",

    "tm.s49.title": "La chambre des miroirs noirs",
    "tm.s49.body": "Des plaques d’obsidienne reflètent des versions différentes de toi : fatigué, vieux, vide. L’une sourit alors que tu ne souris pas.",
    "tm.s49.c1": "Fixer la version qui sourit",
    "tm.s49.c2": "Casser un miroir (tentation)",
    "tm.s49.c3": "Fermer les yeux et passer",

    "tm.s50.title": "Le reflet te parle",
    "tm.s50.body": "Sans son, tu comprends : “donne ton souffle, ou reste”. Ton cœur accélère, comme si on t’avait tiré par l’intérieur.",
    "tm.s50.c1": "Refuser intérieurement",
    "tm.s50.c2": "Répondre à voix haute",
    "tm.s50.c3": "Fuir vers la sortie la plus proche",

    "tm.s51.title": "Retour à la salle des os",
    "tm.s51.body": "Tu reviens à l’ossuaire sans comprendre comment. Mictēcacihuātl est toujours là. Mais sa tête est légèrement tournée, maintenant.",
    "tm.s51.c1": "Tenter de sortir par l’entrée",
    "tm.s51.c2": "Approcher l’autel encore",
    "tm.s51.c3": "Suivre la porte latérale à nouveau",

    "tm.s52.title": "Le cercle incomplet",
    "tm.s52.body": "Tu vois le cercle d’os : une place manque toujours, et elle te “ressemble”. Comme si le temple avait réservé un siège.",
    "tm.s52.c1": "Mettre le charme en os au cercle",
    "tm.s52.c2": "Mettre la perle de jade au cercle",
    "tm.s52.c3": "Briser le cercle (si tu oses)",

    "tm.s53.title": "Une réponse",
    "tm.s53.body": "Si tu poses un objet au cercle, la brume s’écarte, comme un rideau. Et tu aperçois une issue… qui n’existait pas.",
    "tm.s53.c1": "Prendre l’issue révélée",
    "tm.s53.c2": "Revenir vers l’autel",
    "tm.s53.c3": "Retirer l’objet et annuler (test)",

    "tm.s54.title": "Couloir de sortie",
    "tm.s54.body": "Un couloir remonte. L’air se réchauffe. Mais les murs sont couverts de marques de griffes… vers l’intérieur, pas vers la sortie.",
    "tm.s54.c1": "Monter vite",
    "tm.s54.c2": "Monter lentement, en observant",
    "tm.s54.c3": "Revenir, par peur du piège",

    "tm.s55.title": "La dalle d’origine",
    "tm.s55.body": "Tu reconnais l’entrée… mais elle est différente : la dalle est intacte, comme si tu ne l’avais jamais bougée.",
    "tm.s55.c1": "Pousser la dalle avec force",
    "tm.s55.c2": "Chercher une autre sortie",
    "tm.s55.c3": "Appeler le camp (radio/téléphone)",

    "tm.s56.title": "Réception impossible",
    "tm.s56.body": "Ton appareil capte une seule phrase, hachée : “Ne— … pas— … respirer— … trop.” Puis plus rien.",
    "tm.s56.c1": "Appliquer le conseil (respiration contrôlée)",
    "tm.s56.c2": "Ignorer et forcer la sortie",
    "tm.s56.c3": "Revenir à l’ossuaire pour comprendre",

    "tm.s57.title": "Le passage étroit",
    "tm.s57.body": "Une fente entre deux pierres. Tu peux passer… en expirant. Tu comprends pourquoi la page parlait du souffle.",
    "tm.s57.c1": "Passer en retenant ton souffle",
    "tm.s57.c2": "Mettre du sel dans la fente d’abord",
    "tm.s57.c3": "Renoncer et prendre un autre chemin",

    "tm.s58.title": "La fente avale",
    "tm.s58.body": "La pierre frotte ton sac, ta peau, ton air. Tu sens une pression sur ta poitrine, comme si le temple essayait de boire ton souffle.",
    "tm.s58.c1": "Forcer et passer",
    "tm.s58.c2": "Reculer avant d’étouffer",
    "tm.s58.c3": "Utiliser le charme en os comme “talisman”",

    "tm.s59.title": "Galerie des sorties fausses",
    "tm.s59.body": "Trois arches. Derrière chacune : une lumière différente. Tu sens que deux sont des mensonges très bien faits.",
    "tm.s59.c1": "Prendre l’arche la plus froide",
    "tm.s59.c2": "Prendre l’arche la plus lumineuse",
    "tm.s59.c3": "Prendre l’arche où la brume recule",

    "tm.s60.title": "L’arche froide",
    "tm.s60.body": "Le froid te mord. Tu vois une silhouette de reine au bout… puis tu comprends : ce n’est pas elle. C’est toi, sans yeux.",
    "tm.s60.c1": "Reculer immédiatement",
    "tm.s60.c2": "Avancer malgré tout",
    "tm.s60.c3": "Mettre du sel au sol (test)",

    "tm.s61.title": "L’arche lumineuse",
    "tm.s61.body": "La lumière est trop blanche, trop propre. Un soleil parfait… sous terre. Tes instincts hurlent que c’est une cage.",
    "tm.s61.c1": "Continuer (piège probable)",
    "tm.s61.c2": "Reculer",
    "tm.s61.c3": "Fermer les yeux et écouter au lieu de regarder",

    "tm.s62.title": "L’arche où la brume recule",
    "tm.s62.body": "La brume s’écarte comme devant une autorité. Tu avances. Tu sens que tu n’es pas “bienvenu”… mais tu es “toléré”.",
    "tm.s62.c1": "Passer sous l’arche",
    "tm.s62.c2": "Revenir chercher une preuve (codex)",
    "tm.s62.c3": "Revenir chercher du sel si tu en as",

    "tm.s63.title": "Salle du sceau",
    "tm.s63.body": "Une dalle gravée d’un sceau. Quatre symboles correspondent aux objets : obsidienne, jade, os, page. Au centre, une empreinte de main.",
    "tm.s63.c1": "Poser ta main sur l’empreinte",
    "tm.s63.c2": "Placer les objets sur le sceau",
    "tm.s63.c3": "Refuser et repartir",

    "tm.s64.title": "La pierre boit",
    "tm.s64.body": "Quand ta main touche la pierre, tu sens une aspiration. Pas du sang. Pas de douleur. Juste… une prise, sur ton souffle.",
    "tm.s64.c1": "Retirer ta main",
    "tm.s64.c2": "Maintenir et lutter",
    "tm.s64.c3": "Jeter du sel sur l’empreinte",

    "tm.s65.title": "Le pacte se forme",
    "tm.s65.body": "Le sceau répond. Une vibration profonde. Comme un ronronnement de tombe. Et un mot te vient, sans que tu l’aies appris : “Mictlan”.",
    "tm.s65.c1": "Continuer le rituel (dangereux)",
    "tm.s65.c2": "Stopper et reculer",
    "tm.s65.c3": "Lire la page de codex pour être sûr",

    "tm.s66.title": "La règle du souffle",
    "tm.s66.body": "La page confirme : sortir = offrir un nom, pas un souffle. Si tu donnes ton souffle, tu deviens “un os de plus”.",
    "tm.s66.c1": "Garder ton souffle, choisir un nom à offrir",
    "tm.s66.c2": "Refuser tout pacte",
    "tm.s66.c3": "Chercher un “truc” pour tricher",

    "tm.s67.title": "Choisir un nom",
    "tm.s67.body": "Tu comprends l’horreur : un nom, c’est une âme. Tu peux offrir le tien… ou voler celui d’un autre.",
    "tm.s67.c1": "Offrir ton propre nom",
    "tm.s67.c2": "Chercher un nom gravé (vol)",
    "tm.s67.c3": "Refuser et fuir",

    "tm.s68.title": "Voler un nom",
    "tm.s68.body": "Tu reviens au mur des noms. Un nom “protecteur” brille légèrement. Comme s’il avait été écrit pour être pris.",
    "tm.s68.c1": "Prendre ce nom (moralement immonde)",
    "tm.s68.c2": "Chercher un nom effacé (moins risqué ?)",
    "tm.s68.c3": "Renoncer au vol",

    "tm.s69.title": "Le nom effacé",
    "tm.s69.body": "Un nom effacé laisse une trace. Si tu le “complètes”, le temple l’accepte. Tu sens que quelqu’un attend… dans le vide de ce nom.",
    "tm.s69.c1": "Compléter le nom effacé",
    "tm.s69.c2": "Reculer, écœuré",
    "tm.s69.c3": "Mettre du sel sur la gravure",

    "tm.s70.title": "Retour au sceau",
    "tm.s70.body": "Tu reviens au sceau avec une décision. La salle semble plus petite. La reine est partout, sans bouger.",
    "tm.s70.c1": "Activer le sceau avec le nom choisi",
    "tm.s70.c2": "Tenter de casser le sceau",
    "tm.s70.c3": "Revenir à l’ossuaire (ultime tentative de négociation)",

    "tm.s71.title": "Négocier avec la Dame des morts",
    "tm.s71.body": "Tu parles. Les os répondent par un léger cliquetis. Tu comprends : elle écoute… mais elle ne promet rien.",
    "tm.s71.c1": "Proposer une offrande d’objets, pas d’âme",
    "tm.s71.c2": "Mentir (dire que tu reviendras avec plus)",
    "tm.s71.c3": "Refuser et partir",

    "tm.s72.title": "L’offrande d’objets",
    "tm.s72.body": "Si tu poses la page, la perle, le charme, l’obsidienne… la salle se calme. Une seconde. Mais la faim revient aussitôt.",
    "tm.s72.c1": "Profiter de l’instant pour fuir",
    "tm.s72.c2": "Finaliser le sceau (sortie propre)",
    "tm.s72.c3": "Reprendre tes objets (risqué)",

    "tm.s73.title": "Le mensonge",
    "tm.s73.body": "Tu promets de revenir. Le temple “accepte” — pas comme une personne, comme un mécanisme. Et tu sens une marque froide sur ta langue : un contrat.",
    "tm.s73.c1": "Fuir tant que c’est possible",
    "tm.s73.c2": "Rester et chercher une vraie sortie",
    "tm.s73.c3": "Te taire et respirer le moins possible",

    "tm.s74.title": "Casser le sceau",
    "tm.s74.body": "Tu frappes. La pierre ne casse pas. Elle “répond”. La brume monte jusqu’à ta bouche, comme une main qui se ferme.",
    "tm.s74.c1": "Reculer avant d’étouffer",
    "tm.s74.c2": "Continuer à frapper (désespoir)",
    "tm.s74.c3": "Jeter du sel sur les fissures",

    "tm.s75.title": "Le passage s’ouvre",
    "tm.s75.body": "Quelque chose cède. Un panneau glisse. Derrière : un tunnel qui remonte vers une lumière réelle. Tu sens l’air du dehors.",
    "tm.s75.c1": "Monter immédiatement",
    "tm.s75.c2": "Récupérer ton matériel d’abord",
    "tm.s75.c3": "Regarder derrière toi (une seconde)",

    "tm.s76.title": "La dernière tentation",
    "tm.s76.body": "Derrière toi, la salle des os paraît “belle”. Sacrée. Calme. Une partie de toi veut rester. Comme si ton cerveau demandait la paix… au mauvais endroit.",
    "tm.s76.c1": "Ne pas regarder et monter",
    "tm.s76.c2": "Regarder encore (erreur)",
    "tm.s76.c3": "Prononcer le nom choisi (pacte)",

    "tm.s77.title": "La sortie",
    "tm.s77.body": "Le tunnel te mène à une ouverture dissimulée sous des rochers. L’air chaud du Mexique te frappe. Tu tombes à genoux, haletant.",
    "tm.s77.c1": "Courir vers le camp",
    "tm.s77.c2": "Te cacher et reprendre tes esprits",
    "tm.s77.c3": "Regarder le sol : tes traces… reviennent vers l’entrée",

    "tm.s78.title": "Les traces impossibles",
    "tm.s78.body": "Tes empreintes font une boucle parfaite. Comme si tu étais sorti… et rentré… sans t’en souvenir. Et ton souffle fait de petits nuages, comme en hiver.",
    "tm.s78.c1": "Retourner au camp coûte que coûte",
    "tm.s78.c2": "Revenir fermer le temple (folie)",
    "tm.s78.c3": "Lire la page de codex une dernière fois",

    "tm.s79.title": "Comprendre",
    "tm.s79.body": "Le codex parle de faim ancienne : elle ne mange pas la chair. Elle mange les âmes “non fixées”. Les jeunes. Les curieux. Les nouveaux.",
    "tm.s79.c1": "Accepter de tout raconter au camp",
    "tm.s79.c2": "Te taire et partir de ce pays",
    "tm.s79.c3": "Te convaincre que tu hallucines",

    "tm.s80.title": "Le choix final",
    "tm.s80.body": "Tu es dehors… mais tu sens encore l’ossuaire derrière tes yeux. Tu peux fuir, sceller, ou signer. Trois routes. Trois fins.",
    "tm.s80.c1": "Fuir avec des preuves",
    "tm.s80.c2": "Revenir sceller le temple",
    "tm.s80.c3": "Accepter le pacte (vérité complète)",

    "tm.end_good.title": "Fin — La fuite (avec preuves)",
    "tm.end_good.body": "Tu cours jusqu’au camp, tu montres la page, les photos, la perle. On te croit à moitié… mais on ferme le site. Cette nuit-là, tu dors peu. Chaque fois que tu respires trop fort, tu crois sentir une brume froide au bord de tes lèvres.",

    "tm.end_bad.title": "Fin — Avalé",
    "tm.end_bad.body": "Tu reviens pour sceller. La dalle bouge “toute seule”. La brume monte, douce, presque tendre. Tu inspires — et tu comprends trop tard que c’était ce qu’elle attendait. Dans la salle, un nouveau crâne trouve sa place, parfaitement aligné.",

    "tm.end_secret.title": "Fin secrète — Contrat de cendres",
    "tm.end_secret.body": "Tu prononces le nom choisi. Le sceau répond. La sortie s’ouvre comme une bouche qui te relâche. Mais sur ta langue, la marque froide reste. Désormais, quand tu prononces ton propre nom… il sonne légèrement faux. Et tu sais qu’un jour, elle te rappellera.",

    "tm.clue.has_salt_pouch.title": "Sachet de sel",
    "tm.clue.has_salt_pouch.desc": "Un petit sac de sel sec, laissé comme une protection évidente.",

    "tm.clue.has_obsidian_key.title": "Éclat d’obsidienne",
    "tm.clue.has_obsidian_key.desc": "Une “clé” noire taillée, faite pour une serrure de pierre.",

    "tm.clue.has_jade_bead.title": "Perle de jade",
    "tm.clue.has_jade_bead.desc": "Une perle froide, trop parfaite, trouvée dans une alcôve de crânes.",

    "tm.clue.has_codex_page.title": "Page de codex",
    "tm.clue.has_codex_page.desc": "Une page intacte décrivant un pacte : nom contre sortie, souffle contre damnation.",

    "tm.clue.has_bone_charm.title": "Charme en os",
    "tm.clue.has_bone_charm.desc": "Un petit talisman sculpté, qui semble “reconnu” par le temple.",

    "tm.h.s09.soft": "Le sel n’est pas là pour faire joli.",
    "tm.h.s09.strong": "Prends le sachet de sel : il aide contre les masques, la fente, et certains pièges.",

    "tm.h.s12.soft": "Cette porte attend quelque chose de précis.",
    "tm.h.s12.strong": "Il faut l’éclat d’obsidienne pour ouvrir : sans lui, tu tournes en rond.",

    "tm.h.s13.soft": "Certaines offrandes ne sont pas décoratives.",
    "tm.h.s13.strong": "La perle de jade sert dans le sceau / la porte d’offrandes.",

    "tm.h.s14.soft": "Ce qui explique les règles vaut plus que l’or.",
    "tm.h.s14.strong": "La page de codex révèle la règle du souffle et débloque la voie “propre”.",

    "tm.h.s24.soft": "Le petit charme est trop “placé” pour être un hasard.",
    "tm.h.s24.strong": "Le charme en os calme/ouvre certains passages : utile pour la voie secrète.",

    "tm.h.s31.soft": "Elle est immobile, mais la salle bouge pour elle.",
    "tm.h.s31.strong": "Ne la provoque pas : observe, prends des indices, et cherche une sortie “rituelle”.",

    "tm.h.s43.soft": "Le temple parle en symboles… comme un mécanisme.",
    "tm.h.s43.strong": "Porte d’offrandes = objets clés (obsidienne, jade, os, page).",

    "tm.h.s57.soft": "Le passage étroit n’aime pas l’air.",
    "tm.h.s57.strong": "Retenir son souffle / contrôler la respiration aide à passer la fente sans se faire “boire”.",

    "tm.h.s66.soft": "Le codex te donne la vraie règle.",
    "tm.h.s66.strong": "Bonne sortie = offrir un nom (pas ton souffle). Mauvaise fin = donner le souffle.",

    "tm.h.s80.soft": "Tu es dehors… mais pas forcément libre.",
    "tm.h.s80.strong": "Fin secrète = activer le pacte (nom) après avoir compris la règle du souffle via le codex."
  }
}
