{
  "meta": {
    "lang": "fr",
    "scenario_id": "dossier14_appartement",
    "title": "Appartement 14",
    "tagline": "02:14. Un nom dans le couloir. Et l’immeuble te veut.",
    "hint_ns": "d14.h"
  },

  "strings": {

    "d14.s01.title": "02:14",
    "d14.s01.body": "Tu te réveilles d’un coup. Dans le couloir, quelqu’un dit ton nom. Une lumière passe sous ta porte.",
    "d14.s01.c1": "Avancer sans bruit",
    "d14.s01.c2": "Toucher la poignée",
    "d14.s01.c3": "Regarder par la fenêtre",

    "d14.s02.title": "Poignée froide",
    "d14.s02.body": "La poignée est froide et humide. Si tu la tournes, tu ne pourras plus faire comme si de rien n’était.",
    "d14.s02.c1": "Tourner doucement",
    "d14.s02.c2": "Retirer ta main et écouter",
    "d14.s02.c3": "Filmer avec ton téléphone",

    "d14.s03.title": "Devant la porte",
    "d14.s03.body": "Tu es devant la porte. Au milieu, il y a un judas pour regarder. Tu sens quelqu’un de l’autre côté.",
    "d14.s03.c1": "Regarder par le judas",
    "d14.s03.c2": "Coller ton oreille",
    "d14.s03.c3": "Allumer ton téléphone",

    "d14.s04.title": "Téléphone muet",
    "d14.s04.body": "Ton téléphone ne capte rien. Tu entends des pas… puis plus rien.",
    "d14.s04.c1": "Allumer la lampe",
    "d14.s04.c2": "Revenir à la porte",
    "d14.s04.c3": "Ouvrir un tout petit peu",

    "d14.s05.title": "Traces de pas",
    "d14.s05.body": "Au sol, tu vois des traces mouillées. Elles vont vers l’escalier.",
    "d14.s05.c1": "Suivre les traces",
    "d14.s05.c2": "Suivre les traces jusqu’à une porte",
    "d14.s05.c3": "Descendre au hall",

    "d14.s06.title": "Serrure glacée",
    "d14.s06.body": "De l’air froid sort du trou de la clé. La serrure est très froide, comme si la porte soufflait.",
    "d14.s06.c1": "Reculer",
    "d14.s06.c2": "Regarder par le petit trou",
    "d14.s06.c3": "Descendre par l’escalier",

    "d14.s07.title": "Dans le petit trou",
    "d14.s07.body": "Tu vois une forme au bout du couloir. Elle ne bouge pas.",
    "d14.s07.c1": "Ouvrir un tout petit peu",
    "d14.s07.c2": "Éteindre la lumière chez toi",
    "d14.s07.c3": "Partir vers l’escalier",

    "d14.s08.title": "Fenêtre d’en face",
    "d14.s08.body": "La pluie coule sur la vitre. En face, des fenêtres sont allumées. Mais ici, tu te sens coincé.",
    "d14.s08.c1": "Retourner à la porte",
    "d14.s08.c2": "Descendre par l’escalier",
    "d14.s08.c3": "Sortir ton téléphone",

    "d14.s09.title": "Escalier sale",
    "d14.s09.body": "L’escalier est humide et sale. Plus tu descends, plus l’air est lourd.",
    "d14.s09.c1": "Aller dans le couloir du rez-de-chaussée",
    "d14.s09.c2": "Prendre la porte SERVICE",
    "d14.s09.c3": "Aller au hall",

    "d14.s10.title": "Couloir identique",
    "d14.s10.body": "Le couloir se ressemble partout. Les portes sont toutes pareilles.",
    "d14.s10.c1": "Aller à la porte du fond",
    "d14.s10.c2": "Retourner à l’escalier",
    "d14.s10.c3": "Chercher la zone SERVICE",

    "d14.s11.title": "Lampe et poussière",
    "d14.s11.body": "Avec la lampe, tu vois la poussière dans l’air. Ça aide… mais ça peut aussi attirer.",
    "d14.s11.c1": "Suivre les traces",
    "d14.s11.c2": "Revenir à la porte",
    "d14.s11.c3": "Descendre par l’escalier",

    "d14.s12.title": "Une preuve",
    "d14.s12.body": "Sur l’écran, une forme apparaît. Ce n’est pas un rêve.",
    "d14.s12.c1": "Aller au hall avec ça",
    "d14.s12.c2": "Aller vers SERVICE",
    "d14.s12.c3": "Revenir à l’escalier",

    "d14.s13.title": "Hall",
    "d14.s13.body": "Interphone cassé. Boîtes abîmées. Tout est vieux. Tu as l’impression qu’on t’écoute.",
    "d14.s13.c1": "Explorer les portes du hall",
    "d14.s13.c2": "Regarder les boîtes",
    "d14.s13.c3": "Suivre le panneau SERVICE",

    "d14.s14.title": "Porte au bout",
    "d14.s14.body": "Au bout du couloir, une porte sombre. Tu sens que ce n’est pas bon signe.",
    "d14.s14.c1": "Revenir au hall",
    "d14.s14.c2": "Continuer quand même",
    "d14.s14.c3": "Éclairer le sol",

    "d14.s15.title": "Zone SERVICE",
    "d14.s15.body": "Un panneau SERVICE pend de travers. Ici, ça ne ressemble plus à un endroit normal.",
    "d14.s15.c1": "Entrer dans le couloir SERVICE",
    "d14.s15.c2": "Retourner au hall",
    "d14.s15.c3": "Suivre la lumière blanche",

    "d14.s16.title": "Lumière trop blanche",
    "d14.s16.body": "Une lumière très blanche sort d’une porte entrouverte. C’est trop propre, ça fait peur.",
    "d14.s16.c1": "Entrer",
    "d14.s16.c2": "Retourner au hall",
    "d14.s16.c3": "Regarder partout",

    "d14.s17.title": "Petite porte au sol",
    "d14.s17.body": "Dans la pièce, tu vois une petite porte au sol. Un anneau en métal dépasse.",
    "d14.s17.c1": "Ouvrir la petite porte",
    "d14.s17.c2": "Chercher quelque chose d’utile",
    "d14.s17.c3": "Revenir vers SERVICE",

    "d14.s18.title": "Couloir très long",
    "d14.s18.body": "Le couloir n’en finit pas. Quand tu regardes ailleurs, il semble encore plus long.",
    "d14.s18.c1": "Retourner au hall",
    "d14.s18.c2": "Revenir vers la porte blanche",
    "d14.s18.c3": "Continuer vers le bas",

    "d14.s19.title": "Casier ouvert",
    "d14.s19.body": "Dans un casier, il y a un badge et un papier. Comme si on l’avait laissé pour toi.",
    "d14.s19.c1": "Prendre le badge",
    "d14.s19.c2": "Refermer et partir",
    "d14.s19.c3": "Badger une porte SERVICE",

    "d14.s20.title": "Espace béton",
    "d14.s20.body": "Une grande zone en béton avec plusieurs portes. Tu sens que tu n’es pas le bienvenu.",
    "d14.s20.c1": "Prendre une porte vers le bas",
    "d14.s20.c2": "Revenir aux boîtes",
    "d14.s20.c3": "Retourner vers SERVICE",

    "d14.s21.title": "Badge mouillé",
    "d14.s21.body": "Le badge est humide et froid. Tu le serres fort dans ta main.",
    "d14.s21.c1": "Badger la porte",
    "d14.s21.c2": "Retourner au hall",
    "d14.s21.c3": "Aller dans le couloir sombre",

    "d14.s22.title": "Couloir sombre",
    "d14.s22.body": "Sous l’immeuble, tout est mouillé. Les tuyaux font du bruit autour de toi.",
    "d14.s22.c1": "Aller à la porte du fond",
    "d14.s22.c2": "Suivre les tuyaux",
    "d14.s22.c3": "Revenir à l’espace béton",

    "d14.s23.title": "Clé sur la table",
    "d14.s23.body": "Dans la pièce, une clé est posée sur une table. Et plus loin, la petite porte au sol est déjà ouverte.",
    "d14.s23.c1": "Prendre la clé",
    "d14.s23.c2": "Descendre par la petite porte",
    "d14.s23.c3": "Revenir en arrière",

    "d14.s24.title": "Avant le bip",
    "d14.s24.body": "Tu mets le badge devant la porte. Une seconde passe… puis un bip.",
    "d14.s24.c1": "Entrer",
    "d14.s24.c2": "Revenir",
    "d14.s24.c3": "Descendre plus bas",

    "d14.s25.title": "Reflets",
    "d14.s25.body": "Le sol brille comme un miroir. Tu vois ton reflet… puis un autre derrière.",
    "d14.s25.c1": "Avancer dans le couloir",
    "d14.s25.c2": "Revenir vers SERVICE",
    "d14.s25.c3": "Aller vers la sécurité",

    "d14.s26.title": "Accès interdit",
    "d14.s26.body": "Les portes sont alignées. Ici, tu n’es pas censé être là.",
    "d14.s26.c1": "Aller vers la porte qui souffle",
    "d14.s26.c2": "Revenir en arrière",
    "d14.s26.c3": "Descendre vers le sous-sol",

    "d14.s27.title": "La porte souffle",
    "d14.s27.body": "De la fumée froide sort de la poignée. Cette porte cache quelque chose.",
    "d14.s27.c1": "Ouvrir et entrer",
    "d14.s27.c2": "Revenir vers les reflets",
    "d14.s27.c3": "Revenir à l’espace béton",

    "d14.s28.title": "Clavier à code",
    "d14.s28.body": "Un clavier à code. La lumière est rouge. Le badge ne suffit pas. Il faut une clé.",
    "d14.s28.c1": "Revenir chercher une clé",
    "d14.s28.c2": "Prendre l’autre chemin",
    "d14.s28.c3": "Mettre la clé",

    "d14.s29.title": "Tuyaux vivants",
    "d14.s29.body": "Les tuyaux vibrent. La vapeur te colle au visage. Tu descends encore.",
    "d14.s29.c1": "Descendre plus bas",
    "d14.s29.c2": "Revenir au clavier à code",
    "d14.s29.c3": "Chercher une petite porte au sol",

    "d14.s30.title": "Clé lourde",
    "d14.s30.body": "La clé est lourde et vieille. On dirait qu’elle ouvre une seule porte.",
    "d14.s30.c1": "Garder la clé et avancer",
    "d14.s30.c2": "Revenir en arrière",
    "d14.s30.c3": "Aller au clavier à code",

    "d14.s31.title": "Le trousseau",
    "d14.s31.body": "Badge et clé. Tu comprends que tout est préparé pour toi.",
    "d14.s31.c1": "Retourner au clavier à code",
    "d14.s31.c2": "Descendre encore",
    "d14.s31.c3": "Revenir à l’espace béton",

    "d14.s32.title": "Ça s’ouvre",
    "d14.s32.body": "La clé tourne. La lumière devient verte. La porte s’ouvre sans bruit.",
    "d14.s32.c1": "Entrer dans le couloir étroit",
    "d14.s32.c2": "Revenir au clavier à code",
    "d14.s32.c3": "Revenir à l’espace béton",

    "d14.s33.title": "Couloir étroit",
    "d14.s33.body": "Le plafond est bas. Des câbles pendent. Tu entends ton propre souffle.",
    "d14.s33.c1": "Continuer",
    "d14.s33.c2": "Prendre la porte entrouverte",
    "d14.s33.c3": "Regarder les murs",

    "d14.s34.title": "Porte entrouverte",
    "d14.s34.body": "Une fine ligne de lumière. Aucun bruit. Comme si quelqu’un attendait.",
    "d14.s34.c1": "Entrer doucement",
    "d14.s34.c2": "Revenir au couloir",
    "d14.s34.c3": "Retourner au clavier",

    "d14.s35.title": "Trou noir",
    "d14.s35.body": "La petite porte descend dans le noir. L’air est glacé.",
    "d14.s35.c1": "Descendre",
    "d14.s35.c2": "Revenir au couloir",
    "d14.s35.c3": "Prendre un autre passage",

    "d14.s36.title": "Plans déchirés",
    "d14.s36.body": "Des plans sont arrachés et griffés. Quelqu’un a cherché une sortie.",
    "d14.s36.c1": "Suivre les marques",
    "d14.s36.c2": "Revenir au couloir",
    "d14.s36.c3": "Aller vers la porte vitrée",

    "d14.s37.title": "Derrière la vitre",
    "d14.s37.body": "La vitre est blanche de buée. Derrière, une forme est tout près.",
    "d14.s37.c1": "Ouvrir",
    "d14.s37.c2": "Filmer",
    "d14.s37.c3": "Revenir en arrière",

    "d14.s38.title": "Caméra",
    "d14.s38.body": "La caméra montre plus que tes yeux. Sur l’écran, le couloir semble bouger.",
    "d14.s38.c1": "Aller vers la zone blanche",
    "d14.s38.c2": "Revenir à la vitre",
    "d14.s38.c3": "Suivre le bruit des tuyaux",

    "d14.s39.title": "Air dans les murs",
    "d14.s39.body": "Dans la grille d’air, tu entends un souffle régulier. Par moments, on dirait ton prénom.",
    "d14.s39.c1": "Suivre le couloir des tuyaux",
    "d14.s39.c2": "Revenir vers la zone blanche",
    "d14.s39.c3": "Revenir au couloir étroit",

    "d14.s40.title": "Trop propre",
    "d14.s40.body": "Tout est blanc et propre. Ça ressemble à un hôpital. Ça fait peur.",
    "d14.s40.c1": "Aller vers la surveillance",
    "d14.s40.c2": "Entrer dans une salle",
    "d14.s40.c3": "Revenir vers les tuyaux",

    "d14.s41.title": "Surveillance",
    "d14.s41.body": "Des écrans montrent les couloirs. Sur un écran, tu vois ta porte, là-haut.",
    "d14.s41.c1": "Chercher le contrôle",
    "d14.s41.c2": "Aller vers les archives",
    "d14.s41.c3": "Revenir au couloir blanc",

    "d14.s42.title": "Poste de contrôle",
    "d14.s42.body": "Une caméra te regarde. Tu peux prendre une preuve… ou fuir.",
    "d14.s42.c1": "Enregistrer une preuve",
    "d14.s42.c2": "Revenir par le couloir des tuyaux",
    "d14.s42.c3": "Revenir aux écrans",

    "d14.s43.title": "Couloir d’archives",
    "d14.s43.body": "Des étagères, des cartons, du papier humide. L’histoire du lieu est ici.",
    "d14.s43.c1": "Entrer dans l’allée",
    "d14.s43.c2": "Revenir au contrôle",
    "d14.s43.c3": "Revenir à la surveillance",

    "d14.s44.title": "Allée d’archives",
    "d14.s44.body": "Des boîtes partout. Tu cherches le numéro 14.",
    "d14.s44.c1": "Chercher “14”",
    "d14.s44.c2": "Suivre un tiroir ouvert",
    "d14.s44.c3": "Chercher la sortie",

    "d14.s45.title": "Dossier abîmé",
    "d14.s45.body": "Tu tires un dossier. La poussière te colle aux doigts.",
    "d14.s45.c1": "Regarder les photos",
    "d14.s45.c2": "Revenir dans l’allée",
    "d14.s45.c3": "Continuer à chercher “14”",

    "d14.s46.title": "Photos",
    "d14.s46.body": "Sur une photo, une forme est au fond d’un couloir. Toujours la même.",
    "d14.s46.c1": "Chercher le dossier principal",
    "d14.s46.c2": "Revenir au tiroir",
    "d14.s46.c3": "Aller vers la sortie",

    "d14.s47.title": "DOSSIER 14",
    "d14.s47.body": "Tu trouves un gros dossier. Le mot “14” est dessus. Ça parle de l’immeuble.",
    "d14.s47.c1": "Ouvrir",
    "d14.s47.c2": "Revenir aux photos",
    "d14.s47.c3": "Aller à la sortie",

    "d14.s48.title": "Page arrachée",
    "d14.s48.body": "Une page a été arrachée récemment. Quelqu’un a voulu cacher une info.",
    "d14.s48.c1": "Revenir au dossier",
    "d14.s48.c2": "Revenir dans l’allée",
    "d14.s48.c3": "Courir vers la sortie",

    "d14.s49.title": "SORTIE",
    "d14.s49.body": "Un panneau rouge indique la sortie. Tu ne sais pas si c’est vrai.",
    "d14.s49.c1": "Ouvrir",
    "d14.s49.c2": "Revenir dans les archives",
    "d14.s49.c3": "Revenir à la surveillance",

    "d14.s50.title": "Ton nom",
    "d14.s50.body": "Dans l’air, tu entends ton nom. Derrière toi, des pas suivent les tiens.",
    "d14.s50.c1": "Partir sans te retourner",
    "d14.s50.c2": "Revenir et affronter",
    "d14.s50.c3": "Comprendre toute la vérité",

    "d14.end_good.title": "FIN — Tu sors",
    "d14.end_good.body": "Tu sors dehors. L’air est froid. Tu marches vite et tu ne regardes pas derrière toi. Mais tu sais que l’immeuble a retenu ton nom.",

    "d14.end_bad.title": "FIN — Tu restes",
    "d14.end_bad.body": "Le couloir se ferme. La lumière devient faible. Tu comprends que tu ne vas pas sortir. Et à 02:14, ton nom revient encore et encore.",

    "d14.end_secret.title": "FIN SECRÈTE — Dossier complet",
    "d14.end_secret.body": "Tu as le badge, la clé, et le dossier. Tu comprends : l’immeuble prend des gens comme on remplit des cases. Et maintenant, il te reconnaît.",

    "d14.h.clue.has_photo.title": "Photo",
    "d14.h.clue.has_photo.desc": "Une photo qui montre la forme.",

    "d14.h.clue.has_badge.title": "Badge",
    "d14.h.clue.has_badge.desc": "Un badge pour ouvrir certaines portes.",

    "d14.h.clue.has_key.title": "Clé",
    "d14.h.clue.has_key.desc": "Une clé lourde pour ouvrir une porte.",

    "d14.h.clue.has_recording.title": "Vidéo",
    "d14.h.clue.has_recording.desc": "Une vidéo qui prouve que tu n’as pas rêvé.",

    "d14.h.clue.has_dossier.title": "Dossier",
    "d14.h.clue.has_dossier.desc": "Le dossier “14” trouvé dans les archives."
  }
}