{
  "meta": {
    "lang": "fr",
    "scenario_id": "dossier14_appartement",
    "title": "Appartement 14",
    "tagline": "02:14. Un nom dans le couloir. Et l’immeuble te veut.",
    "hint_ns": "d14.h"
  },
  "strings": {
    "d14.s01.title": "02:14",
    "d14.s01.body": "Tu te réveilles net. Dans le couloir, quelqu’un murmure ton nom. La lumière sous ta porte découpe la pénombre comme une lame.",
    "d14.s01.c1": "Approcher sans bruit",
    "d14.s01.c2": "Tendre la main vers la poignée",
    "d14.s01.c3": "Regarder dehors, par la fenêtre",

    "d14.s02.title": "La poignée froide",
    "d14.s02.body": "Tes doigts frôlent le métal humide. Tu sens que si tu tournes… tu ne pourras pas prétendre que tu n’as rien entendu.",
    "d14.s02.c1": "Tourner très lentement",
    "d14.s02.c2": "Retirer ta main et écouter",
    "d14.s02.c3": "Filmer avec ton téléphone",

    "d14.s03.title": "Face à face",
    "d14.s03.body": "La porte te fait face. Le judas au centre ressemble à un œil. Derrière, ça ne bouge pas… et pourtant tu sens une présence collée au bois.",
    "d14.s03.c1": "Regarder par le judas",
    "d14.s03.c2": "Coller ton oreille au bois",
    "d14.s03.c3": "Recule et allume ton téléphone",

    "d14.s04.title": "Écran noir",
    "d14.s04.body": "Ton écran reflète le couloir derrière toi. Pas de réseau. Pas de message. Juste ton souffle… et un léger bruit de pas qui recommence.",
    "d14.s04.c1": "Utiliser la lampe du téléphone",
    "d14.s04.c2": "Revenir à la porte",
    "d14.s04.c3": "Ouvrir juste un cran",

    "d14.s05.title": "Traces au sol",
    "d14.s05.body": "Au ras du sol, l’eau et la poussière dessinent des empreintes fraîches. Elles vont vers l’escalier. Comme une invitation.",
    "d14.s05.c1": "Suivre les traces vers l’escalier",
    "d14.s05.c2": "Remonter la trace jusqu’à une porte",
    "d14.s05.c3": "Revenir au hall (boîtes aux lettres)",

    "d14.s06.title": "La serrure respire",
    "d14.s06.body": "Près du trou de clé, un souffle froid s’échappe. La serrure est glacée. Ce n’est pas un courant d’air… c’est comme si la porte vivait.",
    "d14.s06.c1": "Reculer, sans quitter la porte",
    "d14.s06.c2": "Regarder par le judas",
    "d14.s06.c3": "Descendre au hall pour t’éloigner",

    "d14.s07.title": "Dans le judas",
    "d14.s07.body": "Vision ronde, floue. Au fond du couloir : une silhouette immobile. Pas de visage. Juste l’idée d’un corps qui attend.",
    "d14.s07.c1": "Ouvrir très légèrement",
    "d14.s07.c2": "Éteindre toute lumière chez toi",
    "d14.s07.c3": "Fuir vers l’escalier",

    "d14.s08.title": "Fenêtre d’en face",
    "d14.s08.body": "Dehors, la pluie coule sur la vitre. En face, plusieurs fenêtres sont allumées. Le monde continue… sauf que ton immeuble semble te tenir dans sa main.",
    "d14.s08.c1": "Retourner à la porte",
    "d14.s08.c2": "Descendre au hall",
    "d14.s08.c3": "Regarder encore… et mémoriser l’étage",

    "d14.s09.title": "L’escalier",
    "d14.s09.body": "Le palier est humide. Les murs sont sales, la rampe colle. Plus tu descends, plus l’air devient lourd, comme si le bâtiment refermait son labyrinthe.",
    "d14.s09.c1": "Continuer vers le couloir du rez-de-chaussée",
    "d14.s09.c2": "Suivre une porte latérale (vers les couloirs)",
    "d14.s09.c3": "Aller au hall (interphone / boîtes)",

    "d14.s10.title": "Couloir répétitif",
    "d14.s10.body": "Couloir long. Portes alignées. Reflets au sol. Tout se ressemble trop, comme un décor qui se copie pour te perdre.",
    "d14.s10.c1": "Marcher jusqu’à la porte au fond",
    "d14.s10.c2": "Revenir à l’escalier",
    "d14.s10.c3": "Chercher la zone SERVICE",

    "d14.s11.title": "Lampe dans la brume",
    "d14.s11.body": "Ton faisceau coupe la poussière. Le mur est trop proche. Tu avances dans un tunnel de lumière, et tu comprends : ici, la lampe révèle… mais elle attire.",
    "d14.s11.c1": "Suivre les traces au sol",
    "d14.s11.c2": "Revenir au couloir",
    "d14.s11.c3": "Descendre au hall",

    "d14.s12.title": "Preuve",
    "d14.s12.body": "Sur ton écran, une silhouette apparaît dans le couloir. Floue, mais réelle. Ça suffit pour te glacer : tu n’as pas halluciné.",
    "d14.s12.c1": "Descendre au hall avec cette preuve",
    "d14.s12.c2": "Aller vers la zone SERVICE",
    "d14.s12.c3": "Revenir à l’escalier",

    "d14.s13.title": "Hall",
    "d14.s13.body": "Interphone, boîtes oxydées, boutons usés. Le quotidien a pourri ici. Et au milieu, tu as l’impression que le bâtiment écoute chacun de tes pas.",
    "d14.s13.c1": "Explorer le hall (plusieurs portes)",
    "d14.s13.c2": "Chercher une boîte / un casier ouvert",
    "d14.s13.c3": "Suivre l’indication SERVICE",

    "d14.s14.title": "Porte au fond",
    "d14.s14.body": "Couloir étroit. Au fond, une porte se découpe dans la pénombre. Rien n’indique où tu es… sauf ton instinct qui te dit de ne pas y aller seul.",
    "d14.s14.c1": "Revenir au hall",
    "d14.s14.c2": "Continuer quand même",
    "d14.s14.c3": "Allumer la lampe et vérifier le sol",

    "d14.s15.title": "SERVICE",
    "d14.s15.body": "Un panneau “SERVICE” est accroché de travers. La peinture s’écaille. Ici, tu quittes les endroits habités pour les endroits techniques… ceux qui n’ont pas d’excuses.",
    "d14.s15.c1": "Entrer dans la zone SERVICE",
    "d14.s15.c2": "Revenir au hall",
    "d14.s15.c3": "Suivre le couloir jusqu’à une lumière blanche",

    "d14.s16.title": "Lumière trop blanche",
    "d14.s16.body": "Un seau de ménage. Une porte entrouverte. Une lumière forte derrière, trop propre pour être rassurante. Comme une salle préparée pour toi.",
    "d14.s16.c1": "Entrer",
    "d14.s16.c2": "Revenir au hall",
    "d14.s16.c3": "Inspecter le sol (traces / humidité)",

    "d14.s17.title": "La trappe",
    "d14.s17.body": "Sol humide, serpillière, et au centre : un anneau métallique. Une petite trappe, parfaitement placée. Le banal cache un mécanisme.",
    "d14.s17.c1": "Soulever la trappe",
    "d14.s17.c2": "Chercher un objet utile dans la pièce",
    "d14.s17.c3": "Reculer vers le couloir SERVICE",

    "d14.s18.title": "Couloir long",
    "d14.s18.body": "Tu avances. Ton téléphone reste éteint dans ta main. Le couloir est trop profond, comme si le bâtiment ajoutait des mètres dès que tu regardes ailleurs.",
    "d14.s18.c1": "Retourner au hall",
    "d14.s18.c2": "Revenir vers la porte entrouverte",
    "d14.s18.c3": "Continuer vers les zones basses",

    "d14.s19.title": "Casier ouvert",
    "d14.s19.body": "Dans une boîte métallique : un badge et un papier. Le métal est froid. Tout a l’air posé pour être trouvé. Comme si on te donnait une identité provisoire.",
    "d14.s19.c1": "Prendre le badge",
    "d14.s19.c2": "Refermer et faire demi-tour",
    "d14.s19.c3": "Aller badger sur une porte SERVICE",

    "d14.s20.title": "Espace béton",
    "d14.s20.body": "Un hall plus large, béton, carrelage, plusieurs portes. L’endroit est fonctionnel… mais tu sens une chasse. Comme si tu étais devenu un trajet.",
    "d14.s20.c1": "Choisir une porte (zone basse)",
    "d14.s20.c2": "Revenir aux boîtes",
    "d14.s20.c3": "Retourner vers SERVICE",

    "d14.s21.title": "Badge humide",
    "d14.s21.body": "Le badge te colle aux doigts, couvert de gouttes. Un simple rectangle, et pourtant tu sens que toute la suite dépend de lui.",
    "d14.s21.c1": "Badger sur une porte SERVICE",
    "d14.s21.c2": "Retourner au hall",
    "d14.s21.c3": "Descendre vers les couloirs sombres",

    "d14.s22.title": "Couloir sombre",
    "d14.s22.body": "Sol mouillé. Au fond : une porte. Ici, tu es sous l’immeuble. Et tu comprends que le bâtiment n’a pas été construit… il a été organisé.",
    "d14.s22.c1": "Aller vers la porte au fond",
    "d14.s22.c2": "Suivre les tuyaux (plus bas)",
    "d14.s22.c3": "Revenir au hall béton",

    "d14.s23.title": "Clé posée",
    "d14.s23.body": "Dans un coin technique : une clé sur une table. Et plus loin, une trappe déjà ouverte. Deux chemins. Deux façons de dire oui.",
    "d14.s23.c1": "Prendre la clé",
    "d14.s23.c2": "Descendre par la trappe",
    "d14.s23.c3": "Revenir en arrière",

    "d14.s24.title": "Avant le bip",
    "d14.s24.body": "Tu présentes le badge devant une porte. Une seconde suspendue. Comme si l’immeuble décidait si tu es autorisé à continuer.",
    "d14.s24.c1": "Entrer (si ça s’ouvre)",
    "d14.s24.c2": "Revenir au hall",
    "d14.s24.c3": "Descendre vers les zones basses",

    "d14.s25.title": "Reflets",
    "d14.s25.body": "Vitres, miroirs, et au centre : une silhouette de dos. Tes pas se dupliquent dans les reflets. Une fraction de seconde trop tard… comme un second toi.",
    "d14.s25.c1": "Suivre le couloir de reflets",
    "d14.s25.c2": "Revenir vers SERVICE",
    "d14.s25.c3": "Continuer vers la sécurité (digicode)",

    "d14.s26.title": "Accès restreint",
    "d14.s26.body": "Portes alignées, couloir strict. Tu avances comme dans un endroit où tu n’es pas censé exister. Le badge pèse dans ta main comme une faute.",
    "d14.s26.c1": "Continuer vers la porte qui “respire”",
    "d14.s26.c2": "Revenir au hall",
    "d14.s26.c3": "Descendre vers le sous-sol",

    "d14.s27.title": "La porte respire",
    "d14.s27.body": "Fumée froide au niveau de la poignée. Le couloir est serré. Cette porte ne garde pas une pièce… elle garde quelque chose.",
    "d14.s27.c1": "Ouvrir et entrer",
    "d14.s27.c2": "Revenir au couloir de reflets",
    "d14.s27.c3": "Revenir au hall béton",

    "d14.s28.title": "Digicode",
    "d14.s28.body": "Clavier à code. LED rouge. Tu badges : bip… mais rien ne cède. Il manque une clé. Une vraie. Le bâtiment veut un rituel complet.",
    "d14.s28.c1": "Revenir chercher une clé",
    "d14.s28.c2": "Suivre les tuyaux (autre descente)",
    "d14.s28.c3": "Insérer la clé (si tu l’as)",

    "d14.s29.title": "Tuyaux vivants",
    "d14.s29.body": "Escalier technique, conduites, vapeur. Le bâtiment respire autour de toi. Tu descends dans sa partie vivante.",
    "d14.s29.c1": "Continuer vers le niveau inférieur",
    "d14.s29.c2": "Revenir au digicode",
    "d14.s29.c3": "Chercher une trappe au sol",

    "d14.s30.title": "Clé lourde",
    "d14.s30.body": "La clé est ancienne, trop lourde. L’étiquette pend, sale, comme si elle n’avait pas bougé depuis des années. Elle te “destine” à une serrure.",
    "d14.s30.c1": "Garder la clé et avancer",
    "d14.s30.c2": "Revenir au coin technique",
    "d14.s30.c3": "Aller au digicode",

    "d14.s31.title": "Le trousseau",
    "d14.s31.body": "Badge et clé posés. Tu comprends : ce n’est pas de la chance. C’est un parcours préparé, comme un test qui exige des objets précis.",
    "d14.s31.c1": "Retourner au digicode",
    "d14.s31.c2": "Descendre encore (tuyaux)",
    "d14.s31.c3": "Revenir au hall béton",

    "d14.s32.title": "Ouverture",
    "d14.s32.body": "Tu insères la clé. La LED devient verte. La porte s’ouvre lentement, sans bruit, comme si elle soupirait de soulagement.",
    "d14.s32.c1": "Entrer dans le couloir étroit",
    "d14.s32.c2": "Revenir au digicode",
    "d14.s32.c3": "Revenir au hall béton",

    "d14.s33.title": "Couloir étroit",
    "d14.s33.body": "Plafond bas. Câbles. Lumière ponctuelle. Ici, pas de détour : tu avances ou tu recules. Et reculer ressemble déjà à une défaite.",
    "d14.s33.c1": "Continuer",
    "d14.s33.c2": "Suivre une porte entrouverte",
    "d14.s33.c3": "Regarder les murs (traces / plans)",

    "d14.s34.title": "Porte entrouverte",
    "d14.s34.body": "Une fente de lumière verticale. La porte est entrouverte, mais aucun bruit ne sort. Comme si quelqu’un avait ouvert de l’intérieur… puis s’était figé.",
    "d14.s34.c1": "Entrer doucement",
    "d14.s34.c2": "Revenir au couloir étroit",
    "d14.s34.c3": "Reculer vers la porte principale",

    "d14.s35.title": "La trappe noire",
    "d14.s35.body": "Trappe ouverte au sol. Profondeur noire. L’air froid remonte, chargé d’humidité. Si tu descends, tu acceptes l’idée de ne plus remonter pareil.",
    "d14.s35.c1": "Descendre",
    "d14.s35.c2": "Revenir au couloir étroit",
    "d14.s35.c3": "Continuer par le couloir",

    "d14.s36.title": "Plans arrachés",
    "d14.s36.body": "Un mur griffé. Des plans arrachés, illisibles. Quelqu’un a cherché une sortie avant toi. Et le bâtiment l’a laissé écrire… juste assez pour l’appâter.",
    "d14.s36.c1": "Suivre les indications improvisées",
    "d14.s36.c2": "Revenir au couloir étroit",
    "d14.s36.c3": "Avancer vers une porte vitrée",

    "d14.s37.title": "Derrière la vitre",
    "d14.s37.body": "Vitre givrée. Derrière : une silhouette floue, tout près. Tu es à un mètre de quelque chose qui n’a pas besoin de parler pour menacer.",
    "d14.s37.c1": "Ouvrir",
    "d14.s37.c2": "Filmer avec ton téléphone",
    "d14.s37.c3": "Revenir en arrière",

    "d14.s38.title": "Caméra ouverte",
    "d14.s38.body": "Sur ton écran, le couloir paraît plus long. Tu cherches un détail dans le noir… et tu comprends que la caméra montre parfois ce que tes yeux refusent.",
    "d14.s38.c1": "Avancer vers la zone “propre”",
    "d14.s38.c2": "Revenir vers la porte vitrée",
    "d14.s38.c3": "Suivre le bruit des tuyaux",

    "d14.s39.title": "Respiration mécanique",
    "d14.s39.body": "Tuyauterie, vapeur, métal froid. Un souffle constant. On dirait un mot, parfois, dans la ventilation. Comme si le bâtiment apprenait ton prénom.",
    "d14.s39.c1": "Suivre le couloir technique",
    "d14.s39.c2": "Revenir vers la zone “propre”",
    "d14.s39.c3": "Revenir au couloir étroit",

    "d14.s40.title": "Trop propre",
    "d14.s40.body": "Couloir blanc, lumière régulière, portes nettes. Ça ressemble à une clinique. Trop normal. Comme une zone hors du temps, construite pour te calmer… puis te trahir.",
    "d14.s40.c1": "Continuer vers la surveillance",
    "d14.s40.c2": "Entrer dans une salle au hasard",
    "d14.s40.c3": "Revenir vers les tuyaux",

    "d14.s41.title": "Surveillance",
    "d14.s41.body": "Mur d’écrans. Couloirs vides partout. Et dans une des vues… ta porte, là-haut. Tu es observé. L’immeuble te suit en direct.",
    "d14.s41.c1": "Chercher un poste de contrôle (caméra visible)",
    "d14.s41.c2": "Aller vers les archives",
    "d14.s41.c3": "Revenir au couloir “propre”",

    "d14.s42.title": "Poste de contrôle",
    "d14.s42.body": "Caméra visible, reflets bleus. Ici, tu comprends : l’endroit voit tout. Tu peux fuir… ou prendre une preuve au risque d’être repéré.",
    "d14.s42.c1": "Enregistrer une preuve (caméra / écrans)",
    "d14.s42.c2": "Fuir vers les archives",
    "d14.s42.c3": "Revenir à la surveillance",

    "d14.s43.title": "Couloir d’archives",
    "d14.s43.body": "Étagères hautes, cartons, porte au fond. Tu sens l’odeur du papier humide. L’histoire du lieu est enterrée là, et tu viens de marcher dessus.",
    "d14.s43.c1": "Entrer dans la grande allée",
    "d14.s43.c2": "Revenir au poste de contrôle",
    "d14.s43.c3": "Revenir à la surveillance",

    "d14.s44.title": "Allée d’archives",
    "d14.s44.body": "Cartons, dossiers, poussière. Tu avances comme dans une tombe de documents. Chaque boîte ressemble à une vie rangée et oubliée.",
    "d14.s44.c1": "Fouiller pour trouver “14”",
    "d14.s44.c2": "Suivre un tiroir qui a bougé",
    "d14.s44.c3": "Chercher une sortie (EXIT)",

    "d14.s45.title": "Dossier arraché",
    "d14.s45.body": "Ta main tire une chemise épaisse. La poussière colle à ta peau. Tu as la sensation de toucher quelque chose qui ne voulait plus être lu.",
    "d14.s45.c1": "Suivre les photos dans le tiroir",
    "d14.s45.c2": "Retourner vers l’allée",
    "d14.s45.c3": "Continuer la recherche du numéro 14",

    "d14.s46.title": "Photos",
    "d14.s46.body": "Dans le tiroir : des photos. Sur l’une, une silhouette floue au fond d’un couloir. Toujours la même présence… dans des endroits différents.",
    "d14.s46.c1": "Chercher le dossier principal",
    "d14.s46.c2": "Revenir au tiroir",
    "d14.s46.c3": "Aller vers la sortie EXIT",

    "d14.s47.title": "DOSSIER 14",
    "d14.s47.body": "Un dossier épais, étiquette masquée. Une photo dépasse. Tu comprends que “14” n’est pas un étage… c’est une catégorie.",
    "d14.s47.c1": "Ouvrir le dossier",
    "d14.s47.c2": "Revenir vers les photos",
    "d14.s47.c3": "Partir vers la sortie EXIT",

    "d14.s48.title": "Page déchirée",
    "d14.s48.body": "Une page manque. Les fibres sont nettes : c’est récent. Quelqu’un a retiré une information au moment exact où tu as emménagé.",
    "d14.s48.c1": "Retourner au dossier",
    "d14.s48.c2": "Revenir à l’allée",
    "d14.s48.c3": "Fuir vers EXIT",

    "d14.s49.title": "EXIT",
    "d14.s49.body": "Couloir étroit. Un panneau EXIT rouge au-dessus d’une porte. Promesse de sortie… ou simple flèche vers ta place finale.",
    "d14.s49.c1": "Ouvrir et sortir",
    "d14.s49.c2": "Revenir au centre des archives",
    "d14.s49.c3": "Revenir vers la surveillance",

    "d14.s50.title": "Le retour du nom",
    "d14.s50.body": "Ta main se tend dans un couloir humide. Derrière toi, quelque chose marche au même rythme. Et dans la ventilation, ton nom revient… calmement.",
    "d14.s50.c1": "Partir. Ne jamais regarder derrière",
    "d14.s50.c2": "Revenir vers la porte (affronter)",
    "d14.s50.c3": "Comprendre le dossier (vérité complète)",

    "d14.end_good.title": "FIN — Tu t’en sors",
    "d14.end_good.body": "L’extérieur te frappe : air froid, aube grise, odeur de pluie et de poubelles. Tu sors. Tu continues de marcher. Tu ne regardes pas en arrière. Mais tu sais… que l’immeuble a appris ton nom.",

    "d14.end_bad.title": "FIN — Tu restes",
    "d14.end_bad.body": "Le couloir se referme. La lumière au plafond devient une île au-dessus de toi. Tu comprends que tu ne “vis” plus ici… tu occupes. Et à 02:14, ton nom devient un bruit de fond.",

    "d14.end_secret.title": "FIN SECRÈTE — Dossier validé",
    "d14.end_secret.body": "Tu as la preuve et le dossier. Tu comprends : l’immeuble ne prend pas des gens… il prend des places. Il remplit l’Appartement 14 comme on remplit une case. Et maintenant que tu sais, il te reconnaît.",

    "d14.h.clue.has_photo.title": "Photo",
    "d14.h.clue.has_photo.desc": "Une preuve visuelle récupérée dans les archives.",

    "d14.h.clue.has_badge.title": "Badge",
    "d14.h.clue.has_badge.desc": "Un badge d’accès trouvé dans un casier.",

    "d14.h.clue.has_key.title": "Clé",
    "d14.h.clue.has_key.desc": "Une clé lourde destinée au digicode.",

    "d14.h.clue.has_dossier.title": "Dossier",
    "d14.h.clue.has_dossier.desc": "Le dossier principal “14” récupéré."
  }
}
