{
  "meta": {
    "lang": "fr",
    "scenario_id": "dossier14_appartement",
    "title": "Appartement 14",
    "tagline": "02:14. Une fenêtre s’allume. Et quelqu’un attend derrière ta porte.",
    "hint_ns": "d14.h"
  },
  "strings": {
    "d14.s01.title": "02:14",
    "d14.s01.body": "La fenêtre 14 de l’immeuble d’en face s’allume. Ce n’est pas ton étage. Et pourtant, tu entends un pas derrière ta porte, comme si quelqu’un attendait… juste de l’autre côté.",
    "d14.s01.c1": "Approcher de la porte, sans bruit",
    "d14.s01.c2": "Regarder par le judas",
    "d14.s01.c3": "Rester immobile et écouter",

    "d14.s02.title": "La poignée",
    "d14.s02.body": "Ta main se fige près de la poignée. Le palier sent le froid, même à travers le bois. Un frottement lent raye le silence, comme un ongle contre du métal.",
    "d14.s02.c1": "Déverrouiller un cran, juste pour voir",
    "d14.s02.c2": "Coller ton oreille à la porte",
    "d14.s02.c3": "Reculer et reprendre ton souffle",

    "d14.s03.title": "Le judas",
    "d14.s03.body": "Tu regardes. Le couloir est vide… puis l’image tremble. Tu vois ton propre dos, au milieu du couloir, immobile. Comme si quelqu’un te copiait parfaitement, une seconde trop tard.",
    "d14.s03.c1": "Éteindre la lumière chez toi",
    "d14.s03.c2": "Reculer et ne plus regarder",
    "d14.s03.c3": "Respirer et attendre encore",

    "d14.s04.title": "Le bruit recommence",
    "d14.s04.body": "Le pas reprend. Pas fort. Pas pressé. Comme une démonstration. Ton téléphone s’allume tout seul, écran noir… puis une vibration. Aucun message.",
    "d14.s04.c1": "Retourner vers la porte",
    "d14.s04.c2": "Revenir au judas",
    "d14.s04.c3": "Se concentrer sur la fenêtre 14",

    "d14.s05.title": "Le palier",
    "d14.s05.body": "Tu ouvres juste assez pour glisser la tête. Le couloir est vide, mais le sol brille comme s’il avait été lavé. Une trace humide mène vers l’escalier.",
    "d14.s05.c1": "Suivre la trace vers l’escalier",
    "d14.s05.c2": "Inspecter le couloir, porte par porte",
    "d14.s05.c3": "Revenir au centre et réfléchir",

    "d14.s06.title": "Tout près",
    "d14.s06.body": "Oreille collée au bois : un souffle. Pas une respiration normale… un souffle d’air froid, comme si le couloir voulait entrer. Ta serrure clique, toute seule.",
    "d14.s06.c1": "Saisir ton téléphone (lampe / caméra)",
    "d14.s06.c2": "Te reculer, lentement",
    "d14.s06.c3": "Revenir au judas",

    "d14.s07.title": "Reflet impossible",
    "d14.s07.body": "Lumière coupée, tu replonges dans le judas. Ton “double” est là, dos à toi, à un mètre de la porte. Il lève la main… et mime exactement ton geste.",
    "d14.s07.c1": "Prendre une photo (vite)",
    "d14.s07.c2": "Arrêter de regarder",
    "d14.s07.c3": "Revenir à l’obsession : la fenêtre 14",

    "d14.s08.title": "Centre du piège",
    "d14.s08.body": "La fenêtre 14 clignote. Une fois. Deux fois. Ton téléphone vibre enfin : « Tu n’as qu’une seule chance de faire le bon choix. »",
    "d14.s08.c1": "Descendre au hall (boîtes aux lettres)",
    "d14.s08.c2": "Retourner au couloir",
    "d14.s08.c3": "Chercher une “porte grise” dont personne ne parle",

    "d14.s09.title": "Les marches",
    "d14.s09.body": "Tu descends d’un étage. Les marches grincent, comme si elles murmuraient ton poids. Au palier inférieur, l’ampoule grésille, plus froide que les autres.",
    "d14.s09.c1": "Continuer vers le hall",
    "d14.s09.c2": "Remonter et vérifier le couloir",
    "d14.s09.c3": "Revenir au centre (02:14)",

    "d14.s10.title": "Silence plat",
    "d14.s10.body": "Le couloir semble normal… trop normal. Les portes sont closes, mais l’air est humide. Tu sens que quelqu’un a “fait le ménage” juste avant ton arrivée.",
    "d14.s10.c1": "Chercher une porte de service",
    "d14.s10.c2": "Redescendre par l’escalier",
    "d14.s10.c3": "Revenir au centre (02:14)",

    "d14.s11.title": "La lampe du téléphone",
    "d14.s11.body": "Tu allumes la lampe. La lumière révèle des micro-traces : gouttes, frottements, comme si un corps humide avait frôlé les murs. Tu n’es pas seul… tu es observé.",
    "d14.s11.c1": "Sortir et avancer franchement",
    "d14.s11.c2": "Aller vers le hall",
    "d14.s11.c3": "Revenir au centre (02:14)",

    "d14.s12.title": "Preuve",
    "d14.s12.body": "La photo est floue… mais on distingue ton “dos” dans le couloir, à une place où tu ne peux pas être. Ça suffit pour te glacer. Ça suffit pour comprendre que tu n’inventes rien.",
    "d14.s12.c1": "Aller au hall chercher d’autres indices",
    "d14.s12.c2": "Chercher la porte de service",
    "d14.s12.c3": "Revenir au centre (02:14)",

    "d14.s13.title": "Les boîtes",
    "d14.s13.body": "Au hall, les boîtes aux lettres te regardent comme des dents alignées. Une boîte paraît neuve, sans nom, sans rayure, comme si elle attendait… ton courrier.",
    "d14.s13.c1": "Ouvrir la boîte neuve",
    "d14.s13.c2": "Observer les noms / numéros (sans toucher)",
    "d14.s13.c3": "Revenir au centre (02:14)",

    "d14.s14.title": "La porte grise",
    "d14.s14.body": "Tu la vois enfin : une porte grise au fond du couloir, sans numéro. Tu es sûr qu’elle n’était pas là hier. Elle respire presque, imperceptiblement.",
    "d14.s14.c1": "T’approcher et écouter derrière",
    "d14.s14.c2": "Retourner au hall",
    "d14.s14.c3": "Revenir au centre (02:14)",

    "d14.s15.title": "Plus bas",
    "d14.s15.body": "Tu descends encore. L’immeuble devient plus silencieux, comme si la ville avait disparu. Au prochain palier, un panneau “SERVICE” est griffé, illisible.",
    "d14.s15.c1": "Continuer vers le bas",
    "d14.s15.c2": "Revenir au hall",
    "d14.s15.c3": "Revenir au centre (02:14)",

    "d14.s16.title": "Service",
    "d14.s16.body": "Une porte de service est entrouverte. L’odeur de chlore pique. À l’intérieur, quelque chose a été utilisé récemment. Tu vois une lumière trembler au fond.",
    "d14.s16.c1": "Entrer dans le local",
    "d14.s16.c2": "Retourner aux boîtes",
    "d14.s16.c3": "Revenir au centre (02:14)",

    "d14.s17.title": "Local d’entretien",
    "d14.s17.body": "Seau, balais, gants… tout est là. Mais un détail te dérange : un badge posé bien au centre, comme un appât. Le néon au plafond grésille au même rythme que ton cœur.",
    "d14.s17.c1": "Prendre le badge",
    "d14.s17.c2": "Sortir immédiatement",
    "d14.s17.c3": "Revenir au centre (02:14)",

    "d14.s18.title": "Un message",
    "d14.s18.body": "Ton téléphone vibre : « TU ES EN RETARD. » Le couloir derrière toi semble plus long qu’avant. Comme s’il s’étirait. Comme s’il voulait t’empêcher de revenir.",
    "d14.s18.c1": "Suivre la porte de service",
    "d14.s18.c2": "Retourner au hall",
    "d14.s18.c3": "Revenir au centre (02:14)",

    "d14.s19.title": "À l’intérieur",
    "d14.s19.body": "Dans la boîte neuve, tu trouves un badge de service sans nom. Et un petit papier : « 02:14 — DOSSIER 14 ». L’encre est fraîche.",
    "d14.s19.c1": "Prendre le badge",
    "d14.s19.c2": "Refermer et reculer",
    "d14.s19.c3": "Revenir au centre (02:14)",

    "d14.s20.title": "Trop propre",
    "d14.s20.body": "Les noms sur les boîtes ne t’aident pas. Tout est trop propre, trop aligné. Tu as la sensation d’être “classé” comme une lettre.",
    "d14.s20.c1": "Revenir à la boîte neuve",
    "d14.s20.c2": "Aller chercher la porte grise",
    "d14.s20.c3": "Revenir au centre (02:14)",

    "d14.s21.title": "Dans ta main",
    "d14.s21.body": "Le badge est froid. Il colle légèrement à la peau, comme si le plastique respirait. Tu entends un petit bip lointain, au fond de l’immeuble.",
    "d14.s21.c1": "Suivre ce son (vers le bas)",
    "d14.s21.c2": "Retourner aux boîtes",
    "d14.s21.c3": "Revenir au centre (02:14)",

    "d14.s22.title": "Sous la ville",
    "d14.s22.body": "Tu atteins une zone plus sombre. Les murs deviennent techniques : câbles, tuyaux, portes sans poignées. Le son de bip revient… régulier.",
    "d14.s22.c1": "Approcher la porte du sous-sol",
    "d14.s22.c2": "Revenir en arrière",
    "d14.s22.c3": "Revenir au centre (02:14)",

    "d14.s23.title": "Quelqu’un a laissé ça",
    "d14.s23.body": "Dans le local, tu remarques une trappe ouverte et une clé posée trop proprement. Un cadeau ? Une invitation ? Tu sens une présence derrière toi… sans la voir.",
    "d14.s23.c1": "Prendre la clé",
    "d14.s23.c2": "Sortir du local",
    "d14.s23.c3": "Revenir au centre (02:14)",

    "d14.s24.title": "Badge et accès",
    "d14.s24.body": "Le badge devrait ouvrir quelque chose. Tu repenses au panneau griffé “SERVICE”, et à la porte grise. Tu comprends : on te guide.",
    "d14.s24.c1": "Aller vers le bas, sans hésiter",
    "d14.s24.c2": "Retourner aux boîtes (vérifier encore)",
    "d14.s24.c3": "Revenir au centre (02:14)",

    "d14.s25.title": "Le couloir t’écoute",
    "d14.s25.body": "Chaque pas semble enregistré. Ton reflet n’est plus exactement synchronisé dans les vitres. L’immeuble t’apprend, comme un mécanisme qui s’ajuste.",
    "d14.s25.c1": "Continuer vers la zone service",
    "d14.s25.c2": "Descendre directement au sous-sol",
    "d14.s25.c3": "Revenir au centre (02:14)",

    "d14.s26.title": "La règle",
    "d14.s26.body": "Le badge dans ta poche te donne une certitude : ce bâtiment a des accès. Et des exclusions. Tu fais partie du test, maintenant.",
    "d14.s26.c1": "Utiliser le badge sur une porte de service",
    "d14.s26.c2": "Retourner vers la porte grise",
    "d14.s26.c3": "Revenir au centre (02:14)",

    "d14.s27.title": "Porte grise, vraiment",
    "d14.s27.body": "Au contact du badge, la porte grise émet un clic minuscule. Une odeur de métal humide s’échappe. Tu n’aurais jamais dû ouvrir ça… mais tu l’as fait.",
    "d14.s27.c1": "Entrer dans l’accès service",
    "d14.s27.c2": "Retourner au local",
    "d14.s27.c3": "Revenir au centre (02:14)",

    "d14.s28.title": "Digicode",
    "d14.s28.body": "Une porte lourde bloque le sous-sol. Un digicode. Une lumière rouge. Tu approches le badge : un bip… mais ça ne suffit pas.",
    "d14.s28.c1": "Chercher un autre moyen (local / clé)",
    "d14.s28.c2": "Revenir en arrière",
    "d14.s28.c3": "Revenir au centre (02:14)",

    "d14.s29.title": "Sous le local",
    "d14.s29.body": "La trappe du local descend vers un couloir étroit. Des tuyaux vibrent doucement. On dirait un cœur mécanique.",
    "d14.s29.c1": "Descendre dans la trappe",
    "d14.s29.c2": "Revenir au local",
    "d14.s29.c3": "Revenir au centre (02:14)",

    "d14.s30.title": "Clé froide",
    "d14.s30.body": "La clé est plus lourde que prévu. Un petit tag est accroché : « B-14 ». Comme si on avait déjà prévu ton chemin.",
    "d14.s30.c1": "Garder la clé (et avancer)",
    "d14.s30.c2": "Retourner au couloir",
    "d14.s30.c3": "Revenir au centre (02:14)",

    "d14.s31.title": "Une descente logique",
    "d14.s31.body": "Tu comprends que l’immeuble te pousse : badge → clé → sous-sol. Comme un protocole. Comme une chaîne.",
    "d14.s31.c1": "Suivre la chaîne (vers le bas)",
    "d14.s31.c2": "Aller au digicode",
    "d14.s31.c3": "Revenir au centre (02:14)",

    "d14.s32.title": "Accès",
    "d14.s32.body": "Devant le digicode, tu glisses la clé dans une fente invisible. Bip. La lumière passe au vert. La porte lourde s’ouvre, lentement, comme si elle soupirait.",
    "d14.s32.c1": "Entrer dans le sous-sol",
    "d14.s32.c2": "Revenir en arrière",
    "d14.s32.c3": "Revenir au centre (02:14)",

    "d14.s33.title": "Couloir bas",
    "d14.s33.body": "Tu avances dans un couloir bas de plafond. L’air est humide. Au fond, un bourdonnement. Des caméras ? Des serveurs ? Tu ne devrais pas être ici.",
    "d14.s33.c1": "Continuer vers le bourdonnement",
    "d14.s33.c2": "Revenir en arrière",
    "d14.s33.c3": "Revenir au centre (02:14)",

    "d14.s34.title": "Pas de retour",
    "d14.s34.body": "Tu touches la porte lourde : elle se referme déjà derrière toi. Tu réalises que “revenir” est un mot qui perd son sens ici.",
    "d14.s34.c1": "Avancer quand même",
    "d14.s34.c2": "Chercher une autre issue",
    "d14.s34.c3": "Revenir au centre (02:14)",

    "d14.s35.title": "Un choix truqué",
    "d14.s35.body": "La trappe du local te semble presque plus sûre que la porte lourde. Mais l’immeuble t’a déjà guidé ici. Ton instinct hurle : ce n’est pas un hasard.",
    "d14.s35.c1": "Revenir vers la clé",
    "d14.s35.c2": "Revenir au local",
    "d14.s35.c3": "Revenir au centre (02:14)",

    "d14.s36.title": "Le couloir technique",
    "d14.s36.body": "Câbles, tuyaux, condensation. Un pictogramme “caméra” apparaît, griffé au mur. Tu entends un cliquetis régulier… comme un appareil qui enregistre.",
    "d14.s36.c1": "Suivre les pictogrammes",
    "d14.s36.c2": "Revenir vers l’escalier",
    "d14.s36.c3": "Revenir au centre (02:14)",

    "d14.s37.title": "Clac… clac…",
    "d14.s37.body": "Le cliquetis devient plus net. Tu passes devant une porte vitrée opaque. Derrière, une lumière bleue. Et une ombre qui bouge… sans bruit.",
    "d14.s37.c1": "Ouvrir la porte opaque",
    "d14.s37.c2": "Revenir au couloir technique",
    "d14.s37.c3": "Revenir au centre (02:14)",

    "d14.s38.title": "Plus profond",
    "d14.s38.body": "Tu avances. Une caméra te suit, tu le sens. Pas besoin de la voir. Ta peau te le dit. Ton téléphone se met à enregistrer tout seul, micro activé.",
    "d14.s38.c1": "Suivre la caméra (oui…)",
    "d14.s38.c2": "Revenir vers la porte lourde",
    "d14.s38.c3": "Revenir au centre (02:14)",

    "d14.s39.title": "Sifflement",
    "d14.s39.body": "Un sifflement traverse les tuyaux. Ça ressemble à un mot, mais c’est juste de l’air. Pourtant tu comprends : « Dossier… quatorze… »",
    "d14.s39.c1": "Suivre le sifflement",
    "d14.s39.c2": "Revenir vers la porte opaque",
    "d14.s39.c3": "Revenir au centre (02:14)",

    "d14.s40.title": "Portes sans numéros",
    "d14.s40.body": "Ici, les portes n’ont pas de numéros. Pas besoin. Tout est “interne”. Tout est “process”. Tu n’es plus un habitant. Tu es une procédure.",
    "d14.s40.c1": "Choisir une porte au hasard",
    "d14.s40.c2": "Revenir vers le sifflement",
    "d14.s40.c3": "Revenir au centre (02:14)",

    "d14.s41.title": "Surveillance",
    "d14.s41.body": "Une salle de surveillance. Des écrans partout. Et sur l’un d’eux… ta porte. Ton couloir. Puis toi. En direct. Avec une seconde de retard.",
    "d14.s41.c1": "Enregistrer l’écran (preuve)",
    "d14.s41.c2": "Chercher une sortie",
    "d14.s41.c3": "Revenir au centre (02:14)",

    "d14.s42.title": "L’écran noir",
    "d14.s42.body": "Un écran passe au noir, puis affiche une ligne : « REMPLACEMENT : EN COURS ». Tu recules. Une caméra tourne vers toi. Lentement.",
    "d14.s42.c1": "Fuir vers les archives",
    "d14.s42.c2": "Retourner à la surveillance",
    "d14.s42.c3": "Revenir au centre (02:14)",

    "d14.s43.title": "Le couloir des dossiers",
    "d14.s43.body": "Tu arrives devant une zone marquée “ARCHIVES”. Ça sent le papier humide. Le genre d’odeur qu’on retrouve dans les endroits qu’on n’ouvre jamais.",
    "d14.s43.c1": "Entrer dans les archives",
    "d14.s43.c2": "Revenir à la surveillance",
    "d14.s43.c3": "Revenir au centre (02:14)",

    "d14.s44.title": "Archives",
    "d14.s44.body": "Des rayonnages interminables. Des dossiers sans fin. Chacun a un numéro. Tu comprends que l’immeuble garde des vies… comme on garde des fichiers.",
    "d14.s44.c1": "Chercher “14”",
    "d14.s44.c2": "Chercher une sortie d’urgence",
    "d14.s44.c3": "Revenir au centre (02:14)",

    "d14.s45.title": "Poussière froide",
    "d14.s45.body": "Tu touches un dossier : la poussière colle comme une peau morte. Au loin, un tiroir claque, tout seul. L’immeuble te répond.",
    "d14.s45.c1": "Suivre le bruit du tiroir",
    "d14.s45.c2": "Retourner vers “14”",
    "d14.s45.c3": "Revenir au centre (02:14)",

    "d14.s46.title": "Tiroir ouvert",
    "d14.s46.body": "Le tiroir est ouvert. À l’intérieur, des fiches… et une photo floue de toi, prise dans ton couloir. Tu sens une rage froide : on t’a déjà catalogué.",
    "d14.s46.c1": "Prendre la fiche",
    "d14.s46.c2": "Retourner au rayonnage",
    "d14.s46.c3": "Revenir au centre (02:14)",

    "d14.s47.title": "DOSSIER 14",
    "d14.s47.body": "Tu le trouves. DOSSIER 14. Ton nom n’est pas écrit. À la place : « OCCUPANT ACTUEL ». Et en dessous : « STATUT : INSTABLE ».",
    "d14.s47.c1": "Ouvrir le dossier",
    "d14.s47.c2": "Reculer (trop tard ?)",
    "d14.s47.c3": "Revenir au centre (02:14)",

    "d14.s48.title": "Une page manquante",
    "d14.s48.body": "Une page est arrachée, récente. Tu vois les fibres du papier. Quelqu’un a “édité” ton dossier. Pas pour te sauver. Pour t’échanger.",
    "d14.s48.c1": "Revenir vers DOSSIER 14",
    "d14.s48.c2": "Aller vers le tiroir",
    "d14.s48.c3": "Revenir au centre (02:14)",

    "d14.s49.title": "Couloir d’urgence",
    "d14.s49.body": "Une sortie d’urgence est indiquée… mais le panneau est inversé, comme dans un miroir. Tu ne sais plus si on t’aide à fuir, ou si on t’oriente vers ta place.",
    "d14.s49.c1": "Revenir au centre des archives",
    "d14.s49.c2": "Retourner au rayonnage",
    "d14.s49.c3": "Revenir au centre (02:14)",

    "d14.s50.title": "Dernier choix",
    "d14.s50.body": "Tu remontes vers le hall. 02:14 encore. Toujours. La fenêtre 14 clignote comme une balise. Tu sens que ce qui est derrière toi… n’est plus exactement toi.",
    "d14.s50.c1": "Partir sans regarder derrière",
    "d14.s50.c2": "Retourner au couloir (affronter)",
    "d14.s50.c3": "Activer la vérité complète (si tu as tout)",

    "d14.end_good.title": "FIN — Tu t’en sors",
    "d14.end_good.body": "Tu sors à l’aube. L’air froid brûle tes poumons. Tu ne regardes pas la fenêtre 14. Tu gardes la preuve. Et tu jures de ne jamais revenir… même si tu sens encore, derrière toi, un pas parfaitement synchronisé.",

    "d14.end_bad.title": "FIN — Trop tard",
    "d14.end_bad.body": "Tu retournes au couloir. Tu vois ton double… mais cette fois, c’est lui qui tient la poignée. La porte se referme sur toi, pas sur lui. À 02:14, quelqu’un ouvre chez toi. Et personne ne remarque la différence.",

    "d14.end_secret.title": "FIN SECRÈTE — Dossier validé",
    "d14.end_secret.body": "Tu actives la vérité complète. Tu comprends : l’immeuble ne remplace pas les gens. Il remplace les places. Il garde un “occupant” par appartement, comme une fonction. Tu n’es pas une victime… tu es un dossier qui change d’état. Et ce soir, à 02:14, le système t’a reconnu.",

    "d14.h.s03.soft": "Le judas n’est pas fiable. Ce que tu vois dépend de ce que tu changes chez toi.",
    "d14.h.s03.strong": "Éteins la lumière chez toi : ça mène vers une preuve utile.",

    "d14.h.s05.soft": "La trace humide n’est pas là pour décorer : c’est une direction.",
    "d14.h.s05.strong": "Suis la trace vers l’escalier pour avancer vite.",

    "d14.h.s07.soft": "Ton “double” réagit à tes gestes. Tu peux provoquer une différence.",
    "d14.h.s07.strong": "Prendre une photo te donne une preuve nécessaire pour la bonne fin.",

    "d14.h.s10.soft": "L’immeuble a des zones “service”. Elles servent à progresser.",
    "d14.h.s10.strong": "Cherche une porte de service : ça mène au local et à la suite.",

    "d14.h.s13.soft": "La boîte neuve est une anomalie. Elle t’attend.",
    "d14.h.s13.strong": "Ouvre la boîte neuve : tu déclenches l’accès “badge”.",

    "d14.h.s14.soft": "La porte grise est un vrai accès, pas un décor.",
    "d14.h.s14.strong": "Sans badge, tu risques de tourner en rond : passe d’abord par le hall / le local.",

    "d14.h.s17.soft": "Un objet posé au centre, dans le vide, n’est jamais innocent.",
    "d14.h.s17.strong": "Prends le badge : il débloque des choix plus loin.",

    "d14.h.s23.soft": "La clé posée “trop proprement” est une invitation… mais elle sert.",
    "d14.h.s23.strong": "Prends la clé : elle est indispensable pour le sous-sol.",

    "d14.h.s28.soft": "Le badge fait biper… mais il ne suffit pas.",
    "d14.h.s28.strong": "Il te faut la clé avant de pouvoir passer certaines portes.",

    "d14.h.s30.soft": "B-14 n’est pas un détail. C’est une direction.",
    "d14.h.s30.strong": "Garde la clé : elle ouvre l’accès sous-sol et évite des impasses.",

    "d14.h.s32.soft": "Si une option est bloquée, il te manque une preuve concrète.",
    "d14.h.s32.strong": "Reviens avec la clé : sans elle, tu n’iras pas au bout.",

    "d14.h.s41.soft": "Les écrans te donnent ce que tu cherches : de la preuve.",
    "d14.h.s41.strong": "Enregistre l’écran : c’est requis pour la fin secrète.",

    "d14.h.s44.soft": "Les archives sont un labyrinthe. Cherche le numéro qui te concerne.",
    "d14.h.s44.strong": "Cherche “14” : c’est la voie la plus directe.",

    "d14.h.s47.soft": "Le dossier, c’est la vérité du jeu. Sortir ou comprendre : à toi.",
    "d14.h.s47.strong": "Ouvre le dossier : c’est une pièce clé pour la fin secrète.",

    "d14.h.s50.soft": "Le dernier choix dépend des preuves accumulées.",
    "d14.h.s50.strong": "Bonne fin : au minimum la photo. Fin secrète : photo + badge + clé + enregistrement + dossier.",



  "d14.clue.has_photo.title": "Photo floue",
  "d14.clue.has_photo.desc": "Une photo tremblée : la fenêtre… et une silhouette derrière le rideau.",

  "d14.clue.has_badge.title": "Badge d’entretien",
  "d14.clue.has_badge.desc": "Un badge trouvé dans le hall. Il ouvre des accès “maintenance”.",

  "d14.clue.has_key.title": "Clé froide",
  "d14.clue.has_key.desc": "Une clé anonyme, glacée, comme sortie d’un endroit qui ne voit jamais le soleil.",

  "d14.clue.has_recording.title": "Enregistrement",
  "d14.clue.has_recording.desc": "Une preuve vidéo : le couloir se répète… et le numéro 14 bouge tout seul.",

  "d14.clue.has_dossier.title": "Dossier 14",
  "d14.clue.has_dossier.desc": "Un dossier poussiéreux qui n’aurait jamais dû exister. Ton nom est dedans."


  }
}
