{
  "meta": {
    "scenario_id": "metro_station_zero",
    "version": "1.0.0",
    "title_key": "msz.title",
    "tagline_key": "msz.tagline",
    "start_scene": "s01",
    "hint_ns": "msz.h",
    "clues": [
      "has_zero_ticket",
      "has_map_fragment",
      "has_service_key",
      "has_phone_recording",
      "has_name_tag"
    ]
  },
  "paths": {
    "logic": "data/scenarios/metro_station_zero/logic.json",
    "texts_fr": "data/scenarios/metro_station_zero/text_fr.json",
    "images_dir": "assets/scenarios/metro_station_zero/img/"
  },
  "images": {
    "s01": { "file": "assets/scenarios/metro_station_zero/img/s01.webp", "alt": "Quai de métro vide, néons froids, silence trop net" },
    "s02": { "file": "assets/scenarios/metro_station_zero/img/s02.webp", "alt": "Rame qui s’éloigne au loin, flou de mouvement, quai désert" },
    "s03": { "file": "assets/scenarios/metro_station_zero/img/s03.webp", "alt": "Long quai désert, bancs métalliques, affiches déchirées, poussière" },
    "s04": { "file": "assets/scenarios/metro_station_zero/img/s04.webp", "alt": "Panneau lumineux grésillant, glitch discret, station inconnue" },
    "s05": { "file": "assets/scenarios/metro_station_zero/img/s05.webp", "alt": "Quai vide, perspective oppressante, impression d’écho rapproché" },
    "s06": { "file": "assets/scenarios/metro_station_zero/img/s06.webp", "alt": "Bouton d’urgence rouge sous grille de haut-parleur, poussière intacte" },
    "s07": { "file": "assets/scenarios/metro_station_zero/img/s07.webp", "alt": "Grille de haut-parleur au plafond, petite LED active, sensation d’écoute" },
    "s08": { "file": "assets/scenarios/metro_station_zero/img/s08.webp", "alt": "Mur d’affiches usées, une feuille neuve collée, menace implicite" },
    "s09": { "file": "assets/scenarios/metro_station_zero/img/s09.webp", "alt": "Quai semblant plus long, perspective étirée, froideur artificielle" },
    "s10": { "file": "assets/scenarios/metro_station_zero/img/s10.webp", "alt": "Couloir carrelé humide, portes identiques, néon froid" },
    "s11": { "file": "assets/scenarios/metro_station_zero/img/s11.webp", "alt": "Signalétique contradictoire, flèches inversées, confusion guidée" },
    "s12": { "file": "assets/scenarios/metro_station_zero/img/s12.webp", "alt": "Escalator immobile, haut plongé dans un noir trop dense" },
    "s13": { "file": "assets/scenarios/metro_station_zero/img/s13.webp", "alt": "Tourniquets de sortie, lecteurs éteints, un voyant rouge vivant" },
    "s14": { "file": "assets/scenarios/metro_station_zero/img/s14.webp", "alt": "Gros plan lecteur rouge, lumière dure, impression de jugement" },
    "s15": { "file": "assets/scenarios/metro_station_zero/img/s15.webp", "alt": "Grille de sortie fermée, chaîne neuve, dehors gris et vide" },
    "s16": { "file": "assets/scenarios/metro_station_zero/img/s16.webp", "alt": "Couloir carrelé presque identique, teinte subtilement différente" },
    "s17": { "file": "assets/scenarios/metro_station_zero/img/s17.webp", "alt": "Distributeur ancien allumé, ticket déjà imprimé, invitation suspecte" },
    "s18": { "file": "assets/scenarios/metro_station_zero/img/s18.webp", "alt": "Main tenant un ticket marqué d’un seul chiffre, papier tiède" },
    "s19": { "file": "assets/scenarios/metro_station_zero/img/s19.webp", "alt": "Plan du réseau métro, zone arrachée, bords récents et irréguliers" },
    "s20": { "file": "assets/scenarios/metro_station_zero/img/s20.webp", "alt": "Fragment de plan arraché, annotation au crayon, secret gratté" },
    "s21": { "file": "assets/scenarios/metro_station_zero/img/s21.webp", "alt": "Toilettes de station, néon qui bourdonne, miroir fendu" },
    "s22": { "file": "assets/scenarios/metro_station_zero/img/s22.webp", "alt": "Miroir fissuré, reflet légèrement décalé, malaise intime" },
    "s23": { "file": "assets/scenarios/metro_station_zero/img/s23.webp", "alt": "Couloir secondaire plus froid, marques de craie et griffures répétées" },
    "s24": { "file": "assets/scenarios/metro_station_zero/img/s24.webp", "alt": "Graffiti flèche vers service, peinture récente, marque de craie au sol" },
    "s25": { "file": "assets/scenarios/metro_station_zero/img/s25.webp", "alt": "Porte métallique service, lecteur badge, griffure profonde sur la poignée" },
    "s26": { "file": "assets/scenarios/metro_station_zero/img/s26.webp", "alt": "Oreille contre une porte métallique, ombre sous la porte, souffle discret" },
    "s27": { "file": "assets/scenarios/metro_station_zero/img/s27.webp", "alt": "Escalier vers niveau inférieur, marches humides, accès interdit" },
    "s28": { "file": "assets/scenarios/metro_station_zero/img/s28.webp", "alt": "Passage bas inondé, reflets noirs, odeur de métal, attente" },
    "s29": { "file": "assets/scenarios/metro_station_zero/img/s29.webp", "alt": "Eau stagnante sombre, plastique et papier déformé flottant" },
    "s30": { "file": "assets/scenarios/metro_station_zero/img/s30.webp", "alt": "Vestiaire technique, casiers, gilet fluorescent, badge trop visible" },
    "s31": { "file": "assets/scenarios/metro_station_zero/img/s31.webp", "alt": "Gros plan badge plastifié, photo d’identité floue, preuve d’accès" },
    "s32": { "file": "assets/scenarios/metro_station_zero/img/s32.webp", "alt": "Couloir secondaire repris par la station, carreaux plus brillants" },
    "s33": { "file": "assets/scenarios/metro_station_zero/img/s33.webp", "alt": "Silhouette floue au bout du couloir, dos tourné, disparition" },
    "s34": { "file": "assets/scenarios/metro_station_zero/img/s34.webp", "alt": "Angle sombre du couloir, hésitation, menace sans forme nette" },
    "s35": { "file": "assets/scenarios/metro_station_zero/img/s35.webp", "alt": "Bureau objets trouvés, lampe verte, registre ouvert, tampons" },
    "s36": { "file": "assets/scenarios/metro_station_zero/img/s36.webp", "alt": "Registre rempli de lignes, certaines marquées d’un signe isolé, emplacement préparé" },
    "s37": { "file": "assets/scenarios/metro_station_zero/img/s37.webp", "alt": "Tampon usé sur un bureau poussiéreux, outil de protocole" },
    "s38": { "file": "assets/scenarios/metro_station_zero/img/s38.webp", "alt": "Lumière froide de station, sensation d’être catalogué, présence administrative" },
    "s39": { "file": "assets/scenarios/metro_station_zero/img/s39.webp", "alt": "Ouverture technique vers tunnel étroit, câbles, tuyaux, condensation" },
    "s40": { "file": "assets/scenarios/metro_station_zero/img/s40.webp", "alt": "Tunnel où l’on se sent évalué, lueur fine comme un scan, vapeur" },
    "s41": { "file": "assets/scenarios/metro_station_zero/img/s41.webp", "alt": "Porte vers salle de contrôle entrouverte, lumière froide invitante" },
    "s42": { "file": "assets/scenarios/metro_station_zero/img/s42.webp", "alt": "Salle de contrôle, consoles analogiques, écrans CRT, chaise vide orientée" },
    "s43": { "file": "assets/scenarios/metro_station_zero/img/s43.webp", "alt": "Écrans qui se figent, lignes et schémas stoppés, silence machine" },
    "s44": { "file": "assets/scenarios/metro_station_zero/img/s44.webp", "alt": "Mur de CCTV, vue du quai avec retard, preuve possible" },
    "s45": { "file": "assets/scenarios/metro_station_zero/img/s45.webp", "alt": "Téléphone en mode enregistrement filmant un écran, souffle capté" },
    "s46": { "file": "assets/scenarios/metro_station_zero/img/s46.webp", "alt": "Gros plan horodatage incohérent sur écran de surveillance, froid dans le ventre" },
    "s47": { "file": "assets/scenarios/metro_station_zero/img/s47.webp", "alt": "Retour au quai, permission étrange, vide contrôlé" },
    "s48": { "file": "assets/scenarios/metro_station_zero/img/s48.webp", "alt": "Rame arrivant sans bruit, intérieur sombre visible derrière la vitre" },
    "s49": { "file": "assets/scenarios/metro_station_zero/img/s49.webp", "alt": "Portes ouvertes sur un intérieur noir qui avale la lumière" },
    "s50": { "file": "assets/scenarios/metro_station_zero/img/s50.webp", "alt": "Haut-parleur grésillant et panneau d’annonce, message personnel implicite" },
    "s51": { "file": "assets/scenarios/metro_station_zero/img/s51.webp", "alt": "Quai plus froid après un refus, sensation de déception du lieu" },
    "s52": { "file": "assets/scenarios/metro_station_zero/img/s52.webp", "alt": "Plan du réseau observé de près, fragment manquant, vertige" },
    "s53": { "file": "assets/scenarios/metro_station_zero/img/s53.webp", "alt": "Fragment de plan recollé, ligne cachée révélée, secret d’employé" },
    "s54": { "file": "assets/scenarios/metro_station_zero/img/s54.webp", "alt": "Couloir qui boucle, même endroit retrouvé, cage invisible" },
    "s55": { "file": "assets/scenarios/metro_station_zero/img/s55.webp", "alt": "Affiche identique réimprimée, encre fraîche, boucle insistante" },
    "s56": { "file": "assets/scenarios/metro_station_zero/img/s56.webp", "alt": "Mur de flèches et marques, une direction semble vraie" },
    "s57": { "file": "assets/scenarios/metro_station_zero/img/s57.webp", "alt": "Lecteur badge service en attente, plastique mort sans rôle" },
    "s58": { "file": "assets/scenarios/metro_station_zero/img/s58.webp", "alt": "Badge présenté, bip, porte service cède d’un cran, odeur électrique" },
    "s59": { "file": "assets/scenarios/metro_station_zero/img/s59.webp", "alt": "Tunnel plus profond, condensation, clic lointain de relais" },
    "s60": { "file": "assets/scenarios/metro_station_zero/img/s60.webp", "alt": "Armoire technique entrouverte, petite clé de service visible" },
    "s61": { "file": "assets/scenarios/metro_station_zero/img/s61.webp", "alt": "Main prenant une clé froide et lourde, métal ancien" },
    "s62": { "file": "assets/scenarios/metro_station_zero/img/s62.webp", "alt": "Tourniquets retrouvés, voyant rouge toujours vivant, trajet prévu" },
    "s63": { "file": "assets/scenarios/metro_station_zero/img/s63.webp", "alt": "Ticket présenté au lecteur, reconnaissance d’accès, tension" },
    "s64": { "file": "assets/scenarios/metro_station_zero/img/s64.webp", "alt": "Chaîne de grille qui se détend, cliquetis, dernière condition" },
    "s65": { "file": "assets/scenarios/metro_station_zero/img/s65.webp", "alt": "Couloir d’issue plus sec, air plus réel, endroit improbable" },
    "s66": { "file": "assets/scenarios/metro_station_zero/img/s66.webp", "alt": "Escalier extérieur, lumière grise au-dessus, absence de néons" },
    "s67": { "file": "assets/scenarios/metro_station_zero/img/s67.webp", "alt": "Air froid presque réel, sortie brumeuse, station silencieuse derrière" },
    "s68": { "file": "assets/scenarios/metro_station_zero/img/s68.webp", "alt": "Seuil de sortie, hésitation, crainte d’une réécriture du vécu" },
    "s69": { "file": "assets/scenarios/metro_station_zero/img/s69.webp", "alt": "Retour au contrôle, écrans en attente, dernier marché" },
    "s70": { "file": "assets/scenarios/metro_station_zero/img/s70.webp", "alt": "Poste opérateur, siège parfaitement aligné, place réservée" },
    "s71": { "file": "assets/scenarios/metro_station_zero/img/s71.webp", "alt": "Preuves posées sur une console, réalité qui se stabilise" },
    "s72": { "file": "assets/scenarios/metro_station_zero/img/s72.webp", "alt": "Station qui laisse choisir, panneau lointain clignotant, signature" },
    "s73": { "file": "assets/scenarios/metro_station_zero/img/s73.webp", "alt": "Quai encore plus vide, silence lourd, attente d’un verdict" },
    "s74": { "file": "assets/scenarios/metro_station_zero/img/s74.webp", "alt": "Quai qui s’efface, détails qui disparaissent, simplification du monde" },
    "s75": { "file": "assets/scenarios/metro_station_zero/img/s75.webp", "alt": "Dernière décision sous un haut-parleur, contrats silencieux" },

    "final_good": { "file": "assets/scenarios/metro_station_zero/img/final_good.webp", "alt": "Aube dehors, sortie réelle, preuve intacte, détail impossible" },
    "final_bad": { "file": "assets/scenarios/metro_station_zero/img/final_bad.webp", "alt": "Rame vide, portes fermées, monde qui devient page blanche" },
    "final_secret": { "file": "assets/scenarios/metro_station_zero/img/final_secret.webp", "alt": "Salle de contrôle, opérateur actif, chaise qui attend" }
  },
  "state_model": {
    "flags": {
      "has_zero_ticket": false,
      "has_map_fragment": false,
      "has_service_key": false,
      "has_phone_recording": false,
      "has_name_tag": false
    }
  },
  "scenes": {
    "s01": {
      "image_id": "s01",
      "title_key": "msz.s01.title",
      "body_key": "msz.s01.body",
      "choices": [
        { "choice_key": "msz.s01.c1", "next": "s02" },
        { "choice_key": "msz.s01.c2", "next": "s03" },
        { "choice_key": "msz.s01.c3", "next": "s04" }
      ]
    },
    "s02": {
      "image_id": "s02",
      "title_key": "msz.s02.title",
      "body_key": "msz.s02.body",
      "choices": [
        { "choice_key": "msz.s02.c1", "next": "s03" },
        { "choice_key": "msz.s02.c2", "next": "s04" },
        { "choice_key": "msz.s02.c3", "next": "s05" }
      ]
    },
    "s03": {
      "image_id": "s03",
      "title_key": "msz.s03.title",
      "body_key": "msz.s03.body",
      "choices": [
        { "choice_key": "msz.s03.c1", "next": "s05" },
        { "choice_key": "msz.s03.c2", "next": "s10" },
        { "choice_key": "msz.s03.c3", "next": "s06" }
      ]
    },
    "s04": {
      "image_id": "s04",
      "title_key": "msz.s04.title",
      "body_key": "msz.s04.body",
      "choices": [
        { "choice_key": "msz.s04.c1", "next": "s03" },
        { "choice_key": "msz.s04.c2", "next": "s08" },
        { "choice_key": "msz.s04.c3", "next": "s10" }
      ]
    },
    "s05": {
      "image_id": "s05",
      "title_key": "msz.s05.title",
      "body_key": "msz.s05.body",
      "choices": [
        { "choice_key": "msz.s05.c1", "next": "s06" },
        { "choice_key": "msz.s05.c2", "next": "s10" },
        { "choice_key": "msz.s05.c3", "next": "s09" }
      ]
    },
    "s06": {
      "image_id": "s06",
      "title_key": "msz.s06.title",
      "body_key": "msz.s06.body",
      "choices": [
        { "choice_key": "msz.s06.c1", "next": "s07" },
        { "choice_key": "msz.s06.c2", "next": "s10" },
        { "choice_key": "msz.s06.c3", "next": "s05" }
      ]
    },
    "s07": {
      "image_id": "s07",
      "title_key": "msz.s07.title",
      "body_key": "msz.s07.body",
      "choices": [
        { "choice_key": "msz.s07.c1", "next": "s08" },
        { "choice_key": "msz.s07.c2", "next": "s10" },
        { "choice_key": "msz.s07.c3", "next": "s03" }
      ]
    },
    "s08": {
      "image_id": "s08",
      "title_key": "msz.s08.title",
      "body_key": "msz.s08.body",
      "choices": [
        { "choice_key": "msz.s08.c1", "next": "s09" },
        { "choice_key": "msz.s08.c2", "next": "s10" },
        { "choice_key": "msz.s08.c3", "next": "s04" }
      ]
    },
    "s09": {
      "image_id": "s09",
      "title_key": "msz.s09.title",
      "body_key": "msz.s09.body",
      "choices": [
        { "choice_key": "msz.s09.c1", "next": "s10" },
        { "choice_key": "msz.s09.c2", "next": "s48" },
        { "choice_key": "msz.s09.c3", "next": "s04" }
      ]
    },
    "s10": {
      "image_id": "s10",
      "title_key": "msz.s10.title",
      "body_key": "msz.s10.body",
      "choices": [
        { "choice_key": "msz.s10.c1", "next": "s11" },
        { "choice_key": "msz.s10.c2", "next": "s17" },
        { "choice_key": "msz.s10.c3", "next": "s19" }
      ]
    },
    "s11": {
      "image_id": "s11",
      "title_key": "msz.s11.title",
      "body_key": "msz.s11.body",
      "choices": [
        { "choice_key": "msz.s11.c1", "next": "s12" },
        { "choice_key": "msz.s11.c2", "next": "s13" },
        { "choice_key": "msz.s11.c3", "next": "s16" }
      ]
    },
    "s12": {
      "image_id": "s12",
      "title_key": "msz.s12.title",
      "body_key": "msz.s12.body",
      "choices": [
        { "choice_key": "msz.s12.c1", "next": "s13" },
        { "choice_key": "msz.s12.c2", "next": "s21" },
        { "choice_key": "msz.s12.c3", "next": "s10" }
      ]
    },
    "s13": {
      "image_id": "s13",
      "title_key": "msz.s13.title",
      "body_key": "msz.s13.body",
      "choices": [
        { "choice_key": "msz.s13.c1", "next": "s14" },
        { "choice_key": "msz.s13.c2", "next": "s15" },
        { "choice_key": "msz.s13.c3", "next": "s10" }
      ]
    },
    "s14": {
      "image_id": "s14",
      "title_key": "msz.s14.title",
      "body_key": "msz.s14.body",
      "choices": [
        { "choice_key": "msz.s14.c1", "next": "s17" },
        { "choice_key": "msz.s14.c2", "next": "s15" },
        { "choice_key": "msz.s14.c3", "next": "s10" }
      ]
    },
    "s15": {
      "image_id": "s15",
      "title_key": "msz.s15.title",
      "body_key": "msz.s15.body",
      "choices": [
        { "choice_key": "msz.s15.c1", "next": "s16" },
        { "choice_key": "msz.s15.c2", "next": "s10" },
        { "choice_key": "msz.s15.c3", "next": "s23" }
      ]
    },
    "s16": {
      "image_id": "s16",
      "title_key": "msz.s16.title",
      "body_key": "msz.s16.body",
      "choices": [
        { "choice_key": "msz.s16.c1", "next": "s17" },
        { "choice_key": "msz.s16.c2", "next": "s19" },
        { "choice_key": "msz.s16.c3", "next": "s10" }
      ]
    },
    "s17": {
      "image_id": "s17",
      "title_key": "msz.s17.title",
      "body_key": "msz.s17.body",
      "choices": [
        { "choice_key": "msz.s17.c1", "next": "s18", "set_flags": ["has_zero_ticket"] },
        { "choice_key": "msz.s17.c2", "next": "s19" },
        { "choice_key": "msz.s17.c3", "next": "s10" }
      ]
    },
    "s18": {
      "image_id": "s18",
      "title_key": "msz.s18.title",
      "body_key": "msz.s18.body",
      "choices": [
        { "choice_key": "msz.s18.c1", "next": "s13" },
        { "choice_key": "msz.s18.c2", "next": "s19" },
        { "choice_key": "msz.s18.c3", "next": "s23" }
      ]
    },
    "s19": {
      "image_id": "s19",
      "title_key": "msz.s19.title",
      "body_key": "msz.s19.body",
      "choices": [
        { "choice_key": "msz.s19.c1", "next": "s20", "set_flags": ["has_map_fragment"] },
        { "choice_key": "msz.s19.c2", "next": "s23" },
        { "choice_key": "msz.s19.c3", "next": "s10" }
      ]
    },
    "s20": {
      "image_id": "s20",
      "title_key": "msz.s20.title",
      "body_key": "msz.s20.body",
      "choices": [
        { "choice_key": "msz.s20.c1", "next": "s52" },
        { "choice_key": "msz.s20.c2", "next": "s24" },
        { "choice_key": "msz.s20.c3", "next": "s10" }
      ]
    },
    "s21": {
      "image_id": "s21",
      "title_key": "msz.s21.title",
      "body_key": "msz.s21.body",
      "choices": [
        { "choice_key": "msz.s21.c1", "next": "s22" },
        { "choice_key": "msz.s21.c2", "next": "s23" },
        { "choice_key": "msz.s21.c3", "next": "s10" }
      ]
    },
    "s22": {
      "image_id": "s22",
      "title_key": "msz.s22.title",
      "body_key": "msz.s22.body",
      "choices": [
        { "choice_key": "msz.s22.c1", "next": "s23" },
        { "choice_key": "msz.s22.c2", "next": "s33" },
        { "choice_key": "msz.s22.c3", "next": "s10" }
      ]
    },
    "s23": {
      "image_id": "s23",
      "title_key": "msz.s23.title",
      "body_key": "msz.s23.body",
      "choices": [
        { "choice_key": "msz.s23.c1", "next": "s24" },
        { "choice_key": "msz.s23.c2", "next": "s25" },
        { "choice_key": "msz.s23.c3", "next": "s27" }
      ]
    },
    "s24": {
      "image_id": "s24",
      "title_key": "msz.s24.title",
      "body_key": "msz.s24.body",
      "choices": [
        { "choice_key": "msz.s24.c1", "next": "s25" },
        { "choice_key": "msz.s24.c2", "next": "s35" },
        { "choice_key": "msz.s24.c3", "next": "s23" }
      ]
    },
    "s25": {
      "image_id": "s25",
      "title_key": "msz.s25.title",
      "body_key": "msz.s25.body",
      "choices": [
        { "choice_key": "msz.s25.c1", "next": "s26" },
        { "choice_key": "msz.s25.c2", "next": "s27" },
        { "choice_key": "msz.s25.c3", "next": "s23" }
      ]
    },
    "s26": {
      "image_id": "s26",
      "title_key": "msz.s26.title",
      "body_key": "msz.s26.body",
      "choices": [
        { "choice_key": "msz.s26.c1", "next": "s30" },
        { "choice_key": "msz.s26.c2", "next": "s27" },
        { "choice_key": "msz.s26.c3", "next": "s23" }
      ]
    },
    "s27": {
      "image_id": "s27",
      "title_key": "msz.s27.title",
      "body_key": "msz.s27.body",
      "choices": [
        { "choice_key": "msz.s27.c1", "next": "s28" },
        { "choice_key": "msz.s27.c2", "next": "s30" },
        { "choice_key": "msz.s27.c3", "next": "s23" }
      ]
    },
    "s28": {
      "image_id": "s28",
      "title_key": "msz.s28.title",
      "body_key": "msz.s28.body",
      "choices": [
        { "choice_key": "msz.s28.c1", "next": "s29" },
        { "choice_key": "msz.s28.c2", "next": "s30" },
        { "choice_key": "msz.s28.c3", "next": "s27" }
      ]
    },
    "s29": {
      "image_id": "s29",
      "title_key": "msz.s29.title",
      "body_key": "msz.s29.body",
      "choices": [
        { "choice_key": "msz.s29.c1", "next": "s30" },
        { "choice_key": "msz.s29.c2", "next": "s39" },
        { "choice_key": "msz.s29.c3", "next": "s27" }
      ]
    },
    "s30": {
      "image_id": "s30",
      "title_key": "msz.s30.title",
      "body_key": "msz.s30.body",
      "choices": [
        { "choice_key": "msz.s30.c1", "next": "s31", "set_flags": ["has_name_tag"] },
        { "choice_key": "msz.s30.c2", "next": "s32" },
        { "choice_key": "msz.s30.c3", "next": "s27" }
      ]
    },
    "s31": {
      "image_id": "s31",
      "title_key": "msz.s31.title",
      "body_key": "msz.s31.body",
      "choices": [
        { "choice_key": "msz.s31.c1", "next": "s32" },
        { "choice_key": "msz.s31.c2", "next": "s39" },
        { "choice_key": "msz.s31.c3", "next": "s27" }
      ]
    },
    "s32": {
      "image_id": "s32",
      "title_key": "msz.s32.title",
      "body_key": "msz.s32.body",
      "choices": [
        { "choice_key": "msz.s32.c1", "next": "s33" },
        { "choice_key": "msz.s32.c2", "next": "s35" },
        { "choice_key": "msz.s32.c3", "next": "s23" }
      ]
    },
    "s33": {
      "image_id": "s33",
      "title_key": "msz.s33.title",
      "body_key": "msz.s33.body",
      "choices": [
        { "choice_key": "msz.s33.c1", "next": "s34" },
        { "choice_key": "msz.s33.c2", "next": "s35" },
        { "choice_key": "msz.s33.c3", "next": "s23" }
      ]
    },
    "s34": {
      "image_id": "s34",
      "title_key": "msz.s34.title",
      "body_key": "msz.s34.body",
      "choices": [
        { "choice_key": "msz.s34.c1", "next": "s39" },
        { "choice_key": "msz.s34.c2", "next": "s35" },
        { "choice_key": "msz.s34.c3", "next": "s23" }
      ]
    },
    "s35": {
      "image_id": "s35",
      "title_key": "msz.s35.title",
      "body_key": "msz.s35.body",
      "choices": [
        { "choice_key": "msz.s35.c1", "next": "s36" },
        { "choice_key": "msz.s35.c2", "next": "s37" },
        { "choice_key": "msz.s35.c3", "next": "s23" }
      ]
    },
    "s36": {
      "image_id": "s36",
      "title_key": "msz.s36.title",
      "body_key": "msz.s36.body",
      "choices": [
        { "choice_key": "msz.s36.c1", "next": "s38" },
        { "choice_key": "msz.s36.c2", "next": "s39" },
        { "choice_key": "msz.s36.c3", "next": "s35" }
      ]
    },
    "s37": {
      "image_id": "s37",
      "title_key": "msz.s37.title",
      "body_key": "msz.s37.body",
      "choices": [
        { "choice_key": "msz.s37.c1", "next": "s38" },
        { "choice_key": "msz.s37.c2", "next": "s23" },
        { "choice_key": "msz.s37.c3", "next": "s35" }
      ]
    },
    "s38": {
      "image_id": "s38",
      "title_key": "msz.s38.title",
      "body_key": "msz.s38.body",
      "choices": [
        { "choice_key": "msz.s38.c1", "next": "s39" },
        { "choice_key": "msz.s38.c2", "next": "s10" },
        { "choice_key": "msz.s38.c3", "next": "s55" }
      ]
    },
    "s39": {
      "image_id": "s39",
      "title_key": "msz.s39.title",
      "body_key": "msz.s39.body",
      "choices": [
        { "choice_key": "msz.s39.c1", "next": "s40" },
        { "choice_key": "msz.s39.c2", "next": "s41" },
        { "choice_key": "msz.s39.c3", "next": "s23" }
      ]
    },
    "s40": {
      "image_id": "s40",
      "title_key": "msz.s40.title",
      "body_key": "msz.s40.body",
      "choices": [
        { "choice_key": "msz.s40.c1", "next": "s41" },
        { "choice_key": "msz.s40.c2", "next": "s60" },
        { "choice_key": "msz.s40.c3", "next": "s39" }
      ]
    },
    "s41": {
      "image_id": "s41",
      "title_key": "msz.s41.title",
      "body_key": "msz.s41.body",
      "choices": [
        { "choice_key": "msz.s41.c1", "next": "s42" },
        { "choice_key": "msz.s41.c2", "next": "s44" },
        { "choice_key": "msz.s41.c3", "next": "s39" }
      ]
    },
    "s42": {
      "image_id": "s42",
      "title_key": "msz.s42.title",
      "body_key": "msz.s42.body",
      "choices": [
        { "choice_key": "msz.s42.c1", "next": "s43" },
        { "choice_key": "msz.s42.c2", "next": "s70" },
        { "choice_key": "msz.s42.c3", "next": "s41" }
      ]
    },
    "s43": {
      "image_id": "s43",
      "title_key": "msz.s43.title",
      "body_key": "msz.s43.body",
      "choices": [
        { "choice_key": "msz.s43.c1", "next": "s44" },
        { "choice_key": "msz.s43.c2", "next": "s47" },
        { "choice_key": "msz.s43.c3", "next": "s42" }
      ]
    },
    "s44": {
      "image_id": "s44",
      "title_key": "msz.s44.title",
      "body_key": "msz.s44.body",
      "choices": [
        { "choice_key": "msz.s44.c1", "next": "s45", "set_flags": ["has_phone_recording"] },
        { "choice_key": "msz.s44.c2", "next": "s46" },
        { "choice_key": "msz.s44.c3", "next": "s42" }
      ]
    },
    "s45": {
      "image_id": "s45",
      "title_key": "msz.s45.title",
      "body_key": "msz.s45.body",
      "choices": [
        { "choice_key": "msz.s45.c1", "next": "s46" },
        { "choice_key": "msz.s45.c2", "next": "s47" },
        { "choice_key": "msz.s45.c3", "next": "s42" }
      ]
    },
    "s46": {
      "image_id": "s46",
      "title_key": "msz.s46.title",
      "body_key": "msz.s46.body",
      "choices": [
        { "choice_key": "msz.s46.c1", "next": "s47" },
        { "choice_key": "msz.s46.c2", "next": "s69" },
        { "choice_key": "msz.s46.c3", "next": "s42" }
      ]
    },
    "s47": {
      "image_id": "s47",
      "title_key": "msz.s47.title",
      "body_key": "msz.s47.body",
      "choices": [
        { "choice_key": "msz.s47.c1", "next": "s48" },
        { "choice_key": "msz.s47.c2", "next": "s10" },
        { "choice_key": "msz.s47.c3", "next": "s41" }
      ]
    },
    "s48": {
      "image_id": "s48",
      "title_key": "msz.s48.title",
      "body_key": "msz.s48.body",
      "choices": [
        { "choice_key": "msz.s48.c1", "next": "s49" },
        { "choice_key": "msz.s48.c2", "next": "s51" },
        { "choice_key": "msz.s48.c3", "next": "s50" }
      ]
    },
    "s49": {
      "image_id": "s49",
      "title_key": "msz.s49.title",
      "body_key": "msz.s49.body",
      "choices": [
        { "choice_key": "msz.s49.c1", "next": "end_bad" },
        { "choice_key": "msz.s49.c2", "next": "s51" },
        { "choice_key": "msz.s49.c3", "next": "s48" }
      ]
    },
    "s50": {
      "image_id": "s50",
      "title_key": "msz.s50.title",
      "body_key": "msz.s50.body",
      "choices": [
        { "choice_key": "msz.s50.c1", "next": "s49" },
        { "choice_key": "msz.s50.c2", "next": "s51" },
        { "choice_key": "msz.s50.c3", "next": "s10" }
      ]
    },
    "s51": {
      "image_id": "s51",
      "title_key": "msz.s51.title",
      "body_key": "msz.s51.body",
      "choices": [
        { "choice_key": "msz.s51.c1", "next": "s52" },
        { "choice_key": "msz.s51.c2", "next": "s54" },
        { "choice_key": "msz.s51.c3", "next": "s10" }
      ]
    },
    "s52": {
      "image_id": "s52",
      "title_key": "msz.s52.title",
      "body_key": "msz.s52.body",
      "choices": [
        { "choice_key": "msz.s52.c1", "next": "s53", "requires_any_flags": ["has_map_fragment"] },
        { "choice_key": "msz.s52.c2", "next": "s10" },
        { "choice_key": "msz.s52.c3", "next": "s23" }
      ]
    },
    "s53": {
      "image_id": "s53",
      "title_key": "msz.s53.title",
      "body_key": "msz.s53.body",
      "choices": [
        { "choice_key": "msz.s53.c1", "next": "s56" },
        { "choice_key": "msz.s53.c2", "next": "s55" },
        { "choice_key": "msz.s53.c3", "next": "s10" }
      ]
    },
    "s54": {
      "image_id": "s54",
      "title_key": "msz.s54.title",
      "body_key": "msz.s54.body",
      "choices": [
        { "choice_key": "msz.s54.c1", "next": "s55" },
        { "choice_key": "msz.s54.c2", "next": "s24" },
        { "choice_key": "msz.s54.c3", "next": "s10" }
      ]
    },
    "s55": {
      "image_id": "s55",
      "title_key": "msz.s55.title",
      "body_key": "msz.s55.body",
      "choices": [
        { "choice_key": "msz.s55.c1", "next": "s56" },
        { "choice_key": "msz.s55.c2", "next": "s08" },
        { "choice_key": "msz.s55.c3", "next": "s10" }
      ]
    },
    "s56": {
      "image_id": "s56",
      "title_key": "msz.s56.title",
      "body_key": "msz.s56.body",
      "choices": [
        { "choice_key": "msz.s56.c1", "next": "s57" },
        { "choice_key": "msz.s56.c2", "next": "s24" },
        { "choice_key": "msz.s56.c3", "next": "s23" }
      ]
    },
    "s57": {
      "image_id": "s57",
      "title_key": "msz.s57.title",
      "body_key": "msz.s57.body",
      "choices": [
        { "choice_key": "msz.s57.c1", "next": "s58", "requires_any_flags": ["has_name_tag"] },
        { "choice_key": "msz.s57.c2", "next": "s26" },
        { "choice_key": "msz.s57.c3", "next": "s23" }
      ]
    },
    "s58": {
      "image_id": "s58",
      "title_key": "msz.s58.title",
      "body_key": "msz.s58.body",
      "choices": [
        { "choice_key": "msz.s58.c1", "next": "s59" },
        { "choice_key": "msz.s58.c2", "next": "s39" },
        { "choice_key": "msz.s58.c3", "next": "s23" }
      ]
    },
    "s59": {
      "image_id": "s59",
      "title_key": "msz.s59.title",
      "body_key": "msz.s59.body",
      "choices": [
        { "choice_key": "msz.s59.c1", "next": "s60" },
        { "choice_key": "msz.s59.c2", "next": "s41" },
        { "choice_key": "msz.s59.c3", "next": "s58" }
      ]
    },
    "s60": {
      "image_id": "s60",
      "title_key": "msz.s60.title",
      "body_key": "msz.s60.body",
      "choices": [
        { "choice_key": "msz.s60.c1", "next": "s61", "set_flags": ["has_service_key"] },
        { "choice_key": "msz.s60.c2", "next": "s41" },
        { "choice_key": "msz.s60.c3", "next": "s59" }
      ]
    },
    "s61": {
      "image_id": "s61",
      "title_key": "msz.s61.title",
      "body_key": "msz.s61.body",
      "choices": [
        { "choice_key": "msz.s61.c1", "next": "s62" },
        { "choice_key": "msz.s61.c2", "next": "s69" },
        { "choice_key": "msz.s61.c3", "next": "s41" }
      ]
    },
    "s62": {
      "image_id": "s62",
      "title_key": "msz.s62.title",
      "body_key": "msz.s62.body",
      "choices": [
        { "choice_key": "msz.s62.c1", "next": "s63" },
        { "choice_key": "msz.s62.c2", "next": "s15" },
        { "choice_key": "msz.s62.c3", "next": "s10" }
      ]
    },
    "s63": {
      "image_id": "s63",
      "title_key": "msz.s63.title",
      "body_key": "msz.s63.body",
      "choices": [
        { "choice_key": "msz.s63.c1", "next": "s64", "requires_any_flags": ["has_zero_ticket"] },
        { "choice_key": "msz.s63.c2", "next": "s15" },
        { "choice_key": "msz.s63.c3", "next": "s10" }
      ]
    },
    "s64": {
      "image_id": "s64",
      "title_key": "msz.s64.title",
      "body_key": "msz.s64.body",
      "choices": [
        { "choice_key": "msz.s64.c1", "next": "s65", "requires_any_flags": ["has_service_key"] },
        { "choice_key": "msz.s64.c2", "next": "s10" },
        { "choice_key": "msz.s64.c3", "next": "s69" }
      ]
    },
    "s65": {
      "image_id": "s65",
      "title_key": "msz.s65.title",
      "body_key": "msz.s65.body",
      "choices": [
        { "choice_key": "msz.s65.c1", "next": "s66" },
        { "choice_key": "msz.s65.c2", "next": "s69" },
        { "choice_key": "msz.s65.c3", "next": "s10" }
      ]
    },
    "s66": {
      "image_id": "s66",
      "title_key": "msz.s66.title",
      "body_key": "msz.s66.body",
      "choices": [
        { "choice_key": "msz.s66.c1", "next": "s67" },
        { "choice_key": "msz.s66.c2", "next": "s68" },
        { "choice_key": "msz.s66.c3", "next": "s10" }
      ]
    },
    "s67": {
      "image_id": "s67",
      "title_key": "msz.s67.title",
      "body_key": "msz.s67.body",
      "choices": [
        { "choice_key": "msz.s67.c1", "next": "s68" },
        { "choice_key": "msz.s67.c2", "next": "s69" },
        { "choice_key": "msz.s67.c3", "next": "s10" }
      ]
    },
    "s68": {
      "image_id": "s68",
      "title_key": "msz.s68.title",
      "body_key": "msz.s68.body",
      "choices": [
        { "choice_key": "msz.s68.c1", "next": "end_good" },
        { "choice_key": "msz.s68.c2", "next": "s69" },
        { "choice_key": "msz.s68.c3", "next": "s10" }
      ]
    },
    "s69": {
      "image_id": "s69",
      "title_key": "msz.s69.title",
      "body_key": "msz.s69.body",
      "choices": [
        { "choice_key": "msz.s69.c1", "next": "s70" },
        { "choice_key": "msz.s69.c2", "next": "s71" },
        { "choice_key": "msz.s69.c3", "next": "s10" }
      ]
    },
    "s70": {
      "image_id": "s70",
      "title_key": "msz.s70.title",
      "body_key": "msz.s70.body",
      "choices": [
        { "choice_key": "msz.s70.c1", "next": "s71" },
        { "choice_key": "msz.s70.c2", "next": "s72" },
        { "choice_key": "msz.s70.c3", "next": "s69" }
      ]
    },
    "s71": {
      "image_id": "s71",
      "title_key": "msz.s71.title",
      "body_key": "msz.s71.body",
      "choices": [
        {
          "choice_key": "msz.s71.c1",
          "next": "s72",
          "requires_any_flags": ["has_phone_recording", "has_name_tag", "has_map_fragment"]
        },
        {
          "choice_key": "msz.s71.c2",
          "next": "end_secret",
          "requires_all_flags": ["has_zero_ticket", "has_map_fragment", "has_service_key", "has_phone_recording", "has_name_tag"]
        },
        { "choice_key": "msz.s71.c3", "next": "s69" }
      ]
    },
    "s72": {
      "image_id": "s72",
      "title_key": "msz.s72.title",
      "body_key": "msz.s72.body",
      "choices": [
        { "choice_key": "msz.s72.c1", "next": "s73" },
        { "choice_key": "msz.s72.c2", "next": "s49" },
        { "choice_key": "msz.s72.c3", "next": "s69" }
      ]
    },
    "s73": {
      "image_id": "s73",
      "title_key": "msz.s73.title",
      "body_key": "msz.s73.body",
      "choices": [
        { "choice_key": "msz.s73.c1", "next": "s74" },
        { "choice_key": "msz.s73.c2", "next": "s49" },
        { "choice_key": "msz.s73.c3", "next": "s10" }
      ]
    },
    "s74": {
      "image_id": "s74",
      "title_key": "msz.s74.title",
      "body_key": "msz.s74.body",
      "choices": [
        { "choice_key": "msz.s74.c1", "next": "s75" },
        { "choice_key": "msz.s74.c2", "next": "s49" },
        { "choice_key": "msz.s74.c3", "next": "s69" }
      ]
    },
    "s75": {
      "image_id": "s75",
      "title_key": "msz.s75.title",
      "body_key": "msz.s75.body",
      "choices": [
        {
          "choice_key": "msz.s75.c1",
          "next": "end_good",
          "requires_any_flags": ["has_phone_recording", "has_name_tag", "has_map_fragment"]
        },
        { "choice_key": "msz.s75.c2", "next": "end_bad" },
        {
          "choice_key": "msz.s75.c3",
          "next": "end_secret",
          "requires_all_flags": ["has_zero_ticket", "has_map_fragment", "has_service_key", "has_phone_recording", "has_name_tag"]
        }
      ]
    },
    "end_good": {
      "image_id": "final_good",
      "title_key": "msz.end_good.title",
      "body_key": "msz.end_good.body",
      "choices": []
    },
    "end_bad": {
      "image_id": "final_bad",
      "title_key": "msz.end_bad.title",
      "body_key": "msz.end_bad.body",
      "choices": []
    },
    "end_secret": {
      "image_id": "final_secret",
      "title_key": "msz.end_secret.title",
      "body_key": "msz.end_secret.body",
      "choices": []
    }
  }
}