{
  "meta": {
    "scenario_id": "metro_station_zero",
    "language": "fr",
    "version": "1.0.0",
    "hint_ns": "msz.h",
    "generated": "2026-02-15"
  },
  "strings": {
    "msz.title": "Station Zéro — Prochaine Descente",
    "msz.tagline": "La station n’existe pas. Mais elle sait que tu es là.",

    "msz.s01.title": "Descendre sans regarder",
    "msz.s01.body": "Tu descends de la rame sans lever les yeux. Quand tu relèves la tête, le quai est vide, trop froid, trop net — et le silence a quelque chose de volontaire.",
    "msz.s01.c1": "Chercher le nom de la station",
    "msz.s01.c2": "Courir vers l’escalier le plus proche",
    "msz.s01.c3": "Revenir vers la rame déjà loin",

    "msz.s02.title": "La rame s’éloigne",
    "msz.s02.body": "La rame glisse au loin, floue, comme si elle quittait une réalité et pas un tunnel. Le courant d’air ne revient pas. C’est comme si rien n’avait bougé.",
    "msz.s02.c1": "Regarder le quai attentivement",
    "msz.s02.c2": "Fixer le panneau d’info voyageurs",
    "msz.s02.c3": "Chercher des gens, n’importe qui",

    "msz.s03.title": "Le quai vide",
    "msz.s03.body": "Bancs métalliques, affiches déchirées, poussière fine… mais aucune trace de vie récente. Tu as la sensation d’être arrivé après la fin.",
    "msz.s03.c1": "Appeler à voix haute",
    "msz.s03.c2": "Suivre le quai vers un couloir",
    "msz.s03.c3": "Chercher un bouton d’urgence",

    "msz.s04.title": "Panneau inconnu",
    "msz.s04.body": "Le panneau lumineux grésille. Un nom apparaît puis se déforme : « STATION ZÉRO ». L’heure affichée semble correcte… et ça rend le tout pire.",
    "msz.s04.c1": "Retourner au quai",
    "msz.s04.c2": "Chercher une affiche ou une consigne",
    "msz.s04.c3": "Partir vers les couloirs",

    "msz.s05.title": "Chercher des gens",
    "msz.s05.body": "Tu avances en appelant. Le son de ta voix te revient trop vite, comme si les murs étaient plus proches qu’ils ne devraient. Personne ne répond.",
    "msz.s05.c1": "Essayer le bouton d’urgence",
    "msz.s05.c2": "Aller vers les couloirs",
    "msz.s05.c3": "Revenir vers le centre du quai",

    "msz.s06.title": "Bouton d’urgence",
    "msz.s06.body": "Sous une grille de haut-parleur, un bouton rouge. La poussière est intacte… sauf un petit cercle propre, comme si on l’avait appuyé récemment.",
    "msz.s06.c1": "Appuyer",
    "msz.s06.c2": "Partir vers les couloirs",
    "msz.s06.c3": "Revenir près des bancs",

    "msz.s07.title": "Le haut-parleur répond",
    "msz.s07.body": "Un souffle, puis une voix neutre : « Voyageur détecté. Prochaine descente : toi. » La phrase tombe comme un automatisme appris par cœur.",
    "msz.s07.c1": "Suivre ce que ça veut",
    "msz.s07.c2": "Ignorer et avancer vers les couloirs",
    "msz.s07.c3": "Retourner au quai",

    "msz.s08.title": "« Prochaine descente »",
    "msz.s08.body": "Sur un mur d’affiches, une feuille neuve a été collée sur les autres : « PROCHAINE DESCENTE : TOI ». L’encre est fraîche. Ici, quelqu’un imprime encore.",
    "msz.s08.c1": "Revenir au quai",
    "msz.s08.c2": "Prendre le couloir principal",
    "msz.s08.c3": "Retourner voir le panneau lumineux",

    "msz.s09.title": "Retour au quai",
    "msz.s09.body": "Tu reviens au quai. Il paraît plus long qu’avant, comme si la perspective s’était étirée pendant que tu regardais ailleurs.",
    "msz.s09.c1": "Aller vers les couloirs",
    "msz.s09.c2": "Observer le tunnel et la rame",
    "msz.s09.c3": "Revenir au panneau lumineux",

    "msz.s10.title": "Couloir principal",
    "msz.s10.body": "Un couloir carrelé, humide, identique à cent stations… sauf qu’ici, les portes se ressemblent trop. Comme un décor qui veut t’endormir.",
    "msz.s10.c1": "Suivre la direction « Sortie »",
    "msz.s10.c2": "Chercher un distributeur",
    "msz.s10.c3": "Regarder le plan du réseau",

    "msz.s11.title": "Direction « Sortie »",
    "msz.s11.body": "Des flèches indiquent la sortie. Mais certaines sont inversées, ou se contredisent. Tu sens que la station te teste : obéis-tu aux panneaux, ou à ton instinct ?",
    "msz.s11.c1": "Aller vers l’escalator",
    "msz.s11.c2": "Aller aux tourniquets",
    "msz.s11.c3": "Reculer et ne pas suivre",

    "msz.s12.title": "Escalator figé",
    "msz.s12.body": "L’escalator est immobile. Le haut plonge dans un noir trop dense, comme une ombre solide. En haut, un panneau « SORTIE » pointe… dans deux directions.",
    "msz.s12.c1": "Descendre vers les tourniquets",
    "msz.s12.c2": "Aller aux toilettes pour reprendre tes esprits",
    "msz.s12.c3": "Retourner au couloir principal",

    "msz.s13.title": "Tourniquets",
    "msz.s13.body": "Les tourniquets sont là. Lecteurs éteints… sauf un voyant rouge, vivant, attentif. Tu as l’impression qu’il te regarde comme un œil.",
    "msz.s13.c1": "Approcher le voyant rouge",
    "msz.s13.c2": "Tenter la sortie quand même",
    "msz.s13.c3": "Revenir au couloir",

    "msz.s14.title": "Lecteur rouge",
    "msz.s14.body": "Le lecteur affiche brièvement un message : « VALIDER PASSAGE ». Puis : « NE PAS REMONTER ». Comme si la station te donnait un mode d’emploi.",
    "msz.s14.c1": "Retourner chercher un ticket",
    "msz.s14.c2": "Insister vers la sortie",
    "msz.s14.c3": "Revenir au couloir principal",

    "msz.s15.title": "Sortie grillagée",
    "msz.s15.body": "Une grille ferme l’accès. Chaîne neuve. Panneau « Station hors-service ». De l’autre côté, pas de ville : juste du vide gris, comme une rue effacée.",
    "msz.s15.c1": "Revenir en arrière",
    "msz.s15.c2": "Chercher un autre chemin",
    "msz.s15.c3": "Prendre un couloir secondaire",

    "msz.s16.title": "Revenir en arrière",
    "msz.s16.body": "Tu fais demi-tour. Le couloir te semble légèrement différent, comme si les carreaux avaient changé de teinte. Assez pour te faire douter de ta mémoire.",
    "msz.s16.c1": "Aller au distributeur",
    "msz.s16.c2": "Retourner au plan du réseau",
    "msz.s16.c3": "Revenir au couloir principal",

    "msz.s17.title": "Distributeur allumé",
    "msz.s17.body": "Un distributeur ancien est allumé. Un ticket dépasse déjà à moitié, prêt à être pris. Comme si la station l’avait imprimé pour toi, avant même que tu arrives.",
    "msz.s17.c1": "Prendre le ticket",
    "msz.s17.c2": "Ignorer et aller au plan",
    "msz.s17.c3": "Retourner au couloir",

    "msz.s18.title": "Ticket « ZÉRO »",
    "msz.s18.body": "Le ticket est tiède. Dessus : un seul chiffre, « 0 ». Aucune station. Aucune date. Juste ce numéro, comme une clé sans serrure visible.",
    "msz.s18.c1": "Retourner vers les tourniquets",
    "msz.s18.c2": "Aller au plan du réseau",
    "msz.s18.c3": "Explorer le couloir secondaire",

    "msz.s19.title": "Plan du réseau",
    "msz.s19.body": "Le plan montre des lignes connues… mais une zone a été arrachée. Les bords sont irréguliers, récents. Quelqu’un a voulu retirer une portion du monde.",
    "msz.s19.c1": "Décrocher le fragment arraché",
    "msz.s19.c2": "Aller vers le couloir secondaire",
    "msz.s19.c3": "Revenir au couloir principal",

    "msz.s20.title": "Zone arrachée",
    "msz.s20.body": "Le morceau manquant ressemble à une station “fantôme”. Derrière le papier, une annotation au crayon : « ZÉRO = NIVEAU ». Le reste a été gratté.",
    "msz.s20.c1": "Revenir au plan pour assembler plus tard",
    "msz.s20.c2": "Suivre un graffiti flèche",
    "msz.s20.c3": "Retourner au couloir principal",

    "msz.s21.title": "Toilettes",
    "msz.s21.body": "Les toilettes sont sales juste ce qu’il faut… comme si on avait essayé d’imiter l’usure. Le néon bourdonne. Le miroir est fendu.",
    "msz.s21.c1": "Regarder ton reflet",
    "msz.s21.c2": "Sortir immédiatement",
    "msz.s21.c3": "Retourner au couloir principal",

    "msz.s22.title": "Miroir en retard",
    "msz.s22.body": "Ton reflet bouge avec une fraction de seconde de retard. Pas assez pour être une hallucination facile. Juste assez pour te donner envie de ne plus te regarder.",
    "msz.s22.c1": "Sortir vers le couloir secondaire",
    "msz.s22.c2": "Suivre un bruit ou une présence",
    "msz.s22.c3": "Retourner au couloir principal",

    "msz.s23.title": "Couloir secondaire",
    "msz.s23.body": "Ici, l’air est plus froid. Les portes sont identiques, mais certaines ont des marques : craie, griffures, un symbole répété. Comme un langage de survie.",
    "msz.s23.c1": "Suivre le graffiti flèche",
    "msz.s23.c2": "Aller vers une porte « SERVICE »",
    "msz.s23.c3": "Descendre vers un niveau inférieur",

    "msz.s24.title": "Graffiti flèche",
    "msz.s24.body": "Une flèche grossière pointe vers « SERVICE ». La peinture est récente. Au sol, une marque de craie t’indique où poser les pieds.",
    "msz.s24.c1": "Aller à la porte SERVICE",
    "msz.s24.c2": "Aller au bureau « Objets trouvés »",
    "msz.s24.c3": "Revenir au couloir secondaire",

    "msz.s25.title": "Porte SERVICE",
    "msz.s25.body": "Porte métallique « SERVICE ». Peinture écaillée. Lecteur de badge. La poignée porte une griffe profonde, comme si quelqu’un avait essayé d’ouvrir… avec autre chose que des doigts.",
    "msz.s25.c1": "Essayer d’ouvrir",
    "msz.s25.c2": "Descendre au niveau inférieur",
    "msz.s25.c3": "Revenir au couloir",

    "msz.s26.title": "Écouter derrière",
    "msz.s26.body": "Oreille contre le métal. Un bruit discret : câbles, ventilation… puis un souffle qui ressemble à un mot, sans vraiment en être un.",
    "msz.s26.c1": "Chercher un accès par le vestiaire",
    "msz.s26.c2": "Descendre au niveau inférieur",
    "msz.s26.c3": "Revenir au couloir",

    "msz.s27.title": "Niveau -1",
    "msz.s27.body": "Un escalier descend. Le panneau dit « Accès interdit ». Les marches sont humides, comme si le lieu transpirait. Tu sens que “descendre” est une règle ici.",
    "msz.s27.c1": "Aller vers le passage inondé",
    "msz.s27.c2": "Aller vers un vestiaire technique",
    "msz.s27.c3": "Remonter au couloir",

    "msz.s28.title": "Passage inondé",
    "msz.s28.body": "L’eau stagne dans un couloir bas. Reflets noirs, odeur de métal. Quelque chose flotte doucement, comme si ça t’attendait.",
    "msz.s28.c1": "Approcher l’objet flottant",
    "msz.s28.c2": "Passer par le vestiaire",
    "msz.s28.c3": "Revenir à l’escalier",

    "msz.s29.title": "Objet flottant",
    "msz.s29.body": "Tu distingues un morceau de plastique et du papier déformé… et l’envie immédiate de ne pas mettre ta main dans cette eau.",
    "msz.s29.c1": "Aller au vestiaire",
    "msz.s29.c2": "Chercher un accès tunnel plus loin",
    "msz.s29.c3": "Revenir à l’escalier",

    "msz.s30.title": "Vestiaire technique",
    "msz.s30.body": "Des casiers. Un gilet fluorescent pend sur une patère. Et un badge nominatif accroché, parfaitement visible. Comme une invitation trop pratique.",
    "msz.s30.c1": "Prendre le badge",
    "msz.s30.c2": "Retourner au couloir",
    "msz.s30.c3": "Revenir à l’escalier",

    "msz.s31.title": "Badge sur patère",
    "msz.s31.body": "Le badge est réel. Plastifié. Un nom. Une photo d’identité trop floue. Et pourtant, tu sens que ça “compte” ici, comme une preuve d’accès.",
    "msz.s31.c1": "Retourner au couloir",
    "msz.s31.c2": "Chercher l’accès tunnel",
    "msz.s31.c3": "Revenir à l’escalier",

    "msz.s32.title": "Retour couloir",
    "msz.s32.body": "Le couloir secondaire te reprend. Les carreaux semblent plus brillants, comme si la station avait “nettoyé” ton passage derrière toi.",
    "msz.s32.c1": "Aller vers la silhouette aperçue",
    "msz.s32.c2": "Aller au bureau objets trouvés",
    "msz.s32.c3": "Revenir vers le niveau -1",

    "msz.s33.title": "Silhouette au bout",
    "msz.s33.body": "Au bout du couloir, une silhouette floue. Dos tourné. Elle ne bouge pas… puis elle disparaît dans un angle, comme aspirée.",
    "msz.s33.c1": "Poursuivre",
    "msz.s33.c2": "Aller plutôt au bureau objets trouvés",
    "msz.s33.c3": "Revenir en arrière",

    "msz.s34.title": "Poursuivre ou fuir",
    "msz.s34.body": "Tu hésites. Courir vers l’angle, ou faire semblant de ne rien avoir vu. La station adore les hésitations : tu le sens.",
    "msz.s34.c1": "Prendre le tunnel de maintenance",
    "msz.s34.c2": "Aller au bureau objets trouvés",
    "msz.s34.c3": "Revenir au couloir secondaire",

    "msz.s35.title": "Bureau « Objets trouvés »",
    "msz.s35.body": "Un petit bureau. Tiroirs, tampons, fiches. Une lampe verte éclaire un registre ouvert, comme si quelqu’un venait de le quitter en urgence.",
    "msz.s35.c1": "Lire le registre",
    "msz.s35.c2": "Regarder les tampons",
    "msz.s35.c3": "Revenir au couloir",

    "msz.s36.title": "Registre des disparus",
    "msz.s36.body": "Des pages et des pages. Des noms. Des stations. Et parfois juste « 0 ». Les dernières lignes sont vides, mais l’encre a déjà “préparé” un emplacement.",
    "msz.s36.c1": "Chercher ce que ça signifie",
    "msz.s36.c2": "Quitter ce bureau sans insister",
    "msz.s36.c3": "Revenir au début du bureau",

    "msz.s37.title": "Tampon « DESCENTE »",
    "msz.s37.body": "Un tampon porte un seul mot : « DESCENTE ». La poignée est usée par des mains nerveuses. Ça ressemble à un protocole, pas à un outil.",
    "msz.s37.c1": "Comparer avec le registre",
    "msz.s37.c2": "Revenir au couloir",
    "msz.s37.c3": "Revenir au bureau pour regarder encore",

    "msz.s38.title": "La station te “classe”",
    "msz.s38.body": "Le panneau lumineux, ailleurs, te revient en tête : “Voyageur détecté”. Ici, tu comprends : tu n’es pas perdu. Tu es enregistré.",
    "msz.s38.c1": "Aller au tunnel de maintenance",
    "msz.s38.c2": "Retourner vers le couloir principal",
    "msz.s38.c3": "Retourner voir les affiches neuves",

    "msz.s39.title": "Accès tunnel",
    "msz.s39.body": "Une ouverture technique mène à un tunnel étroit. Câbles, tuyaux, condensation. Un souffle chaud puis froid, comme si la station respirait par là.",
    "msz.s39.c1": "Entrer dans le tunnel",
    "msz.s39.c2": "Chercher une porte vers contrôle",
    "msz.s39.c3": "Revenir au couloir secondaire",

    "msz.s40.title": "Le tunnel respire",
    "msz.s40.body": "Plus tu avances, plus tu as la sensation d’être “lu”. Pas regardé — évalué. Comme un badge passé sous un scanner.",
    "msz.s40.c1": "Aller vers la salle de contrôle",
    "msz.s40.c2": "Inspecter une armoire technique",
    "msz.s40.c3": "Revenir en arrière",

    "msz.s41.title": "Porte vers contrôle",
    "msz.s41.body": "Une porte donne sur une salle de contrôle. Elle n’est pas verrouillée. C’est presque la pire chose : tu es autorisé à entrer.",
    "msz.s41.c1": "Entrer",
    "msz.s41.c2": "Aller vers les écrans CCTV",
    "msz.s41.c3": "Revenir au tunnel",

    "msz.s42.title": "Salle de contrôle",
    "msz.s42.body": "Consoles analogiques. Écrans CRT. Voyants faibles. Une chaise vide orientée vers un poste central, comme si quelqu’un attendait ton arrivée.",
    "msz.s42.c1": "Approcher les consoles",
    "msz.s42.c2": "Chercher une console « OPÉRATEUR »",
    "msz.s42.c3": "Revenir à la porte",

    "msz.s43.title": "Écrans muets",
    "msz.s43.body": "Les écrans montrent des lignes, des schémas, puis se figent. Comme si une présence venait d’arrêter de parler à la machine pour te parler à toi.",
    "msz.s43.c1": "Aller aux caméras",
    "msz.s43.c2": "Tenter un retour au quai via la station",
    "msz.s43.c3": "Revenir à la salle de contrôle",

    "msz.s44.title": "Vidéo en retard",
    "msz.s44.body": "Mur de CCTV. Une caméra montre le quai… mais avec un léger retard. Tu te vois bouger une seconde trop tard. Si tu enregistres ça, tu auras une preuve.",
    "msz.s44.c1": "Lancer un enregistrement",
    "msz.s44.c2": "Regarder l’horodatage",
    "msz.s44.c3": "Revenir à la salle de contrôle",

    "msz.s45.title": "Lancer un enregistrement",
    "msz.s45.body": "Tu enregistres l’écran. Le son est presque absent, mais un souffle est capté — comme une respiration dans la station elle-même.",
    "msz.s45.c1": "Vérifier l’horodatage",
    "msz.s45.c2": "Retourner au quai avec cette preuve",
    "msz.s45.c3": "Revenir à la salle de contrôle",

    "msz.s46.title": "Horodatage impossible",
    "msz.s46.body": "L’horodatage indique une date incohérente. Pas “fantaisiste” : presque crédible, juste assez pour semer une panique froide dans ton ventre.",
    "msz.s46.c1": "Retourner au quai",
    "msz.s46.c2": "Retourner à la salle de contrôle pour réfléchir",
    "msz.s46.c3": "Revenir à la salle de contrôle",

    "msz.s47.title": "Retour quai via caméras",
    "msz.s47.body": "Tu reviens au quai. La station semble t’avoir laissé faire… et tu réalises que ça aussi, c’est un choix qu’elle te donne.",
    "msz.s47.c1": "Attendre si une rame revient",
    "msz.s47.c2": "Revenir aux couloirs",
    "msz.s47.c3": "Retourner à la salle de contrôle",

    "msz.s48.title": "La rame revient",
    "msz.s48.body": "Dans le tunnel, une rame arrive sans bruit. L’intérieur est sombre, visible à travers la vitre. Les portes s’ouvrent comme une bouche qui sait ton nom.",
    "msz.s48.c1": "Approcher les portes",
    "msz.s48.c2": "Refuser de monter",
    "msz.s48.c3": "Écouter l’annonce",

    "msz.s49.title": "Portes ouvertes",
    "msz.s49.body": "Les portes sont ouvertes. L’intérieur avale la lumière. Tu sens que si tu montes, tu n’“avances” plus : tu acceptes.",
    "msz.s49.c1": "Monter",
    "msz.s49.c2": "Reculer et refuser",
    "msz.s49.c3": "Revenir en arrière",

    "msz.s50.title": "Annonce personnalisée",
    "msz.s50.body": "Le haut-parleur grésille : « Voyageur : confirmé. Descente : validée. » Puis un souffle : « Tu peux encore refuser… mais tu reviendras. »",
    "msz.s50.c1": "Approcher les portes",
    "msz.s50.c2": "Refuser de monter",
    "msz.s50.c3": "Revenir au couloir principal",

    "msz.s51.title": "Refuser de monter",
    "msz.s51.body": "Tu refuses. Le quai se refroidit d’un degré. Comme une déception. Comme un endroit qui n’aime pas qu’on lui dise non.",
    "msz.s51.c1": "Reprendre le plan du réseau",
    "msz.s51.c2": "Explorer un couloir qui boucle",
    "msz.s51.c3": "Retourner au couloir principal",

    "msz.s52.title": "Reprendre le plan",
    "msz.s52.body": "Tu te remets devant le plan. Sans le fragment, ça ne te donne rien de plus qu’un vertige. Avec le fragment, tu peux comprendre une direction cachée.",
    "msz.s52.c1": "Assembler le fragment",
    "msz.s52.c2": "Retourner au couloir principal",
    "msz.s52.c3": "Revenir au couloir secondaire",

    "msz.s53.title": "Assembler le fragment",
    "msz.s53.body": "Le morceau s’aligne parfaitement. Une ligne inexistante apparaît : elle mène à « SERVICE — CONTRÔLE — ISSUE ». C’est écrit petit, comme un secret d’employé.",
    "msz.s53.c1": "Suivre la bonne flèche",
    "msz.s53.c2": "Retourner voir l’affiche neuve",
    "msz.s53.c3": "Revenir au couloir principal",

    "msz.s54.title": "Couloir qui boucle",
    "msz.s54.body": "Tu marches… et tu reviens au même endroit. La station ne t’empêche pas : elle te remet. Comme un animal qui te replace dans ta cage.",
    "msz.s54.c1": "Aller voir l’affiche neuve",
    "msz.s54.c2": "Revenir au graffiti flèche",
    "msz.s54.c3": "Retourner au couloir principal",

    "msz.s55.title": "Même affiche, plus neuve",
    "msz.s55.body": "La même affiche « PROCHAINE DESCENTE : TOI », mais encore plus fraîche. Comme si elle venait d’être réimprimée… à l’instant où tu reviens.",
    "msz.s55.c1": "Suivre la flèche",
    "msz.s55.c2": "Revenir à l’affiche",
    "msz.s55.c3": "Retourner au couloir principal",

    "msz.s56.title": "Trouver la bonne flèche",
    "msz.s56.body": "Plusieurs flèches. Certaines mènent au même couloir. Une seule te donne une sensation nette : celle-ci n’essaie pas de te ramener.",
    "msz.s56.c1": "Aller au lecteur badge SERVICE",
    "msz.s56.c2": "Revenir au graffiti",
    "msz.s56.c3": "Revenir au couloir secondaire",

    "msz.s57.title": "Service : lecteur badge",
    "msz.s57.body": "Le lecteur attend. Sans badge, c’est juste un morceau de plastique mort. Avec un badge, c’est une permission. Et tu sais que la station observe si tu as le bon rôle.",
    "msz.s57.c1": "Présenter le badge",
    "msz.s57.c2": "Revenir écouter la porte",
    "msz.s57.c3": "Revenir au couloir",

    "msz.s58.title": "Ouvrir avec le badge",
    "msz.s58.body": "Bip. La porte SERVICE cède d’un cran, comme un muscle qui se détend. Derrière : une odeur de maintenance, de poussière chaude et d’électricité.",
    "msz.s58.c1": "Entrer",
    "msz.s58.c2": "Revenir au tunnel maintenance",
    "msz.s58.c3": "Revenir au couloir",

    "msz.s59.title": "Tunnel profond",
    "msz.s59.body": "Le tunnel s’enfonce. Câbles, tuyaux, condensation. Tu entends parfois un « clic » loin devant, comme un relais qui s’active au bon moment.",
    "msz.s59.c1": "Inspecter l’armoire technique",
    "msz.s59.c2": "Aller vers la salle de contrôle",
    "msz.s59.c3": "Revenir vers la porte SERVICE",

    "msz.s60.title": "Armoire technique",
    "msz.s60.body": "Une armoire ouverte. À l’intérieur, une petite clé de service, étiquetée sans numéro. Tu comprends : ce n’est pas une clé d’inventaire… c’est une preuve que tu peux ouvrir une « issue ».",
    "msz.s60.c1": "Prendre la clé",
    "msz.s60.c2": "Aller à la salle de contrôle",
    "msz.s60.c3": "Revenir dans le tunnel",

    "msz.s61.title": "Prendre la clé service",
    "msz.s61.body": "La clé est froide et lourde. Le métal semble absorber ton doigt. Comme si elle était plus ancienne que la station, et pourtant prête pour maintenant.",
    "msz.s61.c1": "Retourner vers les tourniquets",
    "msz.s61.c2": "Retourner à la salle de contrôle",
    "msz.s61.c3": "Revenir au contrôle",

    "msz.s62.title": "Retour vers tourniquets",
    "msz.s62.body": "Les tourniquets te retrouvent. Le voyant rouge est toujours là. Il paraît content de te revoir, comme si ton trajet avait été prévu.",
    "msz.s62.c1": "Essayer de valider quelque chose",
    "msz.s62.c2": "Retourner vers la grille de sortie",
    "msz.s62.c3": "Revenir au couloir principal",

    "msz.s63.title": "Essayer ticket ZÉRO",
    "msz.s63.body": "Tu présentes le ticket « 0 ». Sans ça, tu le sens : rien ne bouge. Avec ça, la station te reconnaît. Comme un code d’accès personnel.",
    "msz.s63.c1": "Valider avec le ticket",
    "msz.s63.c2": "Revenir vers la grille",
    "msz.s63.c3": "Revenir au couloir",

    "msz.s64.title": "La grille bouge",
    "msz.s64.body": "Un cliquetis. La chaîne semble se détendre, comme si une seconde serrure venait d’apparaître. Mais il manque encore quelque chose : un dernier droit de passage.",
    "msz.s64.c1": "Utiliser la clé de service",
    "msz.s64.c2": "Revenir au couloir principal",
    "msz.s64.c3": "Retourner au contrôle",

    "msz.s65.title": "Accès « Issue »",
    "msz.s65.body": "Derrière une porte sobre, un couloir marqué « ISSUE ». L’air change : plus sec, plus réel. Comme si tu approchais d’un endroit qui n’est pas censé exister ici.",
    "msz.s65.c1": "Suivre l’issue",
    "msz.s65.c2": "Revenir au contrôle",
    "msz.s65.c3": "Revenir au couloir principal",

    "msz.s66.title": "Escalier extérieur",
    "msz.s66.body": "Des marches montent. Pas d’affiches. Pas de néons. Juste une lumière grise au-dessus, comme une aube timide.",
    "msz.s66.c1": "Monter",
    "msz.s66.c2": "Marquer une pause pour écouter",
    "msz.s66.c3": "Revenir en arrière",

    "msz.s67.title": "Air réel… presque",
    "msz.s67.body": "L’air est froid, plus vivant. Tu sens ton corps se rappeler le monde. Mais derrière toi, la station reste silencieuse, comme si elle retenait son souffle.",
    "msz.s67.c1": "Continuer vers dehors",
    "msz.s67.c2": "Retourner vérifier le contrôle",
    "msz.s67.c3": "Revenir au couloir",

    "msz.s68.title": "Dernier doute",
    "msz.s68.body": "Tu vois la sortie. Tu pourrais courir. Mais une part de toi sait : si tu sors mal, la station peut réécrire ce que tu crois avoir vécu.",
    "msz.s68.c1": "Fuir",
    "msz.s68.c2": "Retourner au contrôle",
    "msz.s68.c3": "Revenir au couloir principal",

    "msz.s69.title": "Retour contrôle",
    "msz.s69.body": "Tu retournes au contrôle. Les écrans semblent t’attendre. Comme si la station voulait te proposer un dernier marché : sortir… ou rester en comprenant.",
    "msz.s69.c1": "Aller à la console opérateur",
    "msz.s69.c2": "Insérer tes preuves",
    "msz.s69.c3": "Revenir au couloir principal",

    "msz.s70.title": "Console « OPÉRATEUR »",
    "msz.s70.body": "Un poste porte un libellé discret : « OPÉRATEUR ». Le siège est parfaitement aligné. Tu comprends que cette place existe pour quelqu’un. Peut-être pour toi.",
    "msz.s70.c1": "Continuer",
    "msz.s70.c2": "Aller au choix sortir ou rester",
    "msz.s70.c3": "Revenir en arrière",

    "msz.s71.title": "Insérer preuves",
    "msz.s71.body": "Tu poses ce que tu as : ticket « 0 », fragment de plan, badge, enregistrement… Chaque preuve rend la station plus “nette”. Comme si tu forçais sa réalité à se stabiliser.",
    "msz.s71.c1": "Valider au moins une preuve",
    "msz.s71.c2": "Tout valider pour forcer la vérité",
    "msz.s71.c3": "Revenir en arrière",

    "msz.s72.title": "Choisir : sortir / rester",
    "msz.s72.body": "Le panneau lumineux, loin, clignote encore : « STATION ZÉRO ». La station te laisse une liberté étrange : elle veut que tu choisisses. Et que tu signes.",
    "msz.s72.c1": "Sortir par l’issue",
    "msz.s72.c2": "Monter dans la rame",
    "msz.s72.c3": "Revenir au contrôle",

    "msz.s73.title": "La station “attend”",
    "msz.s73.body": "Tu retournes vers le quai. Tout est encore plus vide. Le silence est plus lourd, comme une salle qui attend un verdict.",
    "msz.s73.c1": "Rester et observer",
    "msz.s73.c2": "Monter dans la rame",
    "msz.s73.c3": "Revenir aux couloirs",

    "msz.s74.title": "Le quai se vide encore plus",
    "msz.s74.body": "Tu te rends compte que même les détails disparaissent : une affiche, une tache au sol, un bruit lointain. La station simplifie le monde pour te simplifier toi.",
    "msz.s74.c1": "Aller au choix final",
    "msz.s74.c2": "Monter dans la rame",
    "msz.s74.c3": "Retourner au contrôle",

    "msz.s75.title": "Le choix final",
    "msz.s75.body": "Tu as assez vu pour comprendre une chose : ici, rien n’est gratuit. Sortir a un prix. Rester aussi. Et la station adore les contrats silencieux.",
    "msz.s75.c1": "Sortir avec tes preuves",
    "msz.s75.c2": "Rester et accepter la logique",
    "msz.s75.c3": "Forcer la station et chercher la révélation",

    "msz.end_good.title": "Fin — Sortie réelle",
    "msz.end_good.body": "Tu sors. L’aube est grise, froide, vraie. Et dans ta main, ta preuve existe encore — ticket, fragment, enregistrement… quelque chose que la station ne peut pas effacer. Derrière toi, l’entrée du métro paraît normale… sauf un détail impossible qui te confirme que tu ne rêves pas.",

    "msz.end_bad.title": "Fin — La descente continue",
    "msz.end_bad.body": "Tu montes. Les portes se ferment comme un soupir. La lumière du wagon avale ta dernière hésitation. Quand tu regardes par la vitre, le quai n’est déjà plus un quai. C’est un couloir. Puis une page blanche. Et tu comprends : tu n’es plus un voyageur. Tu es un dossier.",

    "msz.end_secret.title": "Fin secrète — Opérateur actif",
    "msz.end_secret.body": "Toutes tes preuves s’alignent. La station se stabilise… et révèle sa fonction : trier, valider, assigner. Les écrans affichent : « OPÉRATEUR ACTIF ». Le siège t’attend. Et tu sens, avec une horreur calme, que la prochaine annonce… c’est toi qui la feras.",

    "msz.h.s11.soft": "Les panneaux ne guident pas : ils testent ce que tu suis.",
    "msz.h.s11.strong": "Trouve un moyen d’obtenir un ticket « 0 » : c’est une reconnaissance d’accès.",

    "msz.h.s14.soft": "Le lecteur rouge n’est pas un obstacle : c’est un jugement.",
    "msz.h.s14.strong": "Sans ticket « 0 », la station ne t’ouvre rien. Reviens au distributeur.",

    "msz.h.s34.soft": "Certaines présences sont là pour te détourner, pas pour te tuer.",
    "msz.h.s34.strong": "Le tunnel et le contrôle te donnent des preuves, comme le badge et l’enregistrement, qui stabilisent la sortie.",

    "msz.h.s54.soft": "Si tu reviens au même endroit, c’est que la station t’a repris.",
    "msz.h.s54.strong": "Assemble le fragment de plan : ça révèle la vraie route vers SERVICE puis vers ISSUE.",

    "msz.h.s57.soft": "La station laisse passer ceux qui ont le bon rôle.",
    "msz.h.s57.strong": "Prends le badge dans le vestiaire : il ouvre SERVICE et débloque la progression.",

    "msz.h.s68.soft": "La sortie n’est pas seulement une porte : c’est une version de toi.",
    "msz.h.s68.strong": "Pour une sortie réelle, garde au moins une preuve et évite la rame.",

    "msz.h.s72.soft": "Le choix est une signature.",
    "msz.h.s72.strong": "La rame mène à la fin mauvaise. La voie ISSUE mène vers la sortie réelle.",

    "msz.clue.has_map_fragment.title": "Fragment de plan",
    "msz.clue.has_name_tag.title": "Étiquette de nom",
    "msz.clue.has_phone_recording.title": "Enregistrement téléphone",
    "msz.clue.has_service_key.title": "Clé de service",
    "msz.clue.has_zero_ticket.title": "Ticket Zéro"
  }
}