{
  "meta": {
    "scenario_id": "foret_relais",
    "version": "1.0.0",
    "title_key": "frt.title",
    "tagline_key": "frt.tagline",
    "start_scene": "s01",
    "hint_ns": "frt.h"
  },
  "paths": {
    "logic": "data/scenarios/foret_relais/logic.json",
    "texts_fr": "data/scenarios/foret_relais/text_fr.json",
    "images_dir": "assets/scenarios/foret_relais/img/"
  },
  "images": {
    "s01": { "file": "assets/scenarios/foret_relais/img/s01.webp" },
    "s02": { "file": "assets/scenarios/foret_relais/img/s02.webp" },
    "s03": { "file": "assets/scenarios/foret_relais/img/s03.webp" },
    "s04": { "file": "assets/scenarios/foret_relais/img/s04.webp" },
    "s05": { "file": "assets/scenarios/foret_relais/img/s05.webp" },
    "s06": { "file": "assets/scenarios/foret_relais/img/s06.webp" },
    "s07": { "file": "assets/scenarios/foret_relais/img/s07.webp" },
    "s08": { "file": "assets/scenarios/foret_relais/img/s08.webp" },
    "s09": { "file": "assets/scenarios/foret_relais/img/s09.webp" },
    "s10": { "file": "assets/scenarios/foret_relais/img/s10.webp" },
    "s11": { "file": "assets/scenarios/foret_relais/img/s11.webp" },
    "s12": { "file": "assets/scenarios/foret_relais/img/s12.webp" },
    "s13": { "file": "assets/scenarios/foret_relais/img/s13.webp" },
    "s14": { "file": "assets/scenarios/foret_relais/img/s14.webp" },
    "s15": { "file": "assets/scenarios/foret_relais/img/s15.webp" },
    "s16": { "file": "assets/scenarios/foret_relais/img/s16.webp" },
    "s17": { "file": "assets/scenarios/foret_relais/img/s17.webp" },
    "s18": { "file": "assets/scenarios/foret_relais/img/s18.webp" },
    "s19": { "file": "assets/scenarios/foret_relais/img/s19.webp" },
    "s20": { "file": "assets/scenarios/foret_relais/img/s20.webp" },
    "s21": { "file": "assets/scenarios/foret_relais/img/s21.webp" },
    "s22": { "file": "assets/scenarios/foret_relais/img/s22.webp" },
    "s23": { "file": "assets/scenarios/foret_relais/img/s23.webp" },
    "s24": { "file": "assets/scenarios/foret_relais/img/s24.webp" },
    "s25": { "file": "assets/scenarios/foret_relais/img/s25.webp" },
    "s26": { "file": "assets/scenarios/foret_relais/img/s26.webp" },
    "s27": { "file": "assets/scenarios/foret_relais/img/s27.webp" },
    "s28": { "file": "assets/scenarios/foret_relais/img/s28.webp" },
    "s29": { "file": "assets/scenarios/foret_relais/img/s29.webp" },
    "s30": { "file": "assets/scenarios/foret_relais/img/s30.webp" },
    "s31": { "file": "assets/scenarios/foret_relais/img/s31.webp" },
    "s32": { "file": "assets/scenarios/foret_relais/img/s32.webp" },
    "s33": { "file": "assets/scenarios/foret_relais/img/s33.webp" },
    "s34": { "file": "assets/scenarios/foret_relais/img/s34.webp" },
    "s35": { "file": "assets/scenarios/foret_relais/img/s35.webp" },
    "s36": { "file": "assets/scenarios/foret_relais/img/s36.webp" },
    "s37": { "file": "assets/scenarios/foret_relais/img/s37.webp" },
    "s38": { "file": "assets/scenarios/foret_relais/img/s38.webp" },
    "s39": { "file": "assets/scenarios/foret_relais/img/s39.webp" },
    "s40": { "file": "assets/scenarios/foret_relais/img/s40.webp" },
    "s41": { "file": "assets/scenarios/foret_relais/img/s41.webp" },
    "s42": { "file": "assets/scenarios/foret_relais/img/s42.webp" },
    "s43": { "file": "assets/scenarios/foret_relais/img/s43.webp" },
    "s44": { "file": "assets/scenarios/foret_relais/img/s44.webp" },
    "s45": { "file": "assets/scenarios/foret_relais/img/s45.webp" },
    "s46": { "file": "assets/scenarios/foret_relais/img/s46.webp" },
    "s47": { "file": "assets/scenarios/foret_relais/img/s47.webp" },
    "s48": { "file": "assets/scenarios/foret_relais/img/s48.webp" },
    "s49": { "file": "assets/scenarios/foret_relais/img/s49.webp" },
    "s50": { "file": "assets/scenarios/foret_relais/img/s50.webp" },
    "s51": { "file": "assets/scenarios/foret_relais/img/s51.webp" },
    "s52": { "file": "assets/scenarios/foret_relais/img/s52.webp" },
    "s53": { "file": "assets/scenarios/foret_relais/img/s53.webp" },
    "s54": { "file": "assets/scenarios/foret_relais/img/s54.webp" },
    "s55": { "file": "assets/scenarios/foret_relais/img/s55.webp" },
    "s56": { "file": "assets/scenarios/foret_relais/img/s56.webp" },
    "s57": { "file": "assets/scenarios/foret_relais/img/s57.webp" },
    "s58": { "file": "assets/scenarios/foret_relais/img/s58.webp" },
    "s59": { "file": "assets/scenarios/foret_relais/img/s59.webp" },
    "s60": { "file": "assets/scenarios/foret_relais/img/s60.webp" },
    "s61": { "file": "assets/scenarios/foret_relais/img/s61.webp" },
    "s62": { "file": "assets/scenarios/foret_relais/img/s62.webp" },
    "s63": { "file": "assets/scenarios/foret_relais/img/s63.webp" },
    "s64": { "file": "assets/scenarios/foret_relais/img/s64.webp" },
    "s65": { "file": "assets/scenarios/foret_relais/img/s65.webp" },
    "s66": { "file": "assets/scenarios/foret_relais/img/s66.webp" },
    "s67": { "file": "assets/scenarios/foret_relais/img/s67.webp" },
    "s68": { "file": "assets/scenarios/foret_relais/img/s68.webp" },
    "s69": { "file": "assets/scenarios/foret_relais/img/s69.webp" },
    "s70": { "file": "assets/scenarios/foret_relais/img/s70.webp" },
    "s71": { "file": "assets/scenarios/foret_relais/img/s71.webp" },
    "s72": { "file": "assets/scenarios/foret_relais/img/s72.webp" },
    "s73": { "file": "assets/scenarios/foret_relais/img/s73.webp" },
    "s74": { "file": "assets/scenarios/foret_relais/img/s74.webp" },
    "s75": { "file": "assets/scenarios/foret_relais/img/s75.webp" },
    "s76": { "file": "assets/scenarios/foret_relais/img/s76.webp" },
    "s77": { "file": "assets/scenarios/foret_relais/img/s77.webp" },
    "s78": { "file": "assets/scenarios/foret_relais/img/s78.webp" },
    "s79": { "file": "assets/scenarios/foret_relais/img/s79.webp" },
    "s80": { "file": "assets/scenarios/foret_relais/img/s80.webp" },
    "s81": { "file": "assets/scenarios/foret_relais/img/s81.webp" },
    "final_good": {
      "file": "assets/scenarios/foret_relais/img/final_good.webp",
      "alt": "Sortie de forêt à l’aube, route vide, brume qui recule"
    },
    "final_bad": {
      "file": "assets/scenarios/foret_relais/img/final_bad.webp",
      "alt": "Intérieur sombre sous lumière rouge, sensation d’être capté"
    },
    "final_secret": {
      "file": "assets/scenarios/foret_relais/img/final_secret.webp",
      "alt": "Salle de commande active, voyant REC allumé, chaise tournée"
    }
  },
  "state_model": {
    "flags": [
      "knows_name_is_used",
      "has_map",
      "has_compass",
      "has_ribbon",
      "heard_broadcast",
      "has_frequency",
      "found_cabin_note",
      "entered_facility",
      "has_bunker_key",
      "opened_bunker",
      "met_operator",
      "has_tape",
      "has_code",
      "made_recording",
      "stabilized_path",
      "truth_unlocked"
    ]
  },
  "scenes": {
    "s01": {
      "image_id": "s01",
      "title_key": "frt.s01.title",
      "body_key": "frt.s01.body",
      "choices": [
        { "choice_key": "frt.s01.c1", "next": "s02" },
        { "choice_key": "frt.s01.c2", "next": "s03" },
        { "choice_key": "frt.s01.c3", "next": "s04" }
      ]
    },
    "s02": {
      "image_id": "s02",
      "title_key": "frt.s02.title",
      "body_key": "frt.s02.body",
      "choices": [
        { "choice_key": "frt.s02.c1", "next": "s05" },
        { "choice_key": "frt.s02.c2", "next": "s03" },
        { "choice_key": "frt.s02.c3", "next": "s04", "set_flags": ["knows_name_is_used"] }
      ]
    },
    "s03": {
      "image_id": "s03",
      "title_key": "frt.s03.title",
      "body_key": "frt.s03.body",
      "choices": [
        { "choice_key": "frt.s03.c1", "next": "s05" },
        { "choice_key": "frt.s03.c2", "next": "s06" },
        { "choice_key": "frt.s03.c3", "next": "s07" }
      ]
    },
    "s04": {
      "image_id": "s04",
      "title_key": "frt.s04.title",
      "body_key": "frt.s04.body",
      "choices": [
        { "choice_key": "frt.s04.c1", "next": "s03" },
        { "choice_key": "frt.s04.c2", "next": "s08", "set_flags": ["knows_name_is_used"] },
        { "choice_key": "frt.s04.c3", "next": "s09" }
      ]
    },
    "s05": {
      "image_id": "s05",
      "title_key": "frt.s05.title",
      "body_key": "frt.s05.body",
      "choices": [
        { "choice_key": "frt.s05.c1", "next": "s06" },
        { "choice_key": "frt.s05.c2", "next": "s07" },
        { "choice_key": "frt.s05.c3", "next": "s10" }
      ]
    },
    "s06": {
      "image_id": "s06",
      "title_key": "frt.s06.title",
      "body_key": "frt.s06.body",
      "choices": [
        { "choice_key": "frt.s06.c1", "next": "s11", "set_flags": ["has_ribbon"] },
        { "choice_key": "frt.s06.c2", "next": "s12" },
        { "choice_key": "frt.s06.c3", "next": "s05" }
      ]
    },
    "s07": {
      "image_id": "s07",
      "title_key": "frt.s07.title",
      "body_key": "frt.s07.body",
      "choices": [
        { "choice_key": "frt.s07.c1", "next": "s12" },
        { "choice_key": "frt.s07.c2", "next": "s13" },
        { "choice_key": "frt.s07.c3", "next": "s05" }
      ]
    },
    "s08": {
      "image_id": "s08",
      "title_key": "frt.s08.title",
      "body_key": "frt.s08.body",
      "choices": [
        { "choice_key": "frt.s08.c1", "next": "s14" },
        { "choice_key": "frt.s08.c2", "next": "s10" },
        { "choice_key": "frt.s08.c3", "next": "s05" }
      ]
    },
    "s09": {
      "image_id": "s09",
      "title_key": "frt.s09.title",
      "body_key": "frt.s09.body",
      "choices": [
        { "choice_key": "frt.s09.c1", "next": "s10" },
        { "choice_key": "frt.s09.c2", "next": "s15" },
        { "choice_key": "frt.s09.c3", "next": "s04", "set_flags": ["knows_name_is_used"] }
      ]
    },
    "s10": {
      "image_id": "s10",
      "title_key": "frt.s10.title",
      "body_key": "frt.s10.body",
      "choices": [
        { "choice_key": "frt.s10.c1", "next": "s16", "set_flags": ["has_map"] },
        { "choice_key": "frt.s10.c2", "next": "s17" },
        { "choice_key": "frt.s10.c3", "next": "s05" }
      ]
    },
    "s11": {
      "image_id": "s11",
      "title_key": "frt.s11.title",
      "body_key": "frt.s11.body",
      "choices": [
        { "choice_key": "frt.s11.c1", "next": "s18" },
        { "choice_key": "frt.s11.c2", "next": "s12" },
        { "choice_key": "frt.s11.c3", "next": "s06" }
      ]
    },
    "s12": {
      "image_id": "s12",
      "title_key": "frt.s12.title",
      "body_key": "frt.s12.body",
      "choices": [
        { "choice_key": "frt.s12.c1", "next": "s19" },
        { "choice_key": "frt.s12.c2", "next": "s20" },
        { "choice_key": "frt.s12.c3", "next": "s05" }
      ]
    },
    "s13": {
      "image_id": "s13",
      "title_key": "frt.s13.title",
      "body_key": "frt.s13.body",
      "choices": [
        { "choice_key": "frt.s13.c1", "next": "s21" },
        { "choice_key": "frt.s13.c2", "next": "s12" },
        { "choice_key": "frt.s13.c3", "next": "s07" }
      ]
    },
    "s14": {
      "image_id": "s14",
      "title_key": "frt.s14.title",
      "body_key": "frt.s14.body",
      "choices": [
        { "choice_key": "frt.s14.c1", "next": "s22", "set_flags": ["has_compass"] },
        { "choice_key": "frt.s14.c2", "next": "s20" },
        { "choice_key": "frt.s14.c3", "next": "s08" }
      ]
    },
    "s15": {
      "image_id": "s15",
      "title_key": "frt.s15.title",
      "body_key": "frt.s15.body",
      "choices": [
        { "choice_key": "frt.s15.c1", "next": "s20", "set_flags": ["knows_name_is_used"] },
        { "choice_key": "frt.s15.c2", "next": "s05" },
        { "choice_key": "frt.s15.c3", "next": "s23" }
      ]
    },
    "s16": {
      "image_id": "s16",
      "title_key": "frt.s16.title",
      "body_key": "frt.s16.body",
      "choices": [
        { "choice_key": "frt.s16.c1", "next": "s24" },
        { "choice_key": "frt.s16.c2", "next": "s25" },
        { "choice_key": "frt.s16.c3", "next": "s10" }
      ]
    },
    "s17": {
      "image_id": "s17",
      "title_key": "frt.s17.title",
      "body_key": "frt.s17.body",
      "choices": [
        { "choice_key": "frt.s17.c1", "next": "s26" },
        { "choice_key": "frt.s17.c2", "next": "s12" },
        { "choice_key": "frt.s17.c3", "next": "s10" }
      ]
    },
    "s18": {
      "image_id": "s18",
      "title_key": "frt.s18.title",
      "body_key": "frt.s18.body",
      "choices": [
        { "choice_key": "frt.s18.c1", "next": "s27", "set_flags": ["met_operator"] },
        { "choice_key": "frt.s18.c2", "next": "s11" },
        { "choice_key": "frt.s18.c3", "next": "s12" }
      ]
    },
    "s19": {
      "image_id": "s19",
      "title_key": "frt.s19.title",
      "body_key": "frt.s19.body",
      "choices": [
        { "choice_key": "frt.s19.c1", "next": "s28" },
        { "choice_key": "frt.s19.c2", "next": "s20" },
        { "choice_key": "frt.s19.c3", "next": "s12" }
      ]
    },
    "s20": {
      "image_id": "s20",
      "title_key": "frt.s20.title",
      "body_key": "frt.s20.body",
      "choices": [
        { "choice_key": "frt.s20.c1", "next": "s19" },
        { "choice_key": "frt.s20.c2", "next": "s29" },
        { "choice_key": "frt.s20.c3", "next": "s30" }
      ]
    },

    "s21": {
      "image_id": "s21",
      "title_key": "frt.s21.title",
      "body_key": "frt.s21.body",
      "choices": [
        { "choice_key": "frt.s21.c1", "next": "s31" },
        { "choice_key": "frt.s21.c2", "next": "s32" },
        { "choice_key": "frt.s21.c3", "next": "s13" }
      ]
    },
    "s22": {
      "image_id": "s22",
      "title_key": "frt.s22.title",
      "body_key": "frt.s22.body",
      "choices": [
        { "choice_key": "frt.s22.c1", "next": "s33" },
        { "choice_key": "frt.s22.c2", "next": "s24", "requires_any_flags": ["has_map"] },
        { "choice_key": "frt.s22.c3", "next": "s14" }
      ]
    },
    "s23": {
      "image_id": "s23",
      "title_key": "frt.s23.title",
      "body_key": "frt.s23.body",
      "choices": [
        { "choice_key": "frt.s23.c1", "next": "s34" },
        { "choice_key": "frt.s23.c2", "next": "s35" },
        { "choice_key": "frt.s23.c3", "next": "s20" }
      ]
    },
    "s24": {
      "image_id": "s24",
      "title_key": "frt.s24.title",
      "body_key": "frt.s24.body",
      "choices": [
        { "choice_key": "frt.s24.c1", "next": "s36", "requires_any_flags": ["has_compass"] },
        { "choice_key": "frt.s24.c2", "next": "s37" },
        { "choice_key": "frt.s24.c3", "next": "s20" }
      ]
    },
    "s25": {
      "image_id": "s25",
      "title_key": "frt.s25.title",
      "body_key": "frt.s25.body",
      "choices": [
        { "choice_key": "frt.s25.c1", "next": "s38", "set_flags": ["heard_broadcast"] },
        { "choice_key": "frt.s25.c2", "next": "s39" },
        { "choice_key": "frt.s25.c3", "next": "s20" }
      ]
    },
    "s26": {
      "image_id": "s26",
      "title_key": "frt.s26.title",
      "body_key": "frt.s26.body",
      "choices": [
        { "choice_key": "frt.s26.c1", "next": "s40" },
        { "choice_key": "frt.s26.c2", "next": "s17" },
        { "choice_key": "frt.s26.c3", "next": "s12" }
      ]
    },
    "s27": {
      "image_id": "s27",
      "title_key": "frt.s27.title",
      "body_key": "frt.s27.body",
      "choices": [
        { "choice_key": "frt.s27.c1", "next": "s25" },
        { "choice_key": "frt.s27.c2", "next": "s41" },
        { "choice_key": "frt.s27.c3", "next": "s11" }
      ]
    },
    "s28": {
      "image_id": "s28",
      "title_key": "frt.s28.title",
      "body_key": "frt.s28.body",
      "choices": [
        { "choice_key": "frt.s28.c1", "next": "s42" },
        { "choice_key": "frt.s28.c2", "next": "s43" },
        { "choice_key": "frt.s28.c3", "next": "s20" }
      ]
    },
    "s29": {
      "image_id": "s29",
      "title_key": "frt.s29.title",
      "body_key": "frt.s29.body",
      "choices": [
        { "choice_key": "frt.s29.c1", "next": "s44" },
        { "choice_key": "frt.s29.c2", "next": "s05" },
        { "choice_key": "frt.s29.c3", "next": "s30" }
      ]
    },
    "s30": {
      "image_id": "s30",
      "title_key": "frt.s30.title",
      "body_key": "frt.s30.body",
      "choices": [
        { "choice_key": "frt.s30.c1", "next": "s23" },
        { "choice_key": "frt.s30.c2", "next": "s45", "set_flags": ["knows_name_is_used"] },
        { "choice_key": "frt.s30.c3", "next": "s05" }
      ]
    },

    "s31": {
      "image_id": "s31",
      "title_key": "frt.s31.title",
      "body_key": "frt.s31.body",
      "choices": [
        { "choice_key": "frt.s31.c1", "next": "s34" },
        { "choice_key": "frt.s31.c2", "next": "s46" },
        { "choice_key": "frt.s31.c3", "next": "s21" }
      ]
    },
    "s32": {
      "image_id": "s32",
      "title_key": "frt.s32.title",
      "body_key": "frt.s32.body",
      "choices": [
        { "choice_key": "frt.s32.c1", "next": "s47" },
        { "choice_key": "frt.s32.c2", "next": "s12" },
        { "choice_key": "frt.s32.c3", "next": "s21" }
      ]
    },
    "s33": {
      "image_id": "s33",
      "title_key": "frt.s33.title",
      "body_key": "frt.s33.body",
      "choices": [
        { "choice_key": "frt.s33.c1", "next": "s42" },
        { "choice_key": "frt.s33.c2", "next": "s36" },
        { "choice_key": "frt.s33.c3", "next": "s22" }
      ]
    },
    "s34": {
      "image_id": "s34",
      "title_key": "frt.s34.title",
      "body_key": "frt.s34.body",
      "choices": [
        { "choice_key": "frt.s34.c1", "next": "s48", "set_flags": ["found_cabin_note"] },
        { "choice_key": "frt.s34.c2", "next": "s49" },
        { "choice_key": "frt.s34.c3", "next": "s31" }
      ]
    },
    "s35": {
      "image_id": "s35",
      "title_key": "frt.s35.title",
      "body_key": "frt.s35.body",
      "choices": [
        { "choice_key": "frt.s35.c1", "next": "s34" },
        { "choice_key": "frt.s35.c2", "next": "s23" },
        { "choice_key": "frt.s35.c3", "next": "s50" }
      ]
    },
    "s36": {
      "image_id": "s36",
      "title_key": "frt.s36.title",
      "body_key": "frt.s36.body",
      "choices": [
        { "choice_key": "frt.s36.c1", "next": "s51" },
        { "choice_key": "frt.s36.c2", "next": "s33" },
        { "choice_key": "frt.s36.c3", "next": "s24" }
      ]
    },
    "s37": {
      "image_id": "s37",
      "title_key": "frt.s37.title",
      "body_key": "frt.s37.body",
      "choices": [
        { "choice_key": "frt.s37.c1", "next": "s52", "requires_any_flags": ["has_ribbon"] },
        { "choice_key": "frt.s37.c2", "next": "s12" },
        { "choice_key": "frt.s37.c3", "next": "s06" }
      ]
    },
    "s38": {
      "image_id": "s38",
      "title_key": "frt.s38.title",
      "body_key": "frt.s38.body",
      "choices": [
        { "choice_key": "frt.s38.c1", "next": "s53", "set_flags": ["has_frequency"] },
        { "choice_key": "frt.s38.c2", "next": "s25" },
        { "choice_key": "frt.s38.c3", "next": "s54" }
      ]
    },
    "s39": {
      "image_id": "s39",
      "title_key": "frt.s39.title",
      "body_key": "frt.s39.body",
      "choices": [
        { "choice_key": "frt.s39.c1", "next": "s28" },
        { "choice_key": "frt.s39.c2", "next": "s20" },
        { "choice_key": "frt.s39.c3", "next": "s55" }
      ]
    },
    "s40": {
      "image_id": "s40",
      "title_key": "frt.s40.title",
      "body_key": "frt.s40.body",
      "choices": [
        { "choice_key": "frt.s40.c1", "next": "s56", "requires_any_flags": ["heard_broadcast"] },
        { "choice_key": "frt.s40.c2", "next": "s26" },
        { "choice_key": "frt.s40.c3", "next": "s12" }
      ]
    },
    "s41": {
      "image_id": "s41",
      "title_key": "frt.s41.title",
      "body_key": "frt.s41.body",
      "choices": [
        { "choice_key": "frt.s41.c1", "next": "s57", "requires_any_flags": ["has_frequency"] },
        { "choice_key": "frt.s41.c2", "next": "s27" },
        { "choice_key": "frt.s41.c3", "next": "s58" }
      ]
    },

    "s42": {
      "image_id": "s42",
      "title_key": "frt.s42.title",
      "body_key": "frt.s42.body",
      "choices": [
        { "choice_key": "frt.s42.c1", "next": "s59", "set_flags": ["entered_facility"] },
        { "choice_key": "frt.s42.c2", "next": "s60" },
        { "choice_key": "frt.s42.c3", "next": "s28" }
      ]
    },
    "s43": {
      "image_id": "s43",
      "title_key": "frt.s43.title",
      "body_key": "frt.s43.body",
      "choices": [
        { "choice_key": "frt.s43.c1", "next": "s59", "set_flags": ["entered_facility"] },
        { "choice_key": "frt.s43.c2", "next": "s61" },
        { "choice_key": "frt.s43.c3", "next": "s28" }
      ]
    },
    "s44": {
      "image_id": "s44",
      "title_key": "frt.s44.title",
      "body_key": "frt.s44.body",
      "choices": [
        { "choice_key": "frt.s44.c1", "next": "s37", "requires_any_flags": ["has_ribbon"] },
        { "choice_key": "frt.s44.c2", "next": "s12" },
        { "choice_key": "frt.s44.c3", "next": "s29" }
      ]
    },
    "s45": {
      "image_id": "s45",
      "title_key": "frt.s45.title",
      "body_key": "frt.s45.body",
      "choices": [
        { "choice_key": "frt.s45.c1", "next": "s62" },
        { "choice_key": "frt.s45.c2", "next": "s20" },
        { "choice_key": "frt.s45.c3", "next": "s25" }
      ]
    },
    "s46": {
      "image_id": "s46",
      "title_key": "frt.s46.title",
      "body_key": "frt.s46.body",
      "choices": [
        { "choice_key": "frt.s46.c1", "next": "s48", "set_flags": ["found_cabin_note"] },
        { "choice_key": "frt.s46.c2", "next": "s63" },
        { "choice_key": "frt.s46.c3", "next": "s31" }
      ]
    },
    "s47": {
      "image_id": "s47",
      "title_key": "frt.s47.title",
      "body_key": "frt.s47.body",
      "choices": [
        { "choice_key": "frt.s47.c1", "next": "s64" },
        { "choice_key": "frt.s47.c2", "next": "s20" },
        { "choice_key": "frt.s47.c3", "next": "s32" }
      ]
    },
    "s48": {
      "image_id": "s48",
      "title_key": "frt.s48.title",
      "body_key": "frt.s48.body",
      "choices": [
        { "choice_key": "frt.s48.c1", "next": "s65", "requires_any_flags": ["has_frequency"] },
        { "choice_key": "frt.s48.c2", "next": "s66" },
        { "choice_key": "frt.s48.c3", "next": "s34" }
      ]
    },
    "s49": {
      "image_id": "s49",
      "title_key": "frt.s49.title",
      "body_key": "frt.s49.body",
      "choices": [
        { "choice_key": "frt.s49.c1", "next": "s67", "set_flags": ["has_tape"] },
        { "choice_key": "frt.s49.c2", "next": "s34" },
        { "choice_key": "frt.s49.c3", "next": "s31" }
      ]
    },
    "s50": {
      "image_id": "s50",
      "title_key": "frt.s50.title",
      "body_key": "frt.s50.body",
      "choices": [
        { "choice_key": "frt.s50.c1", "next": "s23" },
        { "choice_key": "frt.s50.c2", "next": "s68", "requires_any_flags": ["has_map"] },
        { "choice_key": "frt.s50.c3", "next": "s69" }
      ]
    },

    "s51": {
      "image_id": "s51",
      "title_key": "frt.s51.title",
      "body_key": "frt.s51.body",
      "choices": [
        { "choice_key": "frt.s51.c1", "next": "s28" },
        { "choice_key": "frt.s51.c2", "next": "s36" },
        { "choice_key": "frt.s51.c3", "next": "s12" }
      ]
    },
    "s52": {
      "image_id": "s52",
      "title_key": "frt.s52.title",
      "body_key": "frt.s52.body",
      "choices": [
        { "choice_key": "frt.s52.c1", "next": "s70", "set_flags": ["stabilized_path"] },
        { "choice_key": "frt.s52.c2", "next": "s37" },
        { "choice_key": "frt.s52.c3", "next": "s06" }
      ]
    },
    "s53": {
      "image_id": "s53",
      "title_key": "frt.s53.title",
      "body_key": "frt.s53.body",
      "choices": [
        { "choice_key": "frt.s53.c1", "next": "s71" },
        { "choice_key": "frt.s53.c2", "next": "s38" },
        { "choice_key": "frt.s53.c3", "next": "s72" }
      ]
    },
    "s54": {
      "image_id": "s54",
      "title_key": "frt.s54.title",
      "body_key": "frt.s54.body",
      "choices": [
        { "choice_key": "frt.s54.c1", "next": "s20" },
        { "choice_key": "frt.s54.c2", "next": "s25" },
        { "choice_key": "frt.s54.c3", "next": "s73" }
      ]
    },
    "s55": {
      "image_id": "s55",
      "title_key": "frt.s55.title",
      "body_key": "frt.s55.body",
      "choices": [
        { "choice_key": "frt.s55.c1", "next": "s39" },
        { "choice_key": "frt.s55.c2", "next": "s74", "requires_any_flags": ["heard_broadcast"] },
        { "choice_key": "frt.s55.c3", "next": "s20" }
      ]
    },
    "s56": {
      "image_id": "s56",
      "title_key": "frt.s56.title",
      "body_key": "frt.s56.body",
      "choices": [
        { "choice_key": "frt.s56.c1", "next": "s25" },
        { "choice_key": "frt.s56.c2", "next": "s75", "requires_any_flags": ["has_frequency"] },
        { "choice_key": "frt.s56.c3", "next": "s40" }
      ]
    },
    "s57": {
      "image_id": "s57",
      "title_key": "frt.s57.title",
      "body_key": "frt.s57.body",
      "choices": [
        { "choice_key": "frt.s57.c1", "next": "s76", "set_flags": ["met_operator"] },
        { "choice_key": "frt.s57.c2", "next": "s41" },
        { "choice_key": "frt.s57.c3", "next": "s25" }
      ]
    },
    "s58": {
      "image_id": "s58",
      "title_key": "frt.s58.title",
      "body_key": "frt.s58.body",
      "choices": [
        { "choice_key": "frt.s58.c1", "next": "s41" },
        { "choice_key": "frt.s58.c2", "next": "s12" },
        { "choice_key": "frt.s58.c3", "next": "s77" }
      ]
    },
    "s59": {
      "image_id": "s59",
      "title_key": "frt.s59.title",
      "body_key": "frt.s59.body",
      "choices": [
        { "choice_key": "frt.s59.c1", "next": "s60" },
        { "choice_key": "frt.s59.c2", "next": "s61" },
        { "choice_key": "frt.s59.c3", "next": "s42" }
      ]
    },
    "s60": {
      "image_id": "s60",
      "title_key": "frt.s60.title",
      "body_key": "frt.s60.body",
      "choices": [
        { "choice_key": "frt.s60.c1", "next": "s78", "requires_any_flags": ["has_bunker_key"] },
        { "choice_key": "frt.s60.c2", "next": "s62" },
        { "choice_key": "frt.s60.c3", "next": "s59" }
      ]
    },
    "s61": {
      "image_id": "s61",
      "title_key": "frt.s61.title",
      "body_key": "frt.s61.body",
      "choices": [
        { "choice_key": "frt.s61.c1", "next": "s62" },
        { "choice_key": "frt.s61.c2", "next": "s59" },
        { "choice_key": "frt.s61.c3", "next": "s42" }
      ]
    },
    "s62": {
      "image_id": "s62",
      "title_key": "frt.s62.title",
      "body_key": "frt.s62.body",
      "choices": [
        { "choice_key": "frt.s62.c1", "next": "s63", "set_flags": ["has_bunker_key"] },
        { "choice_key": "frt.s62.c2", "next": "s60" },
        { "choice_key": "frt.s62.c3", "next": "s59" }
      ]
    },
    "s63": {
      "image_id": "s63",
      "title_key": "frt.s63.title",
      "body_key": "frt.s63.body",
      "choices": [
        { "choice_key": "frt.s63.c1", "next": "s60", "set_flags": ["has_bunker_key"] },
        { "choice_key": "frt.s63.c2", "next": "s49" },
        { "choice_key": "frt.s63.c3", "next": "s62" }
      ]
    },
    "s64": {
      "image_id": "s64",
      "title_key": "frt.s64.title",
      "body_key": "frt.s64.body",
      "choices": [
        { "choice_key": "frt.s64.c1", "next": "s38", "set_flags": ["heard_broadcast"] },
        { "choice_key": "frt.s64.c2", "next": "s47" },
        { "choice_key": "frt.s64.c3", "next": "s32" }
      ]
    },
    "s65": {
      "image_id": "s65",
      "title_key": "frt.s65.title",
      "body_key": "frt.s65.body",
      "choices": [
        { "choice_key": "frt.s65.c1", "next": "s71", "set_flags": ["has_code"] },
        { "choice_key": "frt.s65.c2", "next": "s48" },
        { "choice_key": "frt.s65.c3", "next": "s34" }
      ]
    },
    "s66": {
      "image_id": "s66",
      "title_key": "frt.s66.title",
      "body_key": "frt.s66.body",
      "choices": [
        { "choice_key": "frt.s66.c1", "next": "s36" },
        { "choice_key": "frt.s66.c2", "next": "s20" },
        { "choice_key": "frt.s66.c3", "next": "s10" }
      ]
    },
    "s67": {
      "image_id": "s67",
      "title_key": "frt.s67.title",
      "body_key": "frt.s67.body",
      "choices": [
        { "choice_key": "frt.s67.c1", "next": "s25" },
        { "choice_key": "frt.s67.c2", "next": "s71", "requires_any_flags": ["has_frequency"] },
        { "choice_key": "frt.s67.c3", "next": "s34" }
      ]
    },
    "s68": {
      "image_id": "s68",
      "title_key": "frt.s68.title",
      "body_key": "frt.s68.body",
      "choices": [
        { "choice_key": "frt.s68.c1", "next": "s70", "requires_any_flags": ["has_ribbon"] },
        { "choice_key": "frt.s68.c2", "next": "s23" },
        { "choice_key": "frt.s68.c3", "next": "s20" }
      ]
    },
    "s69": {
      "image_id": "s69",
      "title_key": "frt.s69.title",
      "body_key": "frt.s69.body",
      "choices": [
        { "choice_key": "frt.s69.c1", "next": "s57" },
        { "choice_key": "frt.s69.c2", "next": "s50" },
        { "choice_key": "frt.s69.c3", "next": "s25" }
      ]
    },
    "s70": {
      "image_id": "s70",
      "title_key": "frt.s70.title",
      "body_key": "frt.s70.body",
      "choices": [
        { "choice_key": "frt.s70.c1", "next": "s42" },
        { "choice_key": "frt.s70.c2", "next": "s36" },
        { "choice_key": "frt.s70.c3", "next": "s12" }
      ]
    },
    "s71": {
      "image_id": "s71",
      "title_key": "frt.s71.title",
      "body_key": "frt.s71.body",
      "choices": [
        { "choice_key": "frt.s71.c1", "next": "s60" },
        { "choice_key": "frt.s71.c2", "next": "s59" },
        { "choice_key": "frt.s71.c3", "next": "s28" }
      ]
    },
    "s72": {
      "image_id": "s72",
      "title_key": "frt.s72.title",
      "body_key": "frt.s72.body",
      "choices": [
        { "choice_key": "frt.s72.c1", "next": "s73" },
        { "choice_key": "frt.s72.c2", "next": "s38" },
        { "choice_key": "frt.s72.c3", "next": "end_bad" }
      ]
    },
    "s73": {
      "image_id": "s73",
      "title_key": "frt.s73.title",
      "body_key": "frt.s73.body",
      "choices": [
        { "choice_key": "frt.s73.c1", "next": "s74", "set_flags": ["made_recording"] },
        { "choice_key": "frt.s73.c2", "next": "s75" },
        { "choice_key": "frt.s73.c3", "next": "end_bad" }
      ]
    },
    "s74": {
      "image_id": "s74",
      "title_key": "frt.s74.title",
      "body_key": "frt.s74.body",
      "choices": [
        { "choice_key": "frt.s74.c1", "next": "s60", "requires_any_flags": ["has_bunker_key"] },
        { "choice_key": "frt.s74.c2", "next": "s39" },
        { "choice_key": "frt.s74.c3", "next": "s75" }
      ]
    },
    "s75": {
      "image_id": "s75",
      "title_key": "frt.s75.title",
      "body_key": "frt.s75.body",
      "choices": [
        { "choice_key": "frt.s75.c1", "next": "s60" },
        { "choice_key": "frt.s75.c2", "next": "s42" },
        { "choice_key": "frt.s75.c3", "next": "end_bad" }
      ]
    },
    "s76": {
      "image_id": "s76",
      "title_key": "frt.s76.title",
      "body_key": "frt.s76.body",
      "choices": [
        {
          "choice_key": "frt.s76.c1",
          "next": "s78",
          "requires_all_flags": ["has_frequency", "has_code", "has_tape", "made_recording", "has_bunker_key"],
          "set_flags": ["truth_unlocked"]
        },
        { "choice_key": "frt.s76.c2", "next": "s60" },
        { "choice_key": "frt.s76.c3", "next": "s57" }
      ]
    },
    "s77": {
      "image_id": "s77",
      "title_key": "frt.s77.title",
      "body_key": "frt.s77.body",
      "choices": [
        { "choice_key": "frt.s77.c1", "next": "s12" },
        { "choice_key": "frt.s77.c2", "next": "s25" },
        { "choice_key": "frt.s77.c3", "next": "end_bad" }
      ]
    },
    "s78": {
      "image_id": "s78",
      "title_key": "frt.s78.title",
      "body_key": "frt.s78.body",
      "choices": [
        { "choice_key": "frt.s78.c1", "next": "s79", "set_flags": ["opened_bunker"] },
        { "choice_key": "frt.s78.c2", "next": "s60" },
        { "choice_key": "frt.s78.c3", "next": "end_bad" }
      ]
    },
    "s79": {
      "image_id": "s79",
      "title_key": "frt.s79.title",
      "body_key": "frt.s79.body",
      "choices": [
        { "choice_key": "frt.s79.c1", "next": "s80" },
        { "choice_key": "frt.s79.c2", "next": "s81", "requires_any_flags": ["truth_unlocked"] },
        { "choice_key": "frt.s79.c3", "next": "s78" }
      ]
    },
    "s80": {
      "image_id": "s80",
      "title_key": "frt.s80.title",
      "body_key": "frt.s80.body",
      "choices": [
        { "choice_key": "frt.s80.c1", "next": "end_good" },
        { "choice_key": "frt.s80.c2", "next": "end_bad" },
        {
          "choice_key": "frt.s80.c3",
          "next": "end_secret",
          "requires_all_flags": ["truth_unlocked", "met_operator", "has_frequency", "has_code", "has_tape", "made_recording", "opened_bunker"]
        }
      ]
    },
    "s81": {
      "image_id": "s81",
      "title_key": "frt.s81.title",
      "body_key": "frt.s81.body",
      "choices": [
        {
          "choice_key": "frt.s81.c1",
          "next": "end_secret",
          "requires_all_flags": ["truth_unlocked", "met_operator", "has_frequency", "has_code", "has_tape", "made_recording", "opened_bunker"]
        },
        { "choice_key": "frt.s81.c2", "next": "end_bad" },
        { "choice_key": "frt.s81.c3", "next": "s80" }
      ]
    },
    "end_good": {
      "image_id": "final_good",
      "title_key": "frt.end_good.title",
      "body_key": "frt.end_good.body",
      "choices": []
    },
    "end_bad": {
      "image_id": "final_bad",
      "title_key": "frt.end_bad.title",
      "body_key": "frt.end_bad.body",
      "choices": []
    },
    "end_secret": {
      "image_id": "final_secret",
      "title_key": "frt.end_secret.title",
      "body_key": "frt.end_secret.body",
      "choices": []
    }
  }
}