{
  "meta": {
    "scenario_id": "foret_relais",
    "language": "fr",
    "version": "1.0.0",
    "hint_ns": "frt.h",
    "generated": "2026-02-13"
  },
  "strings": {
    "frt.title": "La Forêt des Fréquences",
    "frt.tagline": "Les sentiers changent la nuit. Les panneaux te connaissent. Et le relais attend ta voix.",

    "frt.s01.title": "Le portique",
    "frt.s01.body": "Le bois du portique est humide, comme s’il venait d’être posé. La forêt avale la lumière derrière. Une odeur de métal froid flotte, hors saison.",
    "frt.s01.c1": "Entrer quand même",
    "frt.s01.c2": "Observer les bords du chemin",
    "frt.s01.c3": "Écouter avant d’avancer",
    "frt.h.s01.soft": "Le silence n’est pas vide : il a un rythme.",
    "frt.h.s01.strong": "Tu dois franchir le portique pour que la boucle commence vraiment.",

    "frt.s02.title": "Le poteau des directions",
    "frt.s02.body": "Des flèches partout. Une seule semble plus claire, moins humide, comme récente. Tu distingues juste assez pour comprendre qu’elle te vise, pas un lieu.",
    "frt.s02.c1": "Suivre la flèche la plus propre",
    "frt.s02.c2": "Choisir l’itinéraire “normal”",
    "frt.s02.c3": "Toucher la flèche du bout des doigts",
    "frt.h.s02.soft": "Les repères les plus “neufs” ne sont pas rassurants ici.",
    "frt.h.s02.strong": "Toucher/constater l’anomalie t’aide à comprendre que ton prénom est utilisé.",

    "frt.s03.title": "Le premier couloir d’arbres",
    "frt.s03.body": "Le sentier se rétrécit. Les branches forment presque un plafond. Ta respiration fait de la buée — et tu as l’impression qu’une autre buée répond, un mètre plus loin.",
    "frt.s03.c1": "Continuer sans t’arrêter",
    "frt.s03.c2": "Te retourner une seconde",
    "frt.s03.c3": "Ralentir et compter tes pas",
    "frt.h.s03.soft": "Plus tu regardes en arrière, plus l’arrière change.",
    "frt.h.s03.strong": "Avancer te mène vers la bifurcation et la progression principale.",

    "frt.s04.title": "Le panneau au prénom",
    "frt.s04.body": "Un petit panneau bricolé sur un piquet. Ton prénom, ou quelque chose de très proche, est là… mais les lettres semblent bouger dès que tu fixes. Comme une mise au point impossible.",
    "frt.s04.c1": "Faire comme si tu n’avais rien vu",
    "frt.s04.c2": "T’admettre que c’est pour toi",
    "frt.s04.c3": "Chercher d’autres panneaux",
    "frt.h.s04.soft": "L’endroit veut que tu te reconnaisses.",
    "frt.h.s04.strong": "Accepter l’idée te prépare à suivre la logique des indices plutôt que la logique des chemins.",

    "frt.s05.title": "La bifurcation",
    "frt.s05.body": "Deux sentiers. Même largeur. Même boue. Pourtant, l’un “sonne” plus creux sous tes pas, comme si la terre était vide dessous.",
    "frt.s05.c1": "Prendre le sentier gauche",
    "frt.s05.c2": "Prendre le sentier droit",
    "frt.s05.c3": "Rester au centre et observer",
    "frt.h.s05.soft": "Le sol te parle plus honnêtement que les panneaux.",
    "frt.h.s05.strong": "Observer au centre mène aux premiers vrais repères (carte / rythme / boucles).",

    "frt.s06.title": "Le ruban",
    "frt.s06.body": "Un ruban clair est noué autour d’un tronc. Il bouge sans vent. Quand tu approches, il s’immobilise, comme s’il faisait semblant.",
    "frt.s06.c1": "Détacher le ruban",
    "frt.s06.c2": "Le laisser, mais mémoriser l’arbre",
    "frt.s06.c3": "Revenir à la bifurcation",
    "frt.h.s06.soft": "Les repères “humains” ici semblent timides.",
    "frt.h.s06.strong": "Le ruban sert plus tard à stabiliser un passage (chemins qui bougent).",

    "frt.s07.title": "Le cercle de pierres",
    "frt.s07.body": "Un cercle de pierres moussues. Le centre est plus sombre que l’ombre. Ta lampe (ou ton téléphone) paraît s’y fatiguer.",
    "frt.s07.c1": "T’approcher du centre",
    "frt.s07.c2": "Contourner prudemment",
    "frt.s07.c3": "Revenir vers la bifurcation",
    "frt.h.s07.soft": "Certains endroits ne veulent pas être éclairés.",
    "frt.h.s07.strong": "Le cercle sert de point de “reset” : tu peux y repérer les changements.",

    "frt.s08.title": "La marche qui se répète",
    "frt.s08.body": "Tu avances… et tu reconnais la même racine, le même caillou, la même trace. Pas au même endroit : au même instant. Comme une boucle courte.",
    "frt.s08.c1": "Forcer la boucle en accélérant",
    "frt.s08.c2": "Chercher un détail différent",
    "frt.s08.c3": "Retourner vers le poteau des directions",
    "frt.h.s08.soft": "Le temps n’est pas linéaire ici, il est plié.",
    "frt.h.s08.strong": "Chercher un détail mène au premier outil utile (boussole / carte).",

    "frt.s09.title": "Les flèches changées",
    "frt.s09.body": "Le poteau est là… mais les flèches ne pointent plus pareil. Et le panneau au prénom, lui, semble t’attendre déjà, comme s’il avait avancé avant toi.",
    "frt.s09.c1": "Suivre la nouvelle direction",
    "frt.s09.c2": "Retourner au centre de la bifurcation",
    "frt.s09.c3": "Revenir au panneau du prénom",
    "frt.h.s09.soft": "Les objets tiennent mieux la mémoire que les sentiers.",
    "frt.h.s09.strong": "Revenir au prénom renforce l’axe “tu es attendu” et débloque des scènes d’indice.",

    "frt.s10.title": "La carte humide",
    "frt.s10.body": "Une carte sur une souche. Elle est humide, comme posée il y a une minute. Les lignes semblent se décaler doucement, à la cadence d’un souffle.",
    "frt.s10.c1": "Prendre la carte",
    "frt.s10.c2": "Comparer carte et terrain",
    "frt.s10.c3": "Revenir à la bifurcation",
    "frt.h.s10.soft": "La carte n’est pas perdue : elle est laissée.",
    "frt.h.s10.strong": "Prendre la carte aide à éviter les faux retours et ouvre des chemins plus “logiques”.",

    "frt.s11.title": "Le ruban qui refuse",
    "frt.s11.body": "Le ruban te colle aux doigts une fraction de seconde. Pas comme de la colle : comme une réticence. Tu sens une petite résistance, presque un choix.",
    "frt.s11.c1": "Suivre l’arbre marqué",
    "frt.s11.c2": "T’éloigner sans regarder",
    "frt.s11.c3": "Revenir au ruban",
    "frt.h.s11.soft": "Même un repère peut te “tester”.",
    "frt.h.s11.strong": "L’arbre marqué mène vers une scène de présence (reflet / opérateur).",

    "frt.s12.title": "La pression des branches",
    "frt.s12.body": "Les branches sont plus basses. Tu dois te pencher. Ta nuque chauffe comme si quelqu’un respirait tout près, juste hors champ.",
    "frt.s12.c1": "Avancer malgré tout",
    "frt.s12.c2": "Chercher un endroit plus ouvert",
    "frt.s12.c3": "Revenir en arrière",
    "frt.h.s12.soft": "Plus c’est étroit, plus c’est “dirigé”.",
    "frt.h.s12.strong": "Les zones ouvertes donnent souvent des indices (tour au loin, sons).",

    "frt.s13.title": "Le tronc tombé",
    "frt.s13.body": "Un tronc barre le chemin. Le dessous est assez haut pour ramper. Sauf que l’espace paraît plus sombre que la nuit autour, comme un trou dans l’image.",
    "frt.s13.c1": "Passer dessous",
    "frt.s13.c2": "Escalader le tronc",
    "frt.s13.c3": "Reculer vers le cercle de pierres",
    "frt.h.s13.soft": "Les raccourcis ont un goût de piège.",
    "frt.h.s13.strong": "Passer dessous mène plus vite vers le relais, mais augmente le risque de fin mauvaise.",

    "frt.s14.title": "L’aiguille instable",
    "frt.s14.body": "Une boussole traîne dans la boue, comme oubliée. L’aiguille tremble. Elle ne cherche pas le nord : elle cherche un endroit.",
    "frt.s14.c1": "Prendre la boussole",
    "frt.s14.c2": "Suivre l’aiguille sans la prendre",
    "frt.s14.c3": "Revenir sur tes pas",
    "frt.h.s14.soft": "Ici, les outils sont des invitations.",
    "frt.h.s14.strong": "La boussole aide à confirmer la tour et réduit les boucles inutiles.",

    "frt.s15.title": "Deux fois ton prénom",
    "frt.s15.body": "Un second panneau. Ton prénom encore. Cette fois, il est… plus court. Comme si quelqu’un l’avait appris et l’abrégeait.",
    "frt.s15.c1": "Admettre que la forêt “t’appelle”",
    "frt.s15.c2": "Retourner à la bifurcation",
    "frt.s15.c3": "Suivre la direction indiquée",
    "frt.h.s15.soft": "Plus tu restes, plus le lieu devient familier.",
    "frt.h.s15.strong": "Suivre la direction te mène vers la cabane (notes, cassette).",

    "frt.s16.title": "Lignes qui glissent",
    "frt.s16.body": "Sur la carte, les chemins bougent très lentement, comme des serpents sous papier. Une ligne semble “s’aligner” quand tu retiens ta respiration.",
    "frt.s16.c1": "Tester ton souffle pour figer la carte",
    "frt.s16.c2": "Chercher un symbole (tour, clôture)",
    "frt.s16.c3": "Revenir en arrière",
    "frt.h.s16.soft": "Ton corps influence la lecture.",
    "frt.h.s16.strong": "Repérer un symbole te donne une direction stable vers le relais.",

    "frt.s17.title": "Le centre froid",
    "frt.s17.body": "Au bord du cercle de pierres, tu entends un petit souffle, très mécanique. Comme un haut-parleur loin, planqué sous la terre.",
    "frt.s17.c1": "Coller l’oreille au sol",
    "frt.s17.c2": "T’éloigner vite",
    "frt.s17.c3": "Retourner à la carte",
    "frt.h.s17.soft": "Le son n’est pas “naturel”.",
    "frt.h.s17.strong": "Le cercle est un point d’écoute : tu peux y capter la fréquence plus tard.",

    "frt.s18.title": "Le reflet en retard",
    "frt.s18.body": "Dans une flaque, ton reflet cligne des yeux une demi-seconde trop tard. Tu te redresses. Une surface noire entre deux arbres renvoie la même chose : un retard.",
    "frt.s18.c1": "Approcher la surface noire",
    "frt.s18.c2": "Revenir au ruban",
    "frt.s18.c3": "Avancer sans te retourner",
    "frt.h.s18.soft": "Le lieu se synchronise sur toi… et n’y arrive pas tout de suite.",
    "frt.h.s18.strong": "La présence (l’Opérateur) est annoncée par ces retards.",

    "frt.s19.title": "Lumière rouge au loin",
    "frt.s19.body": "Entre les arbres, une lumière rouge faible. Elle clignote lentement, régulière. Pas une maison. Pas une voiture. Une balise.",
    "frt.s19.c1": "Aller vers la lumière",
    "frt.s19.c2": "Rester sur le sentier",
    "frt.s19.c3": "Revenir à l’endroit étroit",
    "frt.h.s19.soft": "Le clignotement ressemble à un battement.",
    "frt.h.s19.strong": "La lumière rouge = relais radio. C’est l’objectif central.",

    "frt.s20.title": "Tu n’es jamais au même endroit",
    "frt.s20.body": "Tu reviens à une bifurcation… mais ce n’est pas la même. Les arbres ont la même forme, les pierres la même mousse, et pourtant l’air est différent, plus sec.",
    "frt.s20.c1": "Suivre le souvenir de la tour",
    "frt.s20.c2": "Chercher un panneau au prénom",
    "frt.s20.c3": "Reprendre la piste “normale”",
    "frt.h.s20.soft": "La forêt copie, elle ne conserve pas.",
    "frt.h.s20.strong": "Suivre la tour mène à l’entrée du site du relais.",

    "frt.s21.title": "Sous le tronc",
    "frt.s21.body": "Sous le tronc, l’air est plus froid. Tu rampes. Une seconde, tu sens une main sur ta cheville. Quand tu te retournes, il n’y a que l’écorce.",
    "frt.s21.c1": "Continuer jusqu’à l’autre côté",
    "frt.s21.c2": "Reculer tout de suite",
    "frt.s21.c3": "Fermer les yeux et avancer",
    "frt.h.s21.soft": "Le contact est peut-être une illusion… mais ton corps y croit.",
    "frt.h.s21.strong": "Ce passage accélère vers des scènes de danger (alarme rouge).",

    "frt.s22.title": "Nord absent",
    "frt.s22.body": "La boussole tourne, puis pointe net… vers la même direction que la lumière rouge. Ça ressemble à une décision plutôt qu’à une mesure.",
    "frt.s22.c1": "Suivre la boussole",
    "frt.s22.c2": "Vérifier avec la carte",
    "frt.s22.c3": "Revenir au point de départ",
    "frt.h.s22.soft": "Quand un outil “choisit”, il faut se méfier.",
    "frt.h.s22.strong": "Boussole + carte = progression fiable vers le relais.",

    "frt.s23.title": "La cabane",
    "frt.s23.body": "Une cabane se dessine. Trop intacte pour être abandonnée. La fenêtre est noire, mais tu as la sensation qu’elle regarde. La porte grince… avant même que tu la touches.",
    "frt.s23.c1": "Entrer",
    "frt.s23.c2": "Faire le tour de la cabane",
    "frt.s23.c3": "Revenir vers les sentiers",
    "frt.h.s23.soft": "La cabane “t’attend” comme un chapitre.",
    "frt.h.s23.strong": "À l’intérieur: note + cassette possibles (preuves / progression).",

    "frt.s24.title": "Terrain vs carte",
    "frt.s24.body": "Sur la carte, un tracé mène à une clôture. Sur le terrain, tu vois… une absence. Comme si la forêt refusait de te montrer la ligne droite.",
    "frt.s24.c1": "Utiliser boussole et carte ensemble",
    "frt.s24.c2": "Suivre seulement l’instinct",
    "frt.s24.c3": "Retourner à la bifurcation",
    "frt.h.s24.soft": "L’instinct ici peut être injecté.",
    "frt.h.s24.strong": "Boussole requise pour “forcer” un chemin stable.",

    "frt.s25.title": "Le souffle métallique",
    "frt.s25.body": "Un grésillement léger dans l’air, comme si un haut-parleur caché cherchait une station. Puis, très bas, une voix coupe: « …présente-toi… »",
    "frt.s25.c1": "Tenter d’écouter la phrase entière",
    "frt.s25.c2": "Partir avant d’entendre ton nom",
    "frt.s25.c3": "Retourner au panneau au prénom",
    "frt.h.s25.soft": "Le son n’est pas dans l’air : il est dans toi.",
    "frt.h.s25.strong": "Écouter te donne la piste de la fréquence (flag de broadcast).",

    "frt.s26.title": "La pierre déplacée",
    "frt.s26.body": "Dans le cercle, une pierre est fraîchement retournée. Elle est plus sombre dessous, comme si elle avait été posée il y a peu. Un détail que la forêt n’a pas “vieilli”.",
    "frt.s26.c1": "Soulever la pierre",
    "frt.s26.c2": "Reculer et noter l’emplacement",
    "frt.s26.c3": "Revenir sur le sentier",
    "frt.h.s26.soft": "Les choses retournées sont des messages.",
    "frt.h.s26.strong": "Le cercle sert à capter la fréquence plus tard (réglage / écoute).",

    "frt.s27.title": "La surface noire",
    "frt.s27.body": "Ce n’est pas un miroir. C’est une vitre sans cadre, suspendue entre deux troncs. Elle te renvoie… un couloir de béton. Et ta silhouette dedans, comme si tu étais déjà ailleurs.",
    "frt.s27.c1": "Tendre la main vers la vitre",
    "frt.s27.c2": "Reculer sans te retourner",
    "frt.s27.c3": "Revenir au sentier",
    "frt.h.s27.soft": "Le relais n’est pas seulement un lieu : c’est un état.",
    "frt.h.s27.strong": "Cette scène annonce l’Opérateur et le bunker.",

    "frt.s28.title": "Le relais entre les arbres",
    "frt.s28.body": "La tour est plus proche. Le clignotement rouge te donne la nausée, comme un métronome trop lent. Tu sens un grillage avant même de le voir.",
    "frt.s28.c1": "Aller droit sur la clôture",
    "frt.s28.c2": "Contourner par la droite",
    "frt.s28.c3": "Revenir vers la forêt (mauvaise idée)",
    "frt.h.s28.soft": "Quand tu t’éloignes, la forêt te “recadre”.",
    "frt.h.s28.strong": "La clôture est le prochain hub (entrée, bunker, yard).",

    "frt.s29.title": "Le sentier qui se déplie",
    "frt.s29.body": "Le chemin s’élargit soudain comme un ruban tiré d’un tiroir. Tu comprends que tu n’es pas en train de marcher : tu es en train d’être placé.",
    "frt.s29.c1": "Suivre la nouvelle largeur",
    "frt.s29.c2": "Revenir au choix précédent",
    "frt.s29.c3": "Chercher un panneau de confirmation",
    "frt.h.s29.soft": "Le confort est suspect.",
    "frt.h.s29.strong": "Les panneaux “confirment” rarement : ils dirigent vers piège ou cabane.",

    "frt.s30.title": "Le panneau “pour toi”",
    "frt.s30.body": "Une flèche unique. Ton prénom (flou) dessous. Et un mot que tu lis trop bien: « ATTENDU ». Le bois est sec, comme s’il venait d’être coupé.",
    "frt.s30.c1": "Suivre la flèche ATTENDU",
    "frt.s30.c2": "Toucher le bois (sec)",
    "frt.s30.c3": "Revenir à la bifurcation",
    "frt.h.s30.soft": "Le bois sec dans une forêt humide est une rupture.",
    "frt.h.s30.strong": "La flèche ATTENDU mène à la cabane et aux preuves.",

    "frt.s31.title": "Cabane, version 2",
    "frt.s31.body": "La cabane est là… mais pas au même angle. La chaîne n’est pas la même. Pourtant, la fenêtre noire est identique. Comme si seule la façade changeait.",
    "frt.s31.c1": "Entrer",
    "frt.s31.c2": "Regarder par la fenêtre",
    "frt.s31.c3": "Revenir sous le tronc",
    "frt.h.s31.soft": "Tu visites une copie qui se corrige en temps réel.",
    "frt.h.s31.strong": "À l’intérieur, tu peux obtenir note / cassette, crucial pour la bonne/secret.",

    "frt.s32.title": "Le chemin trop calme",
    "frt.s32.body": "Plus de bruit d’insectes. Plus de vent. Juste tes pas. Puis un bruit minuscule de “clic”, comme un bouton qu’on effleure.",
    "frt.s32.c1": "Suivre le clic",
    "frt.s32.c2": "Revenir en arrière",
    "frt.s32.c3": "Retourner sous le tronc",
    "frt.h.s32.soft": "Le clic n’est pas naturel : c’est une interface.",
    "frt.h.s32.strong": "Le clic mène à une scène de haut-parleur (broadcast).",

    "frt.s33.title": "Aiguille alignée",
    "frt.s33.body": "La boussole se calme. L’aiguille cesse de trembler et pointe net. Tu sens que si tu ne suis pas maintenant, elle recommencera à mentir.",
    "frt.s33.c1": "Suivre l’aiguille vers la tour",
    "frt.s33.c2": "Couper par un sentier secondaire",
    "frt.s33.c3": "Revenir au point précédent",
    "frt.h.s33.soft": "La stabilité est une fenêtre courte.",
    "frt.h.s33.strong": "Quand la boussole est stable: aller au relais.",

    "frt.s34.title": "Table et carnet",
    "frt.s34.body": "À l’intérieur, une table. Un carnet ouvert. Une phrase au crayon: « SI TU LIS, C’EST QUE TU AS ENTENDU. » Les pages sont légèrement collantes.",
    "frt.s34.c1": "Lire les pages récentes",
    "frt.s34.c2": "Chercher un objet (cassette, clé)",
    "frt.s34.c3": "Sortir, trop vite",
    "frt.h.s34.soft": "Le carnet te décrit sans t’insulter : comme un protocole.",
    "frt.h.s34.strong": "Le carnet contient un CODE si tu as la fréquence, et mène à la voie secrète.",

    "frt.s35.title": "Autour de la cabane",
    "frt.s35.body": "Derrière la cabane, un petit monticule, comme un enterré. La terre est plus sombre. Et une odeur de plastique ancien te frôle.",
    "frt.s35.c1": "Creuser un peu à la main",
    "frt.s35.c2": "Revenir à l’intérieur",
    "frt.s35.c3": "S’éloigner (tu n’y arrives pas tout à fait)",
    "frt.h.s35.soft": "L’odeur de plastique dans une forêt est un indice de technologie.",
    "frt.h.s35.strong": "Le monticule annonce le bunker et les objets ‘tech’ (clé / enregistrement).",

    "frt.s36.title": "Chemin stabilisé",
    "frt.s36.body": "Pour la première fois, tu marches dix secondes sans sentir le sol changer. C’est presque un soulagement — et c’est ce qui te fait peur.",
    "frt.s36.c1": "Suivre ce rare “stable”",
    "frt.s36.c2": "Revenir sur tes pas",
    "frt.s36.c3": "Relire la carte",
    "frt.h.s36.soft": "Le soulagement peut être un appât.",
    "frt.h.s36.strong": "Les segments stables te rapprochent du relais sans boucle.",

    "frt.s37.title": "Le ruban n’était pas seul",
    "frt.s37.body": "Tu trouves un second ruban… puis un troisième. Ils ne marquent pas un chemin : ils marquent un rythme. Comme des balises sonores, mais visuelles.",
    "frt.s37.c1": "Suivre le rythme des rubans",
    "frt.s37.c2": "Ignorer et revenir au sentier",
    "frt.s37.c3": "Revenir au premier ruban",
    "frt.h.s37.soft": "La forêt te donne une méthode, pas une direction.",
    "frt.h.s37.strong": "Avec un ruban, tu peux créer une ‘stabilisation’ plus tard.",

    "frt.s38.title": "Phrase complète",
    "frt.s38.body": "La voix revient, plus nette : « Présente-toi sur la fréquence. Ne coupe pas. » Puis, très bas, une suite de chiffres, comme une station.",
    "frt.s38.c1": "Mémoriser les chiffres (fréquence)",
    "frt.s38.c2": "Faire semblant de ne pas avoir entendu",
    "frt.s38.c3": "Suivre la voix au lieu des chiffres",
    "frt.h.s38.soft": "Le lieu préfère une consigne à une explication.",
    "frt.h.s38.strong": "La fréquence est une clé logique pour le relais et la sortie.",

    "frt.s39.title": "Retour sans retour",
    "frt.s39.body": "Tu essayes de revenir — et tu reviens… mais pas au même endroit. Un panneau nouveau est apparu, comme posé pendant que tu clignais des yeux.",
    "frt.s39.c1": "Aller quand même vers la clôture",
    "frt.s39.c2": "Revenir à la bifurcation",
    "frt.s39.c3": "Lire le panneau apparu",
    "frt.h.s39.soft": "La forêt réécrit les transitions.",
    "frt.h.s39.strong": "Lire les panneaux peut t’amener à une alarme (danger) ou à un raccourci (risqué).",

    "frt.s40.title": "Un fil sous la mousse",
    "frt.s40.body": "Au centre du cercle, tu repères un fil très fin qui disparaît sous la mousse. Il vibre par à-coups, comme sous impulsion.",
    "frt.s40.c1": "Suivre le fil (même s’il n’existe pas)",
    "frt.s40.c2": "Revenir en arrière",
    "frt.s40.c3": "Quitter le cercle",
    "frt.h.s40.soft": "La technologie se cache sous la nature, pas dedans.",
    "frt.h.s40.strong": "Le fil = lien vers relais/bunker (indice de structure).",

    "frt.s41.title": "La réponse",
    "frt.s41.body": "Tu murmures quelque chose, presque rien. Et la forêt répond par un grésillement qui ressemble à ton souffle, mais mieux rythmé. Comme si on l’avait enregistré.",
    "frt.s41.c1": "Prononcer la fréquence",
    "frt.s41.c2": "Te taire et écouter",
    "frt.s41.c3": "Reculer vers la vitre noire",
    "frt.h.s41.soft": "Le silence est aussi un signal.",
    "frt.h.s41.strong": "Prononcer la fréquence déclenche la présence de l’Opérateur.",

    "frt.s42.title": "Clôture et portail",
    "frt.s42.body": "Le grillage est là. Une pancarte illisible, trop vieille. Le portail n’est ni ouvert ni fermé : il est “en attente”, comme si une main allait décider.",
    "frt.s42.c1": "Passer à l’intérieur",
    "frt.s42.c2": "Chercher une caméra ou un capteur",
    "frt.s42.c3": "Reculer vers la forêt",
    "frt.h.s42.soft": "Le lieu industriel est plus honnête : il ne fait pas semblant d’être naturel.",
    "frt.h.s42.strong": "Entrer = hub du relais (yard, bunker, clé).",

    "frt.s43.title": "La cour du relais",
    "frt.s43.body": "Herbes hautes, câbles au sol, un petit bâtiment annexe. Tu entends un bourdonnement très faible, comme une machine qui ne dort jamais.",
    "frt.s43.c1": "Suivre les câbles",
    "frt.s43.c2": "Explorer le petit bâtiment",
    "frt.s43.c3": "Retourner à la clôture",
    "frt.h.s43.soft": "Le bourdonnement ressemble à un cœur artificiel.",
    "frt.h.s43.strong": "Suivre les câbles aide à localiser le bunker et la table micro.",

    "frt.s44.title": "Ruban déplacé",
    "frt.s44.body": "Tu retrouves un ruban… mais il est sur un autre arbre. Soit quelqu’un l’a déplacé, soit le décor s’est déplacé autour. Les deux te donnent la même nausée.",
    "frt.s44.c1": "Utiliser le ruban comme ancre",
    "frt.s44.c2": "Ignorer et marcher",
    "frt.s44.c3": "Revenir au panneau “ATTENDU”",
    "frt.h.s44.soft": "Les repères bougent quand personne ne les regarde.",
    "frt.h.s44.strong": "Le ruban permet plus tard de ‘stabiliser’ un passage (flag).",

    "frt.s45.title": "ATTENDU, encore",
    "frt.s45.body": "Le même mot. Ton prénom, flou. Cette fois, un petit symbole en plus : un cercle barré, comme un haut-parleur muté. Ça te donne envie de parler.",
    "frt.s45.c1": "Suivre la direction ATTENDU",
    "frt.s45.c2": "Revenir à la bifurcation",
    "frt.s45.c3": "Chercher d’où vient le grésillement",
    "frt.h.s45.soft": "Le symbole te manipule par suggestion.",
    "frt.h.s45.strong": "Suivre ATTENDU mène au relais via la méthode (fréquence, note).",

    "frt.s46.title": "Le carnet insiste",
    "frt.s46.body": "Une page collée au carnet par l’humidité. Quand tu la sépares, des chiffres apparaissent dessous, comme imprimés par pression. Pas de hasard : un code.",
    "frt.s46.c1": "Garder le code en tête",
    "frt.s46.c2": "Chercher la cassette",
    "frt.s46.c3": "Sortir",
    "frt.h.s46.soft": "Les pages donnent des informations seulement si tu fais le geste.",
    "frt.h.s46.strong": "Le code sert plus tard dans la salle de commande (voie secrète).",

    "frt.s47.title": "Le clic répété",
    "frt.s47.body": "Le clic revient. Puis un second. Un rythme simple, comme un bouton poussoir. Tu comprends que tu pourrais répondre en tapant du pied.",
    "frt.s47.c1": "Répondre au rythme",
    "frt.s47.c2": "Fuir le bruit",
    "frt.s47.c3": "Revenir en arrière",
    "frt.h.s47.soft": "Tu es en train d’interagir avec quelque chose.",
    "frt.h.s47.strong": "Répondre mène au haut-parleur (broadcast).",

    "frt.s48.title": "Lignes et chiffres",
    "frt.s48.body": "Le carnet n’est pas un journal : c’est un guide. Il relie la carte à la fréquence. Il décrit une “stabilisation” avec un ruban et un souffle.",
    "frt.s48.c1": "Croiser carnet + fréquence",
    "frt.s48.c2": "Se contenter de la carte",
    "frt.s48.c3": "Relire depuis le début",
    "frt.h.s48.soft": "Quelqu’un a écrit pour quelqu’un qui viendrait après.",
    "frt.h.s48.strong": "Carnet + fréquence peut donner un code (voie secrète).",

    "frt.s49.title": "Micro et cassette",
    "frt.s49.body": "Sous un chiffon, un petit magnétophone et une cassette. Le bouton REC est légèrement enfoncé, comme si on l’avait pressé… puis laissé là.",
    "frt.s49.c1": "Prendre la cassette",
    "frt.s49.c2": "Revenir au carnet",
    "frt.s49.c3": "Sortir de la cabane",
    "frt.h.s49.soft": "Le REC enfoncé te donne l’impression d’être déjà enregistré.",
    "frt.h.s49.strong": "La cassette est une preuve utile pour la bonne fin et requise pour la secrète.",

    "frt.s50.title": "La vitre t’observe",
    "frt.s50.body": "La vitre noire est revenue. Cette fois, tu n’y vois pas le couloir : tu y vois la tour. Et, dans le reflet, une silhouette derrière toi qui n’a pas de détails.",
    "frt.s50.c1": "Retourner d’un coup",
    "frt.s50.c2": "Utiliser la carte pour confirmer l’angle",
    "frt.s50.c3": "T’approcher de la vitre",
    "frt.h.s50.soft": "La présence refuse la netteté.",
    "frt.h.s50.strong": "La carte permet d’éviter de se faire “replacer” dans une boucle.",

    "frt.s51.title": "Tour: confirmation",
    "frt.s51.body": "La lumière rouge est plus forte. Elle découpe les arbres comme des barreaux. Tu sens le grillage dans ta bouche, goût métallique, sans l’avoir touché.",
    "frt.s51.c1": "Aller vers la clôture",
    "frt.s51.c2": "Rester dans le bois",
    "frt.s51.c3": "Revenir vers la carte",
    "frt.h.s51.soft": "Plus tu approches, plus tu te sens ‘mesuré’.",
    "frt.h.s51.strong": "Tu dois atteindre la clôture pour accéder au bunker et à la fin bonne.",

    "frt.s52.title": "Stabiliser",
    "frt.s52.body": "Tu noues un ruban à un angle précis, comme le carnet le suggère. L’air change. Le sentier, pendant deux secondes, arrête de bouger. Un instant de vérité.",
    "frt.s52.c1": "Profiter de l’instant et avancer",
    "frt.s52.c2": "Revenir au ruban",
    "frt.s52.c3": "Reculer (par peur)",
    "frt.h.s52.soft": "La forêt déteste quand tu la rends prévisible.",
    "frt.h.s52.strong": "La stabilisation est un prérequis possible pour une sortie bonne.",

    "frt.s53.title": "Tu as la station",
    "frt.s53.body": "Les chiffres tournent dans ta tête comme une chanson simple. Tu les murmures — et le grésillement diminue, comme si tu avais donné le bon mot de passe.",
    "frt.s53.c1": "Suivre le silence nouveau",
    "frt.s53.c2": "Rester et écouter une seconde phrase",
    "frt.s53.c3": "Répondre à voix haute",
    "frt.h.s53.soft": "Le silence peut être une validation.",
    "frt.h.s53.strong": "Fréquence + code/cassette = voie secrète à terme.",

    "frt.s54.title": "Panneau “RAPIDE”",
    "frt.s54.body": "Un panneau apparaît : « RAPIDE ». Ton prénom dessous, flou. L’odeur de métal revient. Tu comprends: un chemin te promet de gagner du temps.",
    "frt.s54.c1": "Ignorer le panneau",
    "frt.s54.c2": "Suivre RAPIDE (risqué)",
    "frt.s54.c3": "Chercher un autre repère",
    "frt.h.s54.soft": "Le lieu te propose une tentation.",
    "frt.h.s54.strong": "Le chemin RAPIDE mène vers l’alarme rouge et la mauvaise fin.",

    "frt.s55.title": "Ton prénom en petit",
    "frt.s55.body": "Ton prénom est écrit plus petit, plus discret. Comme une habitude. Ça te glace : la forêt ne crie plus. Elle chuchote, sûre d’elle.",
    "frt.s55.c1": "Continuer vers la tour",
    "frt.s55.c2": "T’approcher du haut-parleur invisible",
    "frt.s55.c3": "Revenir à la bifurcation",
    "frt.h.s55.soft": "Quand ça devient discret, c’est que c’est installé.",
    "frt.h.s55.strong": "Si tu as entendu le broadcast, tu peux ‘suivre’ une voix jusqu’au relais.",

    "frt.s56.title": "Le fil existe",
    "frt.s56.body": "Tu suis le fil sous la mousse. Il mène vers… rien. Puis, d’un coup, vers un endroit que tu n’avais jamais vu : un passage entre deux arbres, parfaitement rectiligne.",
    "frt.s56.c1": "Prendre le passage rectiligne",
    "frt.s56.c2": "Revenir au cercle",
    "frt.s56.c3": "Revenir au sentier",
    "frt.h.s56.soft": "La ligne droite est un aveu.",
    "frt.h.s56.strong": "Avec la fréquence, ce passage te rapproche du relais de façon fiable.",

    "frt.s57.title": "L’Opérateur",
    "frt.s57.body": "Une sensation de présence, comme quelqu’un à côté. Pas hostile. Professionnelle. Tu entends une respiration qui ne vient pas de toi, et un mot: « Procédure. »",
    "frt.s57.c1": "Demander ce qu’on attend de toi",
    "frt.s57.c2": "T’arracher à l’endroit",
    "frt.s57.c3": "Revenir au grésillement",
    "frt.h.s57.soft": "La présence agit comme un employé, pas comme un monstre.",
    "frt.h.s57.strong": "L’Opérateur est le pivot de la fin secrète.",

    "frt.s58.title": "L’endroit qui veut que tu restes",
    "frt.s58.body": "Tu te sens retenu par l’air, comme une main sans main. Le sol n’est pas collant, mais ton corps hésite à partir. Et tu comprends: c’est ça qu’ils veulent.",
    "frt.s58.c1": "Résister et revenir vers la présence",
    "frt.s58.c2": "Revenir au sentier",
    "frt.s58.c3": "Suivre le silence complet",
    "frt.h.s58.soft": "La rétention est mentale, pas physique.",
    "frt.h.s58.strong": "Le silence complet est un piège vers la mauvaise fin.",

    "frt.s59.title": "À l’intérieur",
    "frt.s59.body": "Tu passes le portail. L’air change : moins d’humus, plus de poussière sèche. Un câble traverse la cour, comme une veine à ciel ouvert.",
    "frt.s59.c1": "Suivre le câble",
    "frt.s59.c2": "Explorer le petit bâtiment",
    "frt.s59.c3": "Retourner au portail",
    "frt.h.s59.soft": "Le site a l’air abandonné, mais il est entretenu par quelque chose.",
    "frt.h.s59.strong": "Le câble mène au bunker ou à une table micro (indices, clé).",

    "frt.s60.title": "La porte de bunker",
    "frt.s60.body": "Une porte métallique semi-enterrée. La poignée est froide, trop froide. Un symbole effacé ressemble à une oreille barrée. Tu sens qu’il manque une clé… ou une autorisation.",
    "frt.s60.c1": "Tenter d’ouvrir (si tu as une clé)",
    "frt.s60.c2": "Chercher un boîtier autour",
    "frt.s60.c3": "Revenir dans la cour",
    "frt.h.s60.soft": "Le bunker n’est pas fermé : il est ‘réservé’.",
    "frt.h.s60.strong": "Il faut une clé de bunker (à obtenir sur le site).",

    "frt.s61.title": "Le grillage te suit",
  "frt.s61.body": "En longeant la clôture, tu as l’impression que le maillage se déplace avec toi. Pas visiblement. Plutôt comme une correction subtile : la bonne distance, le bon angle, la bonne trajectoire. Un panneau est riveté de travers, et pourtant il te fixe droit.",
  "frt.s61.c1": "Rejoindre la cour (à l’intérieur)",
  "frt.s61.c2": "Revenir sur tes pas",
  "frt.s61.c3": "Retourner vers l’entrée (portail)",
  "frt.h.s61.soft": "Plus tu longes, plus le site semble te “garder” dans un couloir.",
  "frt.h.s61.strong": "La clé du bunker se trouve sur le site : il faut explorer la cour et la table micro.",

  "frt.s62.title": "La table micro",
  "frt.s62.body": "Sous un auvent effondré, une table improvisée. Un micro, une lampe, des feuilles froissées. La poussière est ancienne… sauf au centre, comme essuyée par une paume récente. Sur une feuille, un mot : « AUTORISATION ». Et un petit objet métallique coincé sous le pied.",
  "frt.s62.c1": "Prendre le petit objet (clé)",
  "frt.s62.c2": "Revenir vers la porte du bunker",
  "frt.s62.c3": "Retourner dans la cour",
  "frt.h.s62.soft": "Les objets “utilisés” ne sont pas les plus propres : ce sont les plus nets.",
  "frt.h.s62.strong": "La clé de bunker est ici : sans elle, tu tournes autour de la porte.",

  "frt.s63.title": "Étiquettes et procédures",
  "frt.s63.body": "Le micro est relié à un petit boîtier couvert d’étiquettes : fréquences, canaux, horaires. Certaines lignes sont raturées, comme si quelqu’un avait changé le protocole en cours de route. Une note indique : « NE PAS COUPER ». Et une clé, scotchée derrière, attend comme un oubli volontaire.",
  "frt.s63.c1": "Récupérer la clé et la garder",
  "frt.s63.c2": "Retourner à la cabane (cassette / carnet)",
  "frt.s63.c3": "Revenir près du bunker",
  "frt.h.s63.soft": "Tout a l’air administratif, et c’est ce qui rend ça pire.",
  "frt.h.s63.strong": "La clé débloque la porte du bunker, passage direct vers les fins.",

  "frt.s64.title": "Le haut-parleur invisible",
  "frt.s64.body": "Le grésillement vient de nulle part, puis de partout. Comme si la forêt elle-même était un haut-parleur. La voix coupe, nette, sans émotion : « Identifie-toi. » Une seconde voix, en écho, répète… avec un léger retard, comme un enregistrement.",
  "frt.s64.c1": "Écouter jusqu’au bout, quoi qu’il arrive",
  "frt.s64.c2": "Reculer avant d’entendre ton nom",
  "frt.s64.c3": "Revenir au chemin trop calme",
  "frt.h.s64.soft": "Le retard est une signature : quelque chose “rejoue” le réel.",
  "frt.h.s64.strong": "Écouter déclenche le flag broadcast, utile pour la fréquence.",

  "frt.s65.title": "Le code sous la page",
  "frt.s65.body": "Tu reprends le carnet. Une page collée par l’humidité se déchire presque toute seule, comme si elle voulait être ouverte. Dessous : des chiffres, mais pas une fréquence. Un code court, précis, écrit comme une consigne de maintenance. Ça ressemble à une porte qui attend sa combinaison.",
  "frt.s65.c1": "Mémoriser le code (et le garder pour le relais)",
  "frt.s65.c2": "Ranger le carnet et respirer",
  "frt.s65.c3": "Revenir à l’entrée de la cabane",
  "frt.h.s65.soft": "Les informations apparaissent quand tu fais le geste exact.",
  "frt.h.s65.strong": "Le code est une pièce de la voie secrète (console / salle de commande).",

  "frt.s66.title": "La carte te trompe moins",
  "frt.s66.body": "La carte bouge encore, mais plus lentement. Comme si elle acceptait une partie de ta présence. Les lignes cessent de “glisser” dès que tu fixes un point au loin. Un symbole de clôture se stabilise, et tu comprends que tu peux forcer la logique si tu t’y tiens.",
  "frt.s66.c1": "Revenir vers les segments stables",
  "frt.s66.c2": "Aller au centre des chemins (bifurcation)",
  "frt.s66.c3": "Retourner au point où tu as trouvé la carte",
  "frt.h.s66.soft": "La carte ne guide pas : elle teste ta manière de lire.",
  "frt.h.s66.strong": "La carte est un filet anti-boucle : elle réduit les retours inutiles.",

  "frt.s67.title": "La cassette te choisit",
  "frt.s67.body": "La cassette est lourde, plus que prévu. En la tenant, tu entends un souffle blanc à peine audible, comme si elle jouait déjà. Le bouton REC te démange. Tu sens que tu pourrais enregistrer quelque chose… ou être enregistré à ta place.",
  "frt.s67.c1": "Revenir au grésillement (pour comprendre la fréquence)",
  "frt.s67.c2": "Aller au relais avec la cassette",
  "frt.s67.c3": "Revenir au carnet (chercher un lien)",
  "frt.h.s67.soft": "Une preuve n’est pas une preuve si elle te transforme.",
  "frt.h.s67.strong": "La cassette est requise pour la fin secrète, et utile pour la bonne fin.",

  "frt.s68.title": "Le plan qui se raccorde",
  "frt.s68.body": "Sur la carte, un trait s’aligne exactement avec un ruban. Pas un hasard : un raccord. Comme si la forêt acceptait, quelques secondes, de laisser une ligne droite exister. Ton souffle fait tenir le tout, fragile, comme une mise au point.",
  "frt.s68.c1": "Reproduire la stabilisation (ruban + angle)",
  "frt.s68.c2": "Retourner à la cabane",
  "frt.s68.c3": "Revenir à la bifurcation (réinitialiser)",
  "frt.h.s68.soft": "Le lieu devient lisible quand tu le rends prévisible.",
  "frt.h.s68.strong": "Ruban + stabilisation peut sécuriser la sortie bonne (moins de replacage).",

  "frt.s69.title": "La présence proche",
  "frt.s69.body": "Tu sens un pas derrière toi. Pas un craquement : un pas. Quelque chose qui respecte un rythme humain, sans être pressé. Quand tu t’arrêtes, le pas s’arrête. Quand tu respires, il respire. Tu comprends que ce n’est pas une poursuite : c’est une synchronisation.",
  "frt.s69.c1": "Chercher l’Opérateur (accepter le contact)",
  "frt.s69.c2": "Revenir à la vitre noire",
  "frt.s69.c3": "Retourner vers le grésillement",
  "frt.h.s69.soft": "Ce qui te suit n’a pas besoin de courir.",
  "frt.h.s69.strong": "L’Opérateur est un pivot de la voie secrète (procédure / assignation).",

  "frt.s70.title": "L’instant stable",
  "frt.s70.body": "Le ruban tient. Le chemin, pendant un court moment, arrête de se corriger. Tu sens que si tu rates cet instant, tu retomberas dans les copies. Une fenêtre. Une chance. Même l’air est plus “droit”.",
  "frt.s70.c1": "Profiter du stable et foncer vers la tour",
  "frt.s70.c2": "Rester et vérifier la carte une dernière fois",
  "frt.s70.c3": "Revenir en arrière (panique)",
  "frt.h.s70.soft": "La peur te fait perdre les seules secondes utiles.",
  "frt.h.s70.strong": "Le stable sert à atteindre la zone du relais sans boucle (progression fiable).",

  "frt.s71.title": "Retour au portail",
  "frt.s71.body": "Le portail est identique… sauf un détail : le cadenas a tourné tout seul, comme pour se remettre droit. Tu as l’impression qu’on t’a vu revenir. Une simple pensée te traverse : tu n’es pas un intrus. Tu es un rendez-vous.",
  "frt.s71.c1": "Aller vers la porte du bunker",
  "frt.s71.c2": "Explorer la cour encore",
  "frt.s71.c3": "Revenir vers la forêt",
  "frt.h.s71.soft": "Le site industriel te traite comme un dossier, pas comme une proie.",
  "frt.h.s71.strong": "Le bunker est le passage obligé : clé + porte = progression vers les fins.",

  "frt.s72.title": "Le couloir rouge",
  "frt.s72.body": "Une lumière rouge s’allume sans prévenir, comme une alarme qui attendait ton pas. Le couloir sent le métal chaud, alors qu’il fait froid. Le grésillement devient plus fort, plus proche, presque dans les dents. Tu comprends : tu es entré dans une zone “active”.",
  "frt.s72.c1": "Avancer malgré l’alarme",
  "frt.s72.c2": "Reculer et reprendre ton souffle",
  "frt.s72.c3": "Répondre à voix haute (mauvaise idée)",
  "frt.h.s72.soft": "Le rouge ne signale pas un danger : il signale une prise en charge.",
  "frt.h.s72.strong": "Parler ici te pousse vers la fin mauvaise : le lieu “t’accroche”.",

  "frt.s73.title": "REC",
  "frt.s73.body": "Un voyant REC s’allume quelque part, invisible, et tu le sens plus que tu ne le vois. Ta voix te paraît déjà enregistrée. Tu pourrais faire une preuve, une vraie… ou te livrer. La frontière est mince, et c’est elle qui fait trembler tes mains.",
  "frt.s73.c1": "Enregistrer (contrôler ce qui sort de toi)",
  "frt.s73.c2": "Suivre le couloir rouge sans parler",
  "frt.s73.c3": "Laisser tomber et accepter le flux",
  "frt.h.s73.soft": "Le lieu adore quand tu abandonnes la nuance.",
  "frt.h.s73.strong": "Enregistrer (made_recording) est requis pour la fin secrète.",

  "frt.s74.title": "La consigne répétée",
  "frt.s74.body": "La voix répète la fréquence comme une comptine. Tu comprends qu’elle veut que tu la dises toi-même. Pas pour te guider. Pour te marquer. Un bruit de relais, un petit déclic, répond au fond du site.",
  "frt.s74.c1": "Aller au bunker (si tu as la clé)",
  "frt.s74.c2": "Revenir dans la forêt (ça glisse)",
  "frt.s74.c3": "Rester et écouter la suite",
  "frt.h.s74.soft": "Répéter une consigne, c’est déjà obéir.",
  "frt.h.s74.strong": "La clé du bunker te permet d’éviter la spirale rouge (risque de mauvaise fin).",

  "frt.s75.title": "Le site se referme",
  "frt.s75.body": "La cour semble plus petite qu’avant. Les mêmes bâtiments, mais rapprochés, comme un décor qu’on a resserré. Tu n’as pas l’impression d’être coincé : tu as l’impression d’être rangé. Et le grésillement devient… satisfait.",
  "frt.s75.c1": "Aller à la porte du bunker",
  "frt.s75.c2": "Revenir au portail",
  "frt.s75.c3": "S’arrêter et ne plus lutter",
  "frt.h.s75.soft": "Le lieu travaille mieux quand tu t’immobilises.",
  "frt.h.s75.strong": "Ne pas lutter ici mène souvent à la fin mauvaise : il faut passer par le bunker.",

  "frt.s76.title": "Procédure",
  "frt.s76.body": "L’Opérateur est là, sans être là. Une présence à côté de ton épaule, professionnelle, calme. Tu entends un mot, parfaitement articulé : « Procédure. » Et tu comprends qu’il existe une voie complète, une vérité totale, si tu as tout : fréquence, code, cassette, enregistrement, clé.",
  "frt.s76.c1": "Lancer la procédure complète (si tu as tout)",
  "frt.s76.c2": "Aller au bunker sans chercher plus",
  "frt.s76.c3": "Revenir au grésillement (hésiter)",
  "frt.h.s76.soft": "L’Opérateur ne menace pas : il administre.",
  "frt.h.s76.strong": "Si tu as tout, tu déverrouilles truth_unlocked : voie secrète réelle.",

  "frt.s77.title": "Le silence complet",
  "frt.s77.body": "Plus rien. Pas de vent. Pas d’insectes. Pas même tes pas : comme si le sol absorbait le son. Le silence n’est pas apaisant. Il est chargé. Et tu comprends que c’est une option du lieu : “mute”.",
  "frt.s77.c1": "Forcer le mouvement (briser le silence)",
  "frt.s77.c2": "Revenir vers le grésillement",
  "frt.s77.c3": "Rester immobile et attendre",
  "frt.h.s77.soft": "Le silence est une pièce fermée sans murs.",
  "frt.h.s77.strong": "Attendre ici t’emmène vers la fin mauvaise (tu te laisses assigner).",

  "frt.s78.title": "La serrure du bunker",
  "frt.s78.body": "La clé (ou l’autorisation) a un poids précis, comme si elle avait été conçue pour ce geste. La serrure avale le métal sans résistance. Un clic net. Trop net. Et la porte s’entrouvre, comme si elle respirait enfin.",
  "frt.s78.c1": "Ouvrir et descendre",
  "frt.s78.c2": "Reculer (peur de ce que tu vas entendre)",
  "frt.s78.c3": "Rester devant la porte, sans entrer",
  "frt.h.s78.soft": "Le bunker n’est pas un endroit : c’est un engagement.",
  "frt.h.s78.strong": "Entrer (opened_bunker) est requis pour la fin secrète et mène aux fins.",

  "frt.s79.title": "Béton humide",
  "frt.s79.body": "Le couloir sent la poussière sèche… mais les murs sont humides. Incohérence simple, terrifiante. Un néon fatigué clignote, et chaque clignement te donne l’impression d’avoir perdu une seconde. Comme si quelqu’un “montait” ta marche.",
  "frt.s79.c1": "Aller vers la salle de commande",
  "frt.s79.c2": "Chercher le panneau/console (si tu as la vérité)",
  "frt.s79.c3": "Remonter (trop tard)",
  "frt.h.s79.soft": "Le néon ne clignote pas : il coupe des images.",
  "frt.h.s79.strong": "Si truth_unlocked, tu peux viser directement la voie secrète.",

  "frt.s80.title": "Salle de commande",
  "frt.s80.body": "Consoles anciennes. VU-mètres qui bougent, faibles, comme un cœur mécanique. Une chaise tournée vers toi, comme si elle t’attendait depuis longtemps. Le souffle blanc remplit tout, et la question devient simple : partir avec une preuve… ou accepter d’être la preuve.",
  "frt.s80.c1": "Couper court et sortir (avec ce que tu as)",
  "frt.s80.c2": "Rester, répondre, se laisser prendre",
  "frt.s80.c3": "Ouvrir la voie secrète (si tout est prêt)",
  "frt.h.s80.soft": "La salle ne fait pas peur : elle fait “normal”.",
  "frt.h.s80.strong": "Bonne fin : preuve + sortie. Mauvaise : tu acceptes. Secrète : procédure complète.",

  "frt.s81.title": "La console NOM",
  "frt.s81.body": "Un écran ancien s’allume. Une fréquence affichée. Et un champ : « NOM ». Le curseur clignote, patient. Ce n’est pas un formulaire. C’est un verrou. Tu comprends : si tu écris, tu te lies. Si tu refuses, tu restes en suspension… et le lieu déteste ça.",
  "frt.s81.c1": "Activer la voie secrète et révéler la vérité",
  "frt.s81.c2": "Refuser et rester (mauvaise fin)",
  "frt.s81.c3": "Revenir à la salle de commande",
  "frt.h.s81.soft": "Un champ vide peut être plus dangereux qu’un piège visible.",
  "frt.h.s81.strong": "La fin secrète dépend de truth_unlocked + enregistrement + cassette + code + bunker.",

  "frt.end_good.title": "La sortie",
  "frt.end_good.body": "Tu sors avant que le site ne puisse “terminer” ce qu’il avait commencé. L’aube est grise, froide, mais réelle. Sur la route, ta preuve pèse dans ta poche : cassette, fréquence, notes. Derrière toi, la forêt a déjà l’air normale. Et c’est ça qui te dérange le plus : elle pourrait recommencer, n’importe quand.",
  "frt.h.end_good.soft": "La réalité te laisse partir, mais elle ne t’explique rien.",
  "frt.h.end_good.strong": "Tu as échappé à l’assignation en gardant une preuve concrète.",

  "frt.end_bad.title": "Le signal",
  "frt.end_bad.body": "Tu réponds, ou tu restes, ou tu cesses de lutter. Et tout devient plus simple. Le grésillement cesse d’être un bruit : c’est une place. Le rouge n’est plus une alarme : c’est une validation. Plus tard, quelqu’un passera par ici. Il entendra une voix, très bas, qui lui dira : « Présente-toi. » Et ta voix sera parfaitement calme.",
  "frt.h.end_bad.soft": "Le pire n’est pas la peur : c’est l’habitude.",
  "frt.h.end_bad.strong": "Tu as été “raccroché” au réseau : tu deviens une fonction du relais.",

  "frt.end_secret.title": "Assignation complète",
  "frt.end_secret.body": "La procédure se déroule comme si elle avait été répétée mille fois. Fréquence. Code. Cassette. Enregistrement. Le champ NOM se remplit — pas avec ton écriture, mais avec ton rythme. Tu comprends alors la vérité : l’Opérateur n’est pas un fantôme. C’est un poste. Une fonction. Et la forêt n’est pas un lieu : c’est l’interface qui recrute. Tu pourrais partir… mais tu sais désormais exactement comment ça marche. Et cette connaissance te suit, plus sûrement que la brume.",
  "frt.h.end_secret.soft": "Comprendre n’est pas un antidote : c’est un lien.",
  "frt.h.end_secret.strong": "Tu as décodé la logique complète (fréquence + nom + protocole)."
}
}