{
  "ui": {
    "app_title": "VChronicles",
    "app_subtitle": "Histoire interactive",
    "index_title": "Choisis ton scénario",
    "index_subtitle": "Clique sur une carte pour commencer.",
    "index_menu_aria": "Menu des scénarios",
    "language": "Langue",
    "symbol_close": "×",
    "symbol_check": "✓",
    "symbol_help": "?",
    "hint_title": "Info",
    "hint_close": "Fermer",
    "hint_close_aria": "Fermer",
    "btn_ok": "OK",
    "btn_close": "Fermer",
    "btn_play": "Jouer",
    "btn_continue": "Continuer",
    "btn_restart": "Recommencer",
    "btn_back": "Retour",
    "btn_exit": "Quitter",
    "btn_hint": "Indice",
    "loading": "Chargement…",
    "locked_choice": "Indisponible pour le moment",
    "no_next_scene": "Ce choix ne mène nulle part pour l’instant.",
    "resume_title": "Reprendre la partie ?",
    "resume_desc": "Une progression existe pour ce scénario.",
    "resume_body": "Une progression existe pour ce scénario.\n\nTu veux reprendre là où tu t’étais arrêté, ou recommencer depuis le début ?",
    "ending_title": "Fin atteinte",
    "ending_desc": "Tu as terminé ce scénario.",
    "reward_toast": "+{reward} VCoins",
    "end_title": "Fin du scénario",
    "end_title_good": "Fin bonne",
    "end_title_bad": "Fin mauvaise",
    "end_title_secret": "Fin secrète",

    "ending_label_good": "fin bonne",
    "ending_label_bad": "fin mauvaise",
    "ending_label_secret": "fin secrète",
    "end_unlock_line": "Bravo, tu as débloqué la {ending}.",
    "end_already_done_line": "Tu avais déjà débloqué la {ending}.",
    "end_reward_label": "Récompense :",
    "end_btn_add_bonus": "Rajouter +{amount}",
    "end_add_bonus_wait": "Validation en cours…",
    "end_add_bonus_done": "Bonus +{amount} ajouté",
    "end_add_bonus_error": "Publicité indisponible pour le moment.",

    "profile_title": "Profil",
    "profile_subtitle": "Ton solde et tes fins débloquées.",
    "profile_jetons": "Jetons",
    "profile_vcoins": "VCoins",
    "profile_username_label": "Pseudo",
    "profile_username_missing": "—",
    "profile_username_edit": "Modifier pseudo",
    "profile_username_cancel": "Annuler",
    "profile_username_placeholder": "Nouveau pseudo",
    "profile_username_save": "Enregistrer",
    "profile_username_hint": "Tu peux modifier ton pseudo une fois gratuitement. Ensuite, chaque changement coûte 1 jeton.",
    "profile_scenarios_title": "Scénarios",
    "profile_err_not_ready": "Profil non prêt. Réessaie dans quelques secondes.",
    "profile_username_working": "Mise à jour…",
    "profile_username_ok_saved": "Pseudo mis à jour.",
    "profile_username_ok_nochange": "Aucun changement.",
    "profile_username_err_format": "Pseudo invalide 3–20 caractères, lettres, chiffres ou underscore.",
    "profile_username_err_taken": "Pseudo déjà pris.",
    "profile_username_err_nojeton": "Pas assez de jetons.",
    "profile_username_err_generic": "Impossible de modifier le pseudo.",
    "profile_username_err_cost_failed": "Pseudo changé, mais débit de jeton impossible. Ouvre l’app plus tard pour resynchroniser.",

    "aria_back": "Retour",
    "aria_settings": "Paramètres",
    "aria_shop": "Boutique",

    "shop_title": "Boutique",
    "settings_title": "Paramètres",
    "page_soon_body": "Bientôt disponible.",

    "locked_title": "Choix bloqué",
    "locked_body": "Tu as raté des éléments nécessaires pour débloquer cette voie.",
    "locked_missing": "Il te manque :",
    "locked_missing_any": "Il te faut au moins un élément parmi :",
    "locked_tip": "Astuce : explore plus, certains objets servent de preuve.",
    "locked_back_jeton": "Revenir en arrière — 1 jeton",
    "locked_restart_jeton": "Revenir au début — 1 jeton",
    "locked_close": "Fermer",
    "locked_no_back": "Aucun retour possible ici.",

    "jeton_not_enough": "Pas assez de jetons.",
    "jeton_title": "Jetons",
    "jeton_balance_label": "Solde :",
    "jeton_back_btn": "Retour en arrière — 1 jeton",
    "jeton_guide_btn": "Guide vers une fin — 3 jetons",
    "jeton_guide_good": "Fin bonne",
    "jeton_guide_bad": "Fin mauvaise",
    "jeton_guide_secret": "Fin secrète",
    "jeton_guide_stop": "Stop guide",
    "jeton_guide_no_path": "Aucun chemin trouvé vers cette fin depuis ici.",
    "jeton_guide_error": "Erreur guide.",
    "jeton_guide_stopped": "Guide arrêté.",

    "locked_note_foundable": "Ces éléments sont trouvables dans le jeu, sans pub.",
    "locked_unlock_jeton": "Dépenser 1 jeton",
    "locked_unlock_ad": "Regarder une pub",
    "locked_unlock_ad_fail": "Publicité indisponible pour le moment.",
    "locked_unlock_no_jetons": "Pas assez de jetons.",
    "locked_unlock_error": "Impossible de débloquer maintenant.",

    "scenario_buy": {
      "desc": "Ce scénario est verrouillé. Tu peux le débloquer avec des VCoins, l’acheter directement au prix du store, ou ouvrir la boutique.",
      "pay_prefix": "Débloquer :",
      "pay_balance_inline": "(solde actuel {balance})",
      "iap_direct": "Débloquer : {price}",
      "open_shop": "Ouvrir la boutique",
      "err_unlock": "Impossible de débloquer le scénario.",
      "err_unlock_insufficient": "Pas assez de VCoins ({balance}/{price}).",
      "err_app_only": "Achat store dispo uniquement dans l’app.",
      "err_not_ready": "Système d’achat non prêt.",
      "err_buy_failed": "Achat annulé ou impossible.",
      "err_unlock_after_iap": "Achat validé, mais le scénario n’a pas pu être ouvert."
    },

    "update_banner_title": "Mise à jour disponible",
    "update_banner_desc": "Une nouvelle version de l’application est disponible.",
    "update_banner_desc_install": "La mise à jour est prête. Tu peux l’installer maintenant.",
    "update_banner_later": "Plus tard",
    "update_banner_update": "Mettre à jour",
    "update_banner_install": "Installer",

    "end_congrats": "Bravo, tu as terminé la fin : {ending}.",
    "end_reward": "Bravo, tu as gagné {reward} VCoins.",
    "end_btn_quit": "Quitter",
    "end_double_unavailable": "Publicité indisponible. Tu peux quitter avec la récompense normale.",

    "settings_lang_desc": "Choisis la langue. Elle est sauvegardée sur l’appareil et sur ton profil.",
    "settings_lang_label": "Langue",
    "settings_msg_saved": "Langue enregistrée.",
    "settings_msg_saved_local": "Langue enregistrée sur l’appareil. Synchronisation serveur plus tard.",
    "settings_msg_hint": "",
    "settings_choose_lang_aria": "Choisir la langue : {code}",
    "settings_back_home_aria": "Retour à l’accueil",
    "settings_open_profile_aria": "Ouvrir le profil",

    "settings_ads_title": "Publicité",
    "settings_ads_personalized_label": "Publicité personnalisée",
    "settings_ads_personalized_desc": "Autoriser l’utilisation de données pour des pubs plus pertinentes.",
    "settings_ads_saved": "Préférence publicitaire enregistrée.",

    "settings_help_title": "Aide",
    "settings_help_email_label": "Contact :",
    "settings_help_email": "help.vboldstudio@gmail.com",

    "lang_name": {
      "en": "English",
      "fr": "Français",
      "de": "Deutsch",
      "es": "Español",
      "pt": "Português",
      "ptbr": "Português Brasil",
      "it": "Italiano",
      "ko": "한국어",
      "ja": "日本語"
    },

    "ios_enter_title": "Entrer",
    "ios_enter_body": "Tape pour commencer.",
    "ios_enter_btn": "Entrer",

    "icon_vcoins_webp": "assets/img/ui/vcoin.webp",
    "icon_jeton_webp": "assets/img/ui/jeton.webp",

    "intro_forced_jeton_title": "Objet manquant",
    "intro_forced_jeton_body": "Oups… il te manque {item}.",
    "intro_forced_jeton_note": "Cette pièce sert à débloquer un objet oublié, revenir en arrière, ou activer un guide vers une fin.",
    "intro_forced_jeton_cta": "Débloquer avec",
    "intro_forced_jeton_ok": "Objet débloqué : {item}",
    "intro_forced_jeton_error": "Impossible de débloquer maintenant.",

    "intro_end_silence": "Le silence retombe.",

    "intro_end_title": "Bravo — tu t’en es sorti",
    "intro_end_line1": "Le silence retombe.",
    "intro_end_line2": "Tu respires.",
    "intro_end_reward_label": "Récompense :",
    "intro_end_prefix_les": "Les",
    "intro_end_use_vcoins": "servent à débloquer de nouveaux scénarios.",
    "intro_end_use_jetons": "servent à :",
    "intro_end_jetons_b1": "débloquer un objet oublié",
    "intro_end_jetons_b2": "revenir en arrière",
    "intro_end_jetons_b3": "activer le guide vers une fin bonne, mauvaise ou secrète",
    "intro_end_multi_endings": "Chaque scénario a plusieurs fins : une bonne, une mauvaise, et parfois une ou plusieurs secrètes.",
    "intro_end_tip_prefix": "Astuce : si une option est verrouillée, tu peux souvent trouver l’objet ou le débloquer avec",

    "shop_watch_ad": "Regarder",
    "shop_buy": "Acheter",
    "shop_cancel": "Annuler",
    "shop_enabled": "Activé",
    "shop_included": "Inclus",
    "shop_unavailable": "Indisponible",
    "shop_owned_badge": "OK",

    "shop_store_title": "Store",
    "shop_reward_jeton_x1": "x1",
    "shop_reward_vcoins_x100": "x100",

    "shop_p_jetons12_title": "x12",
    "shop_p_jetons12_desc": "Pack de jetons à utiliser pour débloquer des objets ou certaines actions.",

    "shop_p_jetons30_title": "x30",
    "shop_p_jetons30_desc": "Pack de jetons plus avantageux, pour avancer plus vite.",

    "shop_p_vcoins1200_title": "1200",
    "shop_p_vcoins1200_desc": "VCoins utilisables pour les achats en jeu et déblocages.",

    "shop_p_vcoins3000_title": "3000",
    "shop_p_vcoins3000_desc": "Gros pack de VCoins pour le meilleur ratio.",

    "shop_p_noads_title": "No Ads",
    "shop_p_noads_desc": "Désactive les publicités interstitielles. Les pubs récompensées restent disponibles.",

    "shop_p_diamond_title": "Diamond",
    "shop_p_diamond_desc": "Accès Diamond : tous les scénarios actuels et à venir + No Ads. Bonus inclus selon ton pack."
  },

  "common": {
    "cancel": "Annuler"
  },

  "scenarios": {
    "dossier14_appartement": {
      "title": "Appartement 14",
      "desc": "À 02:14, quelqu’un prononce ton nom dans le couloir. En suivant une porte qui ne devrait pas exister, tu t’enfonces dans un immeuble qui semble déjà te connaître."
    },
    "bunker_reserve": {
      "title": "Bunker",
      "desc": "Sous une colline ordinaire, une trappe cache un bunker encore actif. Réserves intactes, badges, dortoirs et zones scellées te font comprendre que quelqu’un vit encore là-dessous."
    },
    "hopital_ferme": {
      "title": "Hôpital abandonné",
      "desc": "Dans un hôpital fermé depuis des années, ton nom apparaît déjà dans les registres. Entre badge patient, chambre 14 et salles encore allumées, tout indique que ta venue était prévue."
    },
    "metro_station_zero": {
      "title": "Station Zéro",
      "desc": "Tu descends dans une station qui n’existe sur aucun plan. Quais figés, annonces étranges, ticket Zéro et couloirs mouvants te mènent vers un lieu qui semble t’attendre."
    },
    "styx_gare": {
      "title": "Gare Styx",
      "desc": "Tu te réveilles seul dans une gare noyée de brume noire. Entre horloges mortes, quais sans fin et ticket noir, tout donne l’impression d’être arrivé dans un lieu qui juge ses voyageurs."
    },
    "foret_relais": {
      "title": "Forêt des murmures",
      "desc": "Au cœur de la forêt, des panneaux portent ton prénom et les sentiers changent de place. Plus tu avances, plus l’ancien relais semble t’appeler."
    },
    "chateau_absents": {
      "title": "Château des ombres",
      "desc": "Un château isolé t’ouvre ses grilles, puis déplace ses couloirs autour de toi. Entre portraits, salles désertes et passages cachés, le lieu garde la trace de ceux qui y entrent."
    },
    "temple_mictlan": {
      "title": "Temple Mictlan",
      "desc": "Fraîchement diplômé, tu pars au Mexique pour étudier une nouvelle zone. Sous la pierre, tu découvres le temple enfoui de la Dame des morts."
    }
  }
}