{
  "meta": {
    "scenario_id": "chateau_abandonne",
    "language": "fr",
    "version": "1.0.0",
    "hint_ns": "ca.h",
    "generated": "2026-02-13"
  },
  "strings": {
    "ca.title": "Château de Verre-Noir — Dossier 3",
    "ca.tagline": "Les murs n’oublient pas. Les couloirs te déplacent. Et les habitants veulent un nom de plus.",

    "ca.s01.title": "La route en contrebas",
    "ca.s01.body": "Tu coupes le moteur. Le château domine la colline, une masse grise sans fenêtres vivantes. Le vent porte une odeur de pierre mouillée. Ton sac pèse comme s’il contenait déjà quelque chose qui n’est pas à toi.",
    "ca.s01.c1": "Monter vers le portail",
    "ca.s01.c2": "Faire le tour par le bois",
    "ca.s01.c3": "Prendre une photo avant d’approcher",

    "ca.s02.title": "Le portail tordu",
    "ca.s02.body": "Le portail est ouvert d’un seul battant. Les gonds grincent sans que tu les touches. Sur le fer, une trace claire, comme une main posée récemment. Tu n’entends plus les insectes.",
    "ca.s02.c1": "Passer le portail",
    "ca.s02.c2": "Observer la trace de main",
    "ca.s02.c3": "Reculer et contourner",

    "ca.s03.title": "La haie trop nette",
    "ca.s03.body": "Le chemin longe une haie taillée au cordeau, impossible pour un lieu abandonné. Une feuille tombe, lente, et se colle à ta chaussure comme une étiquette. Tu as l’impression d’être guidé.",
    "ca.s03.c1": "Suivre le chemin principal",
    "ca.s03.c2": "Couper vers la serre effondrée",
    "ca.s03.c3": "Chercher une entrée de service",

    "ca.s04.title": "La serre",
    "ca.s04.body": "La serre est brisée, mais le verre ne jonche pas le sol : il a été rassemblé en tas, comme après un nettoyage. Une humidité tiède te touche le visage. Au fond, une porte vers l’intérieur est entrouverte.",
    "ca.s04.c1": "Entrer par la serre",
    "ca.s04.c2": "Écouter avant d’entrer",
    "ca.s04.c3": "Revenir au chemin",

    "ca.s05.title": "Façade principale",
    "ca.s05.body": "La façade est intacte, trop. Les fenêtres sont opaques, comme peintes de l’intérieur. Sur la porte, un heurtoir en forme d’anneau noir. Il est froid au point de brûler.",
    "ca.s05.c1": "Tirer la porte",
    "ca.s05.c2": "Tester une fenêtre latérale",
    "ca.s05.c3": "Revenir au bois et chercher plus discret",

    "ca.s06.title": "Le heurtoir",
    "ca.s06.body": "Quand tu touches l’anneau, une vibration remonte dans ton bras. Un seul coup sourd résonne… alors que tu n’as pas frappé. Derrière la porte, un bruit de pas glissés, comme sur un parquet ciré.",
    "ca.s06.c1": "Entrer si la porte cède",
    "ca.s06.c2": "Tenter d’appeler quelqu’un (aucun réseau)",
    "ca.s06.c3": "Reculer et passer par la serre",

    "ca.s07.title": "Hall d’entrée",
    "ca.s07.body": "Le hall sent la cire ancienne. Un tapis rouge remonte un escalier en colimaçon, intact, sans poussière. Au mur, des cadres vides : pas de portraits, seulement les marques plus claires où ils étaient accrochés.",
    "ca.s07.c1": "Monter l’escalier",
    "ca.s07.c2": "Aller vers le salon à gauche",
    "ca.s07.c3": "Aller vers la galerie à droite",

    "ca.s08.title": "Le salon",
    "ca.s08.body": "Le salon est rempli de meubles recouverts de draps blancs. Ils forment des silhouettes assises. Un chandelier sans bougies goutte pourtant de la cire fraîche. Tu retiens ton souffle, et le drap le plus proche bouge.",
    "ca.s08.c1": "Soulever un drap",
    "ca.s08.c2": "Traverser vers la cheminée",
    "ca.s08.c3": "Retourner au hall",

    "ca.s09.title": "La galerie des miroirs",
    "ca.s09.body": "Des miroirs hauts, piqués, reflètent un couloir derrière toi… mais le hall n’a pas de couloir à cet endroit. Dans une glace, tu te vois avec une seconde de retard. Dans une autre, tu ne te vois pas.",
    "ca.s09.c1": "S’approcher du miroir sans reflet",
    "ca.s09.c2": "Suivre le couloir reflété",
    "ca.s09.c3": "Revenir au hall",

    "ca.s10.title": "La cheminée",
    "ca.s10.body": "Dans l’âtre, des cendres récentes. Une odeur de papier brûlé. Au-dessus, une pierre gravée : une date, puis une série de prénoms. La dernière ligne est vide, comme prête.",
    "ca.s10.c1": "Lire les prénoms en entier",
    "ca.s10.c2": "Chercher un tiroir dans le manteau",
    "ca.s10.c3": "Revenir au salon",

    "ca.s11.title": "Le premier drap",
    "ca.s11.body": "Sous le drap : un fauteuil. Sur le coussin, une empreinte nette, comme si quelqu’un venait de se lever. Le tissu est tiède. Tu sens un parfum ancien, poudré, trop proche.",
    "ca.s11.c1": "Reculer sans bruit",
    "ca.s11.c2": "Tenter de parler (voix étouffée)",
    "ca.s11.c3": "Aller vers la porte du salon",

    "ca.s12.title": "Couloir principal",
    "ca.s12.body": "Le couloir est long, tapissé de papier peint délavé. Les portes sont numérotées au pochoir. Sur le sol, une traînée humide dessine un chemin précis, comme si quelqu’un avait voulu te montrer où aller.",
    "ca.s12.c1": "Suivre la traînée humide",
    "ca.s12.c2": "Ouvrir la première porte",
    "ca.s12.c3": "Revenir à la galerie des miroirs",

    "ca.s13.title": "Porte 3",
    "ca.s13.body": "La porte 3 n’est pas verrouillée. Elle s’ouvre sur une chambre d’ami. Un lit fait au carré, une chaise tournée vers le mur. Et, sur la chaise, un carnet fermé, sans poussière.",
    "ca.s13.c1": "Prendre le carnet",
    "ca.s13.c2": "Ouvrir le placard",
    "ca.s13.c3": "Sortir immédiatement",

    "ca.s14.title": "Carnet sans titre",
    "ca.s14.body": "Le carnet est lourd. À l’intérieur, des pages vides… sauf une, au milieu : \"SI TU LIS, TU ES DÉJÀ DANS LA MAISON.\" L’encre paraît fraîche. Ton doigt la tache légèrement.",
    "ca.s14.c1": "Garder le carnet (preuve)",
    "ca.s14.c2": "Le reposer et reculer",
    "ca.s14.c3": "Déchirer la page",

    "ca.s15.title": "Le placard",
    "ca.s15.body": "Dans le placard : des vêtements rangés par taille. Au fond, une tenue moderne, comme la tienne, pliée proprement. Une étiquette pend : ton prénom, sans nom de famille.",
    "ca.s15.c1": "Toucher l’étiquette",
    "ca.s15.c2": "Refermer le placard",
    "ca.s15.c3": "Sortir vers le couloir",

    "ca.s16.title": "La traînée humide",
    "ca.s16.body": "La traînée mène à une porte plus lourde que les autres. Une odeur de cave traverse les jointures. Au-dessus, une plaque : \"OFFICES\". La plaque est brillante, comme neuve.",
    "ca.s16.c1": "Ouvrir la porte des offices",
    "ca.s16.c2": "Revenir aux chambres",
    "ca.s16.c3": "Descendre l’escalier en colimaçon",

    "ca.s17.title": "Les offices",
    "ca.s17.body": "Cuisine froide. Vaisselle alignée. Un bol contient encore de l’eau claire, sans poussière. Au mur, une ardoise : \"NE PAS LAISSER PARTIR\". La craie a un éclat humide.",
    "ca.s17.c1": "Lire l’ardoise de près",
    "ca.s17.c2": "Fouiller les tiroirs",
    "ca.s17.c3": "Passer vers l’arrière-cuisine",

    "ca.s18.title": "Arrière-cuisine",
    "ca.s18.body": "Un couloir étroit descend vers le noir. Des crochets au plafond. Un seau renversé laisse une flaque qui ne sèche pas. Tu entends, très loin, un léger fredonnement comme une berceuse.",
    "ca.s18.c1": "Descendre vers la cave",
    "ca.s18.c2": "Revenir dans la cuisine",
    "ca.s18.c3": "Chercher une sortie extérieure",

    "ca.s19.title": "L’ardoise",
    "ca.s19.body": "Sous la phrase, une liste : \"verrou, sel, nom, miroir\". Le dernier mot est entouré trois fois. Tu as l’impression que la craie attend une autre ligne.",
    "ca.s19.c1": "Noter mentalement la liste",
    "ca.s19.c2": "Effacer un mot",
    "ca.s19.c3": "Revenir au couloir principal",

    "ca.s20.title": "Le tiroir du couteau",
    "ca.s20.body": "Tu trouves un tiroir coincé. À l’intérieur : un petit couteau de poche, et une clé ancienne attachée à une étiquette : \"GALERIE\". La clé est tiède, comme tenue récemment.",
    "ca.s20.c1": "Prendre la clé",
    "ca.s20.c2": "Laisser la clé et partir",
    "ca.s20.c3": "Chercher une autre clé",

    "ca.s21.title": "Escalier en colimaçon",
    "ca.s21.body": "L’escalier craque en spirale. Les marches sont propres, mais l’air se refroidit à chaque pas. Tu crois sentir une présence juste derrière toi, collée à ton dos, sans contact.",
    "ca.s21.c1": "Descendre vers le sous-sol",
    "ca.s21.c2": "Monter vers l’étage",
    "ca.s21.c3": "Revenir au hall",

    "ca.s22.title": "Palier de l’étage",
    "ca.s22.body": "À l’étage, le couloir semble plus court qu’il ne devrait. Une horloge murale est arrêtée, mais son balancier bouge quand même. Deux portes : \"BIBLIOTHÈQUE\" et \"GALERIE\".",
    "ca.s22.c1": "Aller à la bibliothèque",
    "ca.s22.c2": "Aller à la galerie",
    "ca.s22.c3": "Redescendre",

    "ca.s23.title": "Bibliothèque",
    "ca.s23.body": "Les livres sont alignés, presque tous identiques, reliures sombres. Sur une table, un registre ouvert à une page blanche, avec une plume trempée dans de l’encre fraîche.",
    "ca.s23.c1": "Lire les dernières pages du registre",
    "ca.s23.c2": "Toucher l’encre",
    "ca.s23.c3": "Chercher un passage secret",

    "ca.s24.title": "Dernière page",
    "ca.s24.body": "Les pages précédentes listent des noms, des dates, des \"arrivées\". La dernière ligne est commencée : ton prénom. La plume bouge légèrement, comme poussée par un souffle invisible.",
    "ca.s24.c1": "Fermer le registre d’un coup",
    "ca.s24.c2": "Ajouter un faux nom",
    "ca.s24.c3": "Prendre le registre (preuve)",

    "ca.s25.title": "Rayonnage creux",
    "ca.s25.body": "Un rayonnage sonne creux quand tu le frappes. Derrière, une fente noire. Tu glisses la main et touches un métal froid : un mécanisme. Quelque chose gratte doucement de l’autre côté.",
    "ca.s25.c1": "Actionner le mécanisme",
    "ca.s25.c2": "Retirer ta main",
    "ca.s25.c3": "Chercher une clé ou un loquet",

    "ca.s26.title": "Galerie verrouillée",
    "ca.s26.body": "La porte \"GALERIE\" est verrouillée. Une serrure ancienne, exactement faite pour une vieille clé. Derrière, tu entends un frottement de tissu, comme des robes qui se déplacent.",
    "ca.s26.c1": "Utiliser la clé trouvée",
    "ca.s26.c2": "Coller l’oreille à la porte",
    "ca.s26.c3": "Retourner à la bibliothèque",

    "ca.s27.title": "La galerie",
    "ca.s27.body": "Des portraits recouverts de voile noir. Une odeur de fleurs fanées. Au centre, un miroir plein pied, intact. Son cadre est gravé de la même liste : \"verrou, sel, nom, miroir\".",
    "ca.s27.c1": "Soulever un voile de portrait",
    "ca.s27.c2": "S’approcher du miroir",
    "ca.s27.c3": "Reculer vers le palier",

    "ca.s28.title": "Portrait sans visage",
    "ca.s28.body": "Sous le voile : un portrait dont le visage a été gratté. Le reste est parfait, comme neuf. Au bas du cadre : une plaque vide, prête à recevoir un nom.",
    "ca.s28.c1": "Examiner la plaque",
    "ca.s28.c2": "Soulever un autre voile",
    "ca.s28.c3": "Revenir au miroir",

    "ca.s29.title": "Le miroir intact",
    "ca.s29.body": "Dans le miroir, la galerie est plus longue. Il y a une porte au fond qui n’existe pas derrière toi. Une silhouette pâle passe dans le reflet, derrière ton épaule, sans bruit.",
    "ca.s29.c1": "Te retourner",
    "ca.s29.c2": "Fixer la silhouette dans le reflet",
    "ca.s29.c3": "Recule doucement sans quitter le miroir",

    "ca.s30.title": "Juste derrière",
    "ca.s30.body": "Tu te retournes : personne. Pourtant l’air est plus froid, plus dense. Une empreinte de main apparaît sur la poussière d’un cadre, comme si quelqu’un venait de s’appuyer là.",
    "ca.s30.c1": "Toucher l’empreinte",
    "ca.s30.c2": "Retourner au miroir",
    "ca.s30.c3": "Fuir vers l’escalier",

    "ca.s31.title": "Couloir déplacé",
    "ca.s31.body": "En sortant de la galerie, le palier n’est plus le même. La porte de l’escalier est plus loin. La bibliothèque est à gauche alors qu’elle était à droite. Ton sens de l’orientation se fissure.",
    "ca.s31.c1": "Aller quand même vers l’escalier",
    "ca.s31.c2": "Entrer dans la bibliothèque pour te re-calmer",
    "ca.s31.c3": "Revenir à la galerie et vérifier",

    "ca.s32.title": "Retour au colimaçon",
    "ca.s32.body": "L’escalier t’attend. En bas, une odeur d’eau stagnante. En haut, un silence trop propre. Tu as l’impression que le château choisit pour toi où tu dois aller.",
    "ca.s32.c1": "Descendre au sous-sol",
    "ca.s32.c2": "Remonter encore (grenier)",
    "ca.s32.c3": "Revenir au hall et chercher la sortie",

    "ca.s33.title": "Sous-sol",
    "ca.s33.body": "Le sous-sol est un labyrinthe de murs suintants. Des portes basses. Une seule ampoule fonctionne, mais elle éclaire des zones qui bougent quand tu clignes des yeux.",
    "ca.s33.c1": "Suivre l’ampoule",
    "ca.s33.c2": "Chercher la cave (odeur de terre)",
    "ca.s33.c3": "Revenir avant de te perdre",

    "ca.s34.title": "La cave",
    "ca.s34.body": "Escaliers de pierre. L’humidité colle aux poumons. Au bas, des bocaux vides, étiquettes jaunies. Sur un mur, une phrase gravée : \"RESTE\". La gravure est récente.",
    "ca.s34.c1": "Explorer les bocaux",
    "ca.s34.c2": "Suivre un couloir latéral",
    "ca.s34.c3": "Remonter au sous-sol",

    "ca.s35.title": "Bocaux étiquetés",
    "ca.s35.body": "Les étiquettes portent des prénoms. Certains sont rayés. Un bocal est sans étiquette, propre, prêt. Tu sens une pression dans tes tempes, comme si le mur attendait ton choix.",
    "ca.s35.c1": "Reculer",
    "ca.s35.c2": "Chercher du sel (sur les étagères)",
    "ca.s35.c3": "Prendre un bocal vide (mauvaise idée)",

    "ca.s36.title": "Le sel",
    "ca.s36.body": "Tu trouves un sac de sel intact. Il est sec, impossible ici. Quand tu le prends, le fredonnement s’arrête net. Dans le silence, tu entends un souffle proche, satisfait.",
    "ca.s36.c1": "Garder le sel",
    "ca.s36.c2": "Tracer une ligne au sol",
    "ca.s36.c3": "Remonter au sous-sol",

    "ca.s37.title": "Couloir latéral",
    "ca.s37.body": "Le couloir mène à une porte métallique : \"CHAPELLE\". Pourquoi une chapelle au sous-sol ? La poignée est chaude. À travers, un murmure de prière, sans voix humaine.",
    "ca.s37.c1": "Ouvrir la chapelle",
    "ca.s37.c2": "Revenir à la cave",
    "ca.s37.c3": "Noter l’endroit et repartir",

    "ca.s38.title": "Chapelle souterraine",
    "ca.s38.body": "Petite pièce de pierres noires. Bougies consumées récemment. Un autel avec un cadre vide, comme un portrait absent. Sur l’autel : une clochette identique à celle d’un hôtel.",
    "ca.s38.c1": "Faire tinter la clochette",
    "ca.s38.c2": "Examiner le cadre vide",
    "ca.s38.c3": "Reculer sans toucher",

    "ca.s39.title": "La clochette",
    "ca.s39.body": "Le tintement est propre, clair. Une seconde plus tard, quelque chose répond : un tintement plus loin, dans le château, comme un écho organisé. Puis des pas, lents, au-dessus de toi.",
    "ca.s39.c1": "Fuir vers le sous-sol",
    "ca.s39.c2": "Rester immobile et écouter",
    "ca.s39.c3": "Tracer une ligne de sel devant l’autel",

    "ca.s40.title": "Cadre vide",
    "ca.s40.body": "Le cadre a des griffures à l’intérieur, comme si une toile avait été arrachée. Au bas, une plaque : \"RÉSIDANT\". Tu imagines un nom gravé là. Tu sens la tentation, idiote, d’y mettre le tien.",
    "ca.s40.c1": "Refermer le cadre et partir",
    "ca.s40.c2": "Chercher un objet derrière l’autel",
    "ca.s40.c3": "Revenir au couloir latéral",

    "ca.s41.title": "Derrière l’autel",
    "ca.s41.body": "Tu trouves une petite boîte métallique. Dedans : une bague noire, et un papier plié : \"NE PAS ACCEPTER LA BAGUE.\" Les mots tremblent comme si le papier respirait.",
    "ca.s41.c1": "Prendre le papier (preuve)",
    "ca.s41.c2": "Prendre la bague (danger)",
    "ca.s41.c3": "Laisser tout et sortir",

    "ca.s42.title": "Retour sous-sol",
    "ca.s42.body": "En revenant, l’ampoule clignote. Le labyrinthe semble s’être déplacé. Les murs ont changé d’angle, juste assez pour te faire douter. Le château fait semblant d’être logique.",
    "ca.s42.c1": "Suivre l’ampoule malgré tout",
    "ca.s42.c2": "Revenir au colimaçon",
    "ca.s42.c3": "Appeler à voix haute (mauvaise idée)",

    "ca.s43.title": "La voix dans l’air",
    "ca.s43.body": "Ta voix sort faible, comme absorbée. Elle revient aussitôt, murmurée par quelqu’un d’autre : la même phrase, mais avec ton prénom ajouté à la fin.",
    "ca.s43.c1": "Courir vers l’escalier",
    "ca.s43.c2": "Rester et écouter la réponse",
    "ca.s43.c3": "Tracer du sel et reculer",

    "ca.s44.title": "Escalier retrouvé",
    "ca.s44.body": "Tu retrouves le colimaçon. Les marches grincent, mais le son arrive avec un décalage, comme si le château jouait ton bruit après toi. Une sensation de retard colle à tes mouvements.",
    "ca.s44.c1": "Remonter au hall",
    "ca.s44.c2": "Monter vers le grenier",
    "ca.s44.c3": "Redescendre (non, tu refuses)",

    "ca.s45.title": "Hall, deuxième fois",
    "ca.s45.body": "Le hall est identique, mais le tapis rouge est plus long. Les cadres vides semblent te regarder. La porte d’entrée est toujours là… mais plus étroite, comme si elle rétrécissait.",
    "ca.s45.c1": "Tenter la sortie maintenant",
    "ca.s45.c2": "Retourner au salon (chercher une autre issue)",
    "ca.s45.c3": "Monter, vite, vers l’étage",

    "ca.s46.title": "Porte d’entrée",
    "ca.s46.body": "La poignée tourne… puis revient d’elle-même. Un bruit de verrouillage, doux, poli. Au bas de la porte, une fine ligne de poussière : un trait qui ressemble à une frontière.",
    "ca.s46.c1": "Forcer la porte",
    "ca.s46.c2": "Chercher un autre passage (serre / offices)",
    "ca.s46.c3": "Tracer du sel devant la porte",

    "ca.s47.title": "Le salon, encore",
    "ca.s47.body": "Les draps sont toujours là, mais l’un d’eux est tombé. Le fauteuil apparaît, vide. Sur l’assise, un petit objet métallique brille : une épingle à cheveux, neuve.",
    "ca.s47.c1": "Prendre l’épingle",
    "ca.s47.c2": "Aller vers la fenêtre (opaque)",
    "ca.s47.c3": "Revenir au hall",

    "ca.s48.title": "Fenêtre opaque",
    "ca.s48.body": "Dehors, rien. Pas de jardin, pas de nuit. Juste un gris uniforme, comme si la vitre donnait sur une surface peinte. Quand tu colles ton front, tu entends une respiration de l’autre côté.",
    "ca.s48.c1": "Reculer",
    "ca.s48.c2": "Frapper la vitre",
    "ca.s48.c3": "Chercher une fissure dans le cadre",

    "ca.s49.title": "Fissure",
    "ca.s49.body": "Tu trouves une fissure minuscule. Un courant d’air froid passe, réel. Mais une odeur de parfum ancien suit ce courant, comme si quelqu’un utilisait la fissure pour te sentir.",
    "ca.s49.c1": "Élargir la fissure avec l’épingle",
    "ca.s49.c2": "Abandonner et repartir",
    "ca.s49.c3": "Revenir aux offices",

    "ca.s50.title": "Retour offices",
    "ca.s50.body": "La cuisine te paraît plus petite. L’ardoise a changé : \"NE PAS LAISSER PARTIR\" est souligné, et en dessous : \"IL/ELLE HÉSITE\". Tu as un frisson de rage froide.",
    "ca.s50.c1": "Fouiller encore",
    "ca.s50.c2": "Descendre vers la cave",
    "ca.s50.c3": "Remonter au hall",

    "ca.s51.title": "Arrière-cuisine, deuxième fois",
    "ca.s51.body": "La berceuse est plus proche. Tu vois une porte que tu n’avais pas vue : \"LINGERIE\". Le bois est gonflé d’humidité, comme si la porte avait pleuré.",
    "ca.s51.c1": "Ouvrir la lingerie",
    "ca.s51.c2": "Descendre à la cave",
    "ca.s51.c3": "Revenir à la cuisine",

    "ca.s52.title": "La lingerie",
    "ca.s52.body": "Draps suspendus, blancs. Ils ne bougent pas, malgré le courant d’air. Au fond, un panier contient un drap noir, lourd, et une étiquette : \"POUR LE PORTRAIT\".",
    "ca.s52.c1": "Prendre le drap noir",
    "ca.s52.c2": "Reculer",
    "ca.s52.c3": "Chercher une sortie de service",

    "ca.s53.title": "Sortie de service",
    "ca.s53.body": "Une petite porte donne sur l’extérieur… mais quand tu l’ouvres, tu vois le même hall. Comme si la maison te renvoyait à elle-même. Le château ne mène plus dehors.",
    "ca.s53.c1": "Refermer et respirer",
    "ca.s53.c2": "Courir à l’étage (changer de stratégie)",
    "ca.s53.c3": "Descendre au sous-sol (chercher le vrai dehors)",

    "ca.s54.title": "Grenier",
    "ca.s54.body": "Le grenier sent le bois sec. Pourtant, une zone est humide, comme un souffle. Des malles alignées. Une corde pend du plafond, pas une corde de jeu : une corde trop sérieuse.",
    "ca.s54.c1": "Ouvrir une malle",
    "ca.s54.c2": "S’approcher de la corde",
    "ca.s54.c3": "Reculer et redescendre",

    "ca.s55.title": "Malle ouverte",
    "ca.s55.body": "Dans la malle : des voiles noirs, des cadres vides, des plaques en laiton. L’une des plaques est vierge. Une autre porte déjà ton prénom, gravé net.",
    "ca.s55.c1": "Prendre la plaque vierge",
    "ca.s55.c2": "Prendre la plaque à ton prénom (preuve)",
    "ca.s55.c3": "Refermer la malle et partir",

    "ca.s56.title": "La corde",
    "ca.s56.body": "La corde pend juste au-dessus d’une marque au sol, un cercle plus clair. Comme si on l’avait utilisée. La corde est propre, sans poussière. Tu sens une présence immobile, comme quelqu’un qui attend.",
    "ca.s56.c1": "Toucher la corde",
    "ca.s56.c2": "Reculer sans bruit",
    "ca.s56.c3": "Tracer du sel autour du cercle",

    "ca.s57.title": "L’attente",
    "ca.s57.body": "Le silence est total. Puis un chuchotement, très doux : \"Tu es presque là.\" Tu ne sais pas où est \"là\". Mais ton corps comprend que c’est un endroit sans sortie.",
    "ca.s57.c1": "Redescendre en courant",
    "ca.s57.c2": "Parler : \"Qui es-tu ?\"",
    "ca.s57.c3": "Rester et écouter encore",

    "ca.s58.title": "Retour étage",
    "ca.s58.body": "Le palier a changé. La porte de la galerie est ouverte. La bibliothèque est fermée. Le balancier de l’horloge tape contre le bois, comme un signal : viens.",
    "ca.s58.c1": "Aller à la galerie",
    "ca.s58.c2": "Forcer la bibliothèque",
    "ca.s58.c3": "Redescendre au hall",

    "ca.s59.title": "Galerie, troisième fois",
    "ca.s59.body": "Les voiles sont tous levés. Les cadres vides t’encadrent, comme si tu étais l’œuvre. Le miroir est plus clair, presque lumineux. Au fond du reflet, la porte inexistante est ouverte.",
    "ca.s59.c1": "Entrer dans la porte du reflet",
    "ca.s59.c2": "Utiliser le sel face au miroir",
    "ca.s59.c3": "Nommer le château à voix haute",

    "ca.s60.title": "La porte du reflet",
    "ca.s60.body": "Tu avances. Le miroir ne te renvoie plus. Tu sens une résistance, comme une peau froide. Puis tu passes… et l’air change. Tu es dans un couloir qui n’appartient à aucun plan.",
    "ca.s60.c1": "Avancer dans le couloir du reflet",
    "ca.s60.c2": "Revenir en arrière (si possible)",
    "ca.s60.c3": "Marquer le mur (pour te repérer)",

    "ca.s61.title": "Le couloir sans plan",
    "ca.s61.body": "Les murs sont lisses, noirs, humides, comme si le château avait une couche intérieure. Des portes sans poignée. Au sol, une ligne blanche : sel ou peinture. Elle te mène quelque part.",
    "ca.s61.c1": "Suivre la ligne blanche",
    "ca.s61.c2": "Tenter une porte sans poignée",
    "ca.s61.c3": "Revenir vers le miroir",

    "ca.s62.title": "Porte sans poignée",
    "ca.s62.body": "La porte s’ouvre seule, comme soulagée. À l’intérieur : une pièce vide, sauf un cadre au mur, et sous le cadre, une plaque en laiton vierge. Le cadre semble attendre un portrait.",
    "ca.s62.c1": "Accrocher la plaque vierge au cadre",
    "ca.s62.c2": "Refuser et ressortir",
    "ca.s62.c3": "Placer le drap noir sur le cadre",

    "ca.s63.title": "La ligne blanche",
    "ca.s63.body": "La ligne te ramène… au hall. Mais pas au même hall. Les cadres sont pleins : des portraits voilés, tous. Et tu comprends que tu as changé de version du château, comme on tourne une page.",
    "ca.s63.c1": "Aller à la porte d’entrée (nouvel essai)",
    "ca.s63.c2": "Monter à l’étage",
    "ca.s63.c3": "Descendre au sous-sol",

    "ca.s64.title": "Hall des portraits",
    "ca.s64.body": "Un portrait a son voile à moitié tombé. Tu distingues un visage flou, comme effacé par la pluie… mais tu reconnais ta posture, ta manière de te tenir. Ça ne devrait pas être possible.",
    "ca.s64.c1": "Soulever complètement le voile",
    "ca.s64.c2": "Fuir vers la porte d’entrée",
    "ca.s64.c3": "Aller chercher des preuves (bibliothèque / carnet)",

    "ca.s65.title": "Visage en formation",
    "ca.s65.body": "Sous le voile, le visage n’est pas fini. Il manque les yeux. La toile semble humide. Un souffle froid passe derrière toi, comme une main qui ajuste un détail.",
    "ca.s65.c1": "Recouvrir le portrait",
    "ca.s65.c2": "Tracer du sel sur le cadre",
    "ca.s65.c3": "Parler : \"Je ne signe rien\"",

    "ca.s66.title": "La sortie rétrécie",
    "ca.s66.body": "La porte d’entrée ressemble à une maquette de porte. Elle est plus petite, plus loin. La poignée est au niveau de ton ventre. Tu comprends : plus tu restes, plus la sortie devient un souvenir.",
    "ca.s66.c1": "Forcer la sortie maintenant",
    "ca.s66.c2": "Retourner au miroir (chercher l’origine)",
    "ca.s66.c3": "Descendre au sous-sol avec le sel",

    "ca.s67.title": "Sous-sol, dernière chance",
    "ca.s67.body": "La cave t’accueille comme si elle t’avait attendu. Les bocaux sont alignés. Le bocal sans étiquette est maintenant étiqueté… avec ton prénom. La date est celle d’aujourd’hui.",
    "ca.s67.c1": "Déchirer l’étiquette",
    "ca.s67.c2": "Tracer un cercle de sel et rester dedans",
    "ca.s67.c3": "Courir vers la chapelle souterraine",

    "ca.s68.title": "L’étiquette",
    "ca.s68.body": "Le papier se déchire trop facilement. Mais l’encre reste, comme imprimée dans le verre. Le bocal semble plus lourd. Tu sens une idée absurde : si tu l’emportes, tu t’emportes toi-même.",
    "ca.s68.c1": "Laisser le bocal et remonter",
    "ca.s68.c2": "Renverser le bocal (briser le rituel)",
    "ca.s68.c3": "Courir vers l’escalier sans regarder",

    "ca.s69.title": "Renverser",
    "ca.s69.body": "Le verre ne casse pas. Il roule, lentement, et revient se poser exactement à sa place. Le château te corrige. Dans ton dos, un chuchotement : \"Ça ne marche pas comme ça.\"",
    "ca.s69.c1": "Tracer du sel et reculer",
    "ca.s69.c2": "Aller à la chapelle",
    "ca.s69.c3": "Remonter en courant",

    "ca.s70.title": "Chapelle, ultime",
    "ca.s70.body": "La clochette est déjà en mouvement, sans main. Sur l’autel, le cadre vide a maintenant une toile blanche. Sur la toile, une tache sombre : l’amorce d’un portrait.",
    "ca.s70.c1": "Tracer une barrière de sel devant l’autel",
    "ca.s70.c2": "Mettre la plaque vierge (ou ton prénom) au cadre",
    "ca.s70.c3": "Refuser, tourner le dos, remonter",

    "ca.s71.title": "Barrière de sel",
    "ca.s71.body": "Tu verses le sel. La ligne brille, puis l’air tremble. Le fredonnement se transforme en souffle contrarié. Une présence heurte la barrière, sans corps, comme un mur d’eau froide.",
    "ca.s71.c1": "Profiter et courir vers la sortie",
    "ca.s71.c2": "Remonter au hall en gardant le sel",
    "ca.s71.c3": "Retourner au miroir (finir le jeu)",

    "ca.s72.title": "Le choix final",
    "ca.s72.body": "Tu as assez vu : la maison écrit, prépare, remplace les sorties, et t’offre des objets comme des invitations. Tu es au bord : fuir avec des preuves, céder, ou forcer la vérité entière.",
    "ca.s72.c1": "Fuir avec tes preuves",
    "ca.s72.c2": "Accepter de rester (rejoindre l’éternité)",
    "ca.s72.c3": "Activer la vérité complète",

    "ca.end_good.title": "Fin — Sortie (avec preuve)",
    "ca.end_good.body": "Tu franchis la dernière limite. L’air extérieur te coupe la gorge. Derrière toi, le château redevient une masse muette, comme un décor. Dans ta main, le carnet / registre / plaque pèse trop, et l’encre, en le regardant, semble encore fraîche. Sur la route, ton téléphone affiche enfin du réseau… puis une notification : \"RÉSIDANT : EN ATTENTE\".",

    "ca.end_bad.title": "Fin — Résidant",
    "ca.end_bad.body": "Tu cèdes, juste un pas. Le froid devient doux. Les bruits se rangent. Tu comprends que le château ne veut pas te tuer : il veut te classer. Plus tard, quelqu’un passera le portail ouvert, et trouvera le hall propre. Un cadre vide attendra. Une place sera prête.",

    "ca.end_secret.title": "Fin secrète — La vérité complète",
    "ca.end_secret.body": "Tu forces le système. Sel, miroir, nom : tu les mets dans le bon ordre. Le château se fissure comme une image qui charge mal. Une seconde, tu vois les habitants — pas humains, pas spectres : des souvenirs attachés aux murs. Et tu comprends enfin pourquoi tu te perdais : ce lieu ne changeait pas… il te recopiait. Quand tu sors, tu n’es pas sûr d’être le bon toi.",

    "ca.h.s14.soft": "Le carnet n’est pas un simple détail : il te sert de preuve et de repère.",
    "ca.h.s14.strong": "Garder le carnet aide à débloquer la bonne fin (preuve) et la voie secrète (vérité complète).",

    "ca.h.s19.soft": "La liste sur l’ardoise ressemble à une procédure, pas à une menace.",
    "ca.h.s19.strong": "L’ordre \"verrou, sel, nom, miroir\" guide la progression et la fin secrète.",

    "ca.h.s20.soft": "Une clé ici n’est jamais gratuite : elle correspond à une porte précise.",
    "ca.h.s20.strong": "La clé \"GALERIE\" ouvre une zone clé (miroir) et accélère l’accès à la voie secrète.",

    "ca.h.s24.soft": "Le registre agit comme une preuve que le château écrit sur toi.",
    "ca.h.s24.strong": "Prendre le registre compte comme preuve pour la bonne fin et renforce la voie secrète.",

    "ca.h.s27.soft": "La galerie n’est pas qu’une salle : c’est un mécanisme.",
    "ca.h.s27.strong": "Le miroir est une porte logique : il mène au couloir sans plan (progression majeure).",

    "ca.h.s36.soft": "Le sel change le comportement du lieu : observe les réactions.",
    "ca.h.s36.strong": "Le sel sert de barrière (anti-présence) et est requis pour sécuriser la sortie / fin secrète.",

    "ca.h.s41.soft": "Le papier est plus important que l’objet qu’il interdit.",
    "ca.h.s41.strong": "Le papier \"NE PAS ACCEPTER\" est une preuve forte et un avertissement contre la fin mauvaise.",

    "ca.h.s55.soft": "Les plaques en laiton indiquent une logique d’assignation.",
    "ca.h.s55.strong": "La plaque à ton prénom est une preuve clé, et la plaque vierge sert à la manipulation de la voie secrète.",

    "ca.h.s59.soft": "Quand le miroir devient trop \"clair\", c’est qu’il est prêt.",
    "ca.h.s59.strong": "Entrer dans la porte du reflet ouvre la branche principale de la vérité complète.",

    "ca.h.s62.soft": "Cadre + plaque = rituel d’inscription. Le château adore les noms.",
    "ca.h.s62.strong": "Éviter d’inscrire ton nom empêche la fin mauvaise ; utiliser la plaque vierge aide la fin secrète.",

    "ca.h.s72.soft": "Tu peux terminer en fuyant… ou insister et comprendre.",
    "ca.h.s72.strong": "Fin secrète = miroir (galerie) + sel (barrière) + preuve (carnet/registre/plaque) + refus d’inscription."
  }
}
