﻿{
  "meta": {
    "scenario_id": "hopital_ferme",
    "language": "ko",
    "version": "1.0.0",
    "hint_ns": "hf.h",
    "generated": "2026-02-10"
  },
  "strings": {
    "hf.title": "생상드르 병원 — 파일 0",
    "hf.tagline": "복도가 움직인다. 서류가 너를 안다. 그리고 누군가가 당직을 이어 간다.",
    "hf.s01.title": "철문",
    "hf.s01.body": "철문은 잠겨 있지만, 사슬이 축 늘어져 있다. 방금 잘린 것처럼. 그 너머로 병원이 밤을 삼킨다. 네온은 한 번은 켜지고 한 번은 꺼진다.",
    "hf.s01.c1": "그래도 철문을 넘어간다",
    "hf.s01.c2": "출입금지 표지판을 읽는다",
    "hf.s01.c3": "누군가에게 연락한다 (신호 없음)",
    "hf.s02.title": "잘린 사슬",
    "hf.s02.body": "바닥의 사슬이 미지근하다. 새로 생긴 녹도, 먼지도 없다. 방금 거기에 놓인 것처럼.",
    "hf.s02.c1": "문 쪽으로 간다",
    "hf.s02.c2": "표지판으로 돌아간다",
    "hf.s02.c3": "가만히 서서 듣는다",
    "hf.s03.title": "새 종이",
    "hf.s03.body": "낡은 «폐쇄» 아래, 새 종이가 붙어 있다: «환자 도착 예정 — 자동 접수». 아래에는 네 성만 타이핑되어 있다. 이름은 없다.",
    "hf.s03.c1": "종이를 사진으로 찍는다",
    "hf.s03.c2": "다른 입구를 찾는다",
    "hf.s03.c3": "물러섰다가… 다시 온다 (안 된다)",
    "hf.s04.title": "신호 없음",
    "hf.s04.body": "휴대폰은 0칸. 그런데 화면이 스스로 켜진다: «당직: 재실». 고개를 들면, 2층 창 하나가 방금 꺼졌다.",
    "hf.s04.c1": "철문으로 돌아간다",
    "hf.s04.c2": "로비로 들어간다",
    "hf.s04.c3": "이해할 때까지 그 창을 응시한다",
    "hf.s05.title": "로비",
    "hf.s05.body": "따뜻한 염소 냄새. 가운데 바닥만 젖어 있다—누가 방금 걸레질한 것처럼. 문 닫은 곳치고는 너무 깨끗하다.",
    "hf.s05.c1": "접수대 쪽으로 간다",
    "hf.s05.c2": "주 복도를 따른다",
    "hf.s05.c3": "밖으로 나간다 (밤이 더 두껍다)",
    "hf.s06.title": "접수대",
    "hf.s06.body": "탁상 종, 열린 접수대장, 종이 배지… 날짜는 오늘. 컴퓨터 화면엔 커서가 깜빡인다: «파일: 진행 중».",
    "hf.s06.c1": "종을 울린다",
    "hf.s06.c2": "접수대장을 읽는다",
    "hf.s06.c3": "뒤쪽 엘리베이터를 시도한다",
    "hf.s07.title": "주 복도",
    "hf.s07.body": "복도는 지나치게 곧게 늘어진다. 문은 모두 똑같다. 끝에 표지판: «진료실», 더 안쪽에는 «계단 — -1층».",
    "hf.s07.c1": "병실 쪽으로 간다",
    "hf.s07.c2": "영상의학과로 간다",
    "hf.s07.c3": "계단으로 내려간다",
    "hf.s08.title": "인터폰",
    "hf.s08.body": "종이 울린다. 1초 뒤 인터폰이 지직거린다: «늦었습니다. 팔찌를 제시하세요.» 너에겐 팔찌가 없다.",
    "hf.s08.c1": "어디서 받는지 묻는다",
    "hf.s08.c2": "인터폰을 끈다",
    "hf.s08.c3": "접수대를 떠난다",
    "hf.s09.title": "접수대장",
    "hf.s09.body": "네 이름이 이미 적혀 있다, 잉크는 마른 지 오래. 14호실. 다음 줄: «팔찌 수령». 펜으로 그린 화살표가 병실을 가리킨다.",
    "hf.s09.c1": "아무렇지 않은 듯 서명한다",
    "hf.s09.c2": "14호실로 간다",
    "hf.s09.c3": "무시하고 복도로 돌아간다",
    "hf.s10.title": "배지 «환자»",
    "hf.s10.body": "프린터가 종이 배지를 토해낸다: «환자 — 당직». 키, 몸무게… 정확한 수치. 너무 정확하다.",
    "hf.s10.c1": "배지를 단다 (나쁜 선택)",
    "hf.s10.c2": "접어 들고 간다",
    "hf.s10.c3": "찢어버린다",
    "hf.s11.title": "14호실",
    "hf.s11.body": "침대는 흐트러져 있고 베개 쪽은 아직 미지근하다. 협탁 위엔 환자 팔찌. 심전도 모니터는 꺼져 있지만 LED가 천천히 «숨»을 쉰다.",
    "hf.s11.c1": "협탁의 팔찌를 집는다",
    "hf.s11.c2": "호출 버튼을 누른다",
    "hf.s11.c3": "바로 나간다",
    "hf.s12.title": "미지근한 팔찌",
    "hf.s12.body": "팔찌엔 네 이름이 있다. 만지자 플라스틱 안에서 맥박 같은 충동이 느껴진다.",
    "hf.s12.c1": "손목에 찬다",
    "hf.s12.c2": "주머니에 넣는다",
    "hf.s12.c3": "일단은 두고 간다",
    "hf.s13.title": "멈춘 엘리베이터",
    "hf.s13.body": "엘리베이터 문이 어둠을 향해 살짝 열려 있다. «–1» 버튼은 긁혀 있고, 누군가 뜯어내려 한 흔적 같다. 금속 냄새가 새어 나온다.",
    "hf.s13.c1": "억지로 더 연다",
    "hf.s13.c2": "«–1»을 누른다",
    "hf.s13.c3": "접수대로 돌아간다",
    "hf.s14.title": "영상의학과",
    "hf.s14.body": "장비는 대기 상태. 화면엔 이미 로딩된 영상 하나—마치 널 기다린 것처럼. 윙윙거림이 너무 일정하다.",
    "hf.s14.c1": "화면의 영상을 본다",
    "hf.s14.c2": "«진료실» 쪽 출구를 찾는다",
    "hf.s14.c3": "주 복도로 돌아간다",
    "hf.s15.title": "불가능한 영상",
    "hf.s15.body": "영상에는 흉곽… 그리고 중앙에 검은 직사각형: 종이 파일이 있어야 할 정확한 자리. 아래 도장: «환자 0 — 기록실».",
    "hf.s15.c1": "«기록실»을 메모하고 물러선다",
    "hf.s15.c2": "기록실을 찾으러 간다",
    "hf.s15.c3": "불을 켜 확인한다 (빛이 흔들린다)",
    "hf.s16.title": "예배실",
    "hf.s16.body": "벽감에 촛불 세 개가 아직 타고 있다, 왁스는 تازه. 기도 노트는 빈 페이지에 펼쳐져 있고 문장 하나만 있다: «당직 = 너».",
    "hf.s16.c1": "영상의학과로 돌아간다",
    "hf.s16.c2": "조용함을 따라 진료실로 간다",
    "hf.s16.c3": "복도로 돌아간다",
    "hf.s17.title": "문 «진료실»",
    "hf.s17.body": "스캐너가 달린 흰 문. 화면에는 «팔찌 제시». 문 뒤에서 카트가 느리게 굴러가는 소리가 난다.",
    "hf.s17.c1": "팔찌를 스캐너에 댄다",
    "hf.s17.c2": "스캐너 없이 문을 억지로 연다",
    "hf.s17.c3": "병실 쪽으로 물러난다",
    "hf.s18.title": "의사 진료실",
    "hf.s18.body": "진료실은 정리되어 있다. 너무. 가운데 녹음기 하나, 테이프가 끼워져 있다. 메모: «증거 없이는 환자를 내보내지 말 것.»",
    "hf.s18.c1": "녹음기를 듣는다",
    "hf.s18.c2": "테이프를 챙긴다",
    "hf.s18.c3": "서랍을 뒤진다",
    "hf.s19.title": "미끄러지는 복도",
    "hf.s19.body": "문을 넘자마자 복도가 달라진다. 벽이던 곳에 교차로가 생긴다. 네온이 이빨처럼 어긋난다.",
    "hf.s19.c1": "벽에 표시한다 (길잡이용)",
    "hf.s19.c2": "카트 소리를 따라간다",
    "hf.s19.c3": "계단을 찾는다",
    "hf.s20.title": "계단실",
    "hf.s20.body": "표지판: «-1층». 아래에서 올라오는 공기는 차갑고 축축하다. 누군가 계단에서 숨 쉬는 것 같다.",
    "hf.s20.c1": "-1층으로 내려간다",
    "hf.s20.c2": "복도로 다시 올라간다",
    "hf.s20.c3": "엘리베이터로 돌아간다",
    "hf.s21.title": "-1층",
    "hf.s21.body": "배관이 젖어 흐른다. 끝에 «보안». 더 안쪽엔 «감시실». 빛이 바닥에서 올라오는 것 같다.",
    "hf.s21.c1": "보안실로 간다",
    "hf.s21.c2": "«감시실» 문을 시도한다",
    "hf.s21.c3": "계단으로 돌아간다",
    "hf.s22.title": "보안실",
    "hf.s22.body": "모니터는 꺼져 있지만 팬은 돈다. 걸이에 출입카드. 벽에는 내부 뜰로 나가는 비상 대피도가 있다.",
    "hf.s22.c1": "출입카드를 챙긴다",
    "hf.s22.c2": "모니터 하나를 켠다",
    "hf.s22.c3": "금속 캐비닛을 뒤진다",
    "hf.s23.title": "대피도",
    "hf.s23.body": "대피도에는 «내부 뜰 출구». 마커 메모: «증거 없으면 수술실로 복귀». 네게 쓰인 문장처럼 느껴진다.",
    "hf.s23.c1": "내부 뜰로 간다",
    "hf.s23.c2": "기록실로 간다 (카드 문)",
    "hf.s23.c3": "보안실로 돌아간다",
    "hf.s24.title": "문 «기록실»",
    "hf.s24.body": "회색 문, 카드 리더기. 라벨이 새것이다: «환자 0». 네가 걷는 동안 병원이 표지판을 붙이는 것 같다.",
    "hf.s24.c1": "카드를 찍고 들어간다",
    "hf.s24.c2": "문 뒤를 듣는다",
    "hf.s24.c3": "대피도로 돌아간다",
    "hf.s25.title": "기록실",
    "hf.s25.body": "높은 선반. 상자. 파일. 그리고 책상 위, 빈 페이지에 펼쳐진 바인더. 먼지 위에 최근 손가락 자국이 뚫려 있다.",
    "hf.s25.c1": "«환자 0»을 찾는다",
    "hf.s25.c2": "아무 선반이나 뒤진다",
    "hf.s25.c3": "다른 출구를 찾는다",
    "hf.s26.title": "숨 쉬는 파일들",
    "hf.s26.body": "파일이 부풀어 있다, 공기를 들이마시는 것처럼. 네가 숨을 들이쉴 때마다 바인더 하나가 아주 조금 들린다.",
    "hf.s26.c1": "가장 «살아있는» 파일을 뽑는다",
    "hf.s26.c2": "감시실로 간다",
    "hf.s26.c3": "선반으로 돌아간다",
    "hf.s27.title": "찍힌 네 이름",
    "hf.s27.body": "드디어 찾는다: «환자 0». 라벨에는 네 이름. 그 아래 날짜… 내일. 공기는 축축한데 종이는 차갑다.",
    "hf.s27.c1": "파일을 연다",
    "hf.s27.c2": "두고 물러난다",
    "hf.s27.c3": "가져간다 (손이 떤다)",
    "hf.s28.title": "감시실",
    "hf.s28.body": "화면에는 복도들이 비친다. 그중 하나에 너 자신이… 1초 늦게 나온다. 그 지연은 심장 박동처럼 정확하다.",
    "hf.s28.c1": "녹화를 시작한다",
    "hf.s28.c2": "카메라 각도를 바꾼다",
    "hf.s28.c3": "대피도로 돌아간다",
    "hf.s29.title": "되감기",
    "hf.s29.body": "벽에 표시를 했다. 그런데 표시가 제자리에 없다: 문 위에 있다. 그리고 그 문은 없던 문이다.",
    "hf.s29.c1": "그 문을 연다",
    "hf.s29.c2": "기록실로 달린다",
    "hf.s29.c3": "보안 쪽으로 돌아간다",
    "hf.s30.title": "수술실",
    "hf.s30.body": "수술실 불이 켜져 있다. 수술등이 공기를 천천히 덥힌다. 수술대는 덮개까지 준비돼 있다—곧 수술이 있을 것처럼. 하지만 아무도 없다.",
    "hf.s30.c1": "들어가서 다가간다",
    "hf.s30.c2": "닫고 도망친다",
    "hf.s30.c3": "유리 너머로 지켜본다",
    "hf.s31.title": "기구 트레이",
    "hf.s31.body": "기구가 가지런하다. 장갑 한 켤레가 가장자리에 놓여 있다, 막 포장을 뜯은 듯 번들거린다.",
    "hf.s31.c1": "금속을 만진다 (달라붙는다)",
    "hf.s31.c2": "장갑을 집고 물러난다",
    "hf.s31.c3": "아무것도 만지지 않고 물러난다",
    "hf.s32.title": "회복실",
    "hf.s32.body": "커튼 뒤에 서 있다. 작은 삑— 소리가 따라온다. 손목에는 접착 자국… 센서를 떼어낸 듯.",
    "hf.s32.c1": "커튼을 젖히고 나간다",
    "hf.s32.c2": "스피커의 지직거림을 듣는다",
    "hf.s32.c3": "1초만 더 눈을 감는다",
    "hf.s33.title": "들것 복도",
    "hf.s33.body": "들것들이 벽에 줄지어 있다. 그중 하나가 아주 미세하게 움직인다, 보이지 않는 무게가 올라가는 것처럼.",
    "hf.s33.c1": "«출구» 화살표를 따른다",
    "hf.s33.c2": "보안실로 돌아간다",
    "hf.s33.c3": "탈의실을 찾는다",
    "hf.s34.title": "탈의실",
    "hf.s34.body": "사물함. 가운. 그리고 살짝 열린 사물함 안에 글자 알아볼 수 없는 배지. 문 뒤에서 펜이 긁히는 소리가 난다.",
    "hf.s34.c1": "«인턴» 사물함을 연다",
    "hf.s34.c2": "가운을 챙겨 나간다",
    "hf.s34.c3": "들것 복도로 돌아간다",
    "hf.s35.title": "폐기물실",
    "hf.s35.body": "검은 봉투. 표백제 냄새. 금속 문: «영안실». 바닥의 해치가 기록실로 이어질지도 모른다.",
    "hf.s35.c1": "영안실로 간다",
    "hf.s35.c2": "해치로 내려간다 (기록실로 복귀)",
    "hf.s35.c3": "들것으로 돌아간다",
    "hf.s36.title": "영안실",
    "hf.s36.body": "빛이 지나치게 하얗다. 금속 서랍은 닫혀 있다… 하나만 살짝 열려 있다. 그 틈에서 차가운 숨이 나온다.",
    "hf.s36.c1": "살짝 열린 서랍을 연다",
    "hf.s36.c2": "물러나 문을 닫는다",
    "hf.s36.c3": "벽 전화기를 든다 (울린다)",
    "hf.s37.title": "환자 0 파일",
    "hf.s37.body": "서랍 안: 종이 파일. 시신은 없다. 네 파일만, 소포처럼 놓여 있다. 첫 장: «상태: 진행 중».",
    "hf.s37.c1": "파일을 챙긴다",
    "hf.s37.c2": "두고 물러난다",
    "hf.s37.c3": "«검증»실을 찾는다",
    "hf.s38.title": "스스로 써지는 문장",
    "hf.s38.body": "눈앞에서 한 줄이 혼자 타이핑된다: «환자는 이것을 읽는다. 그는 혼자라고 믿는다.» 다음 문장이 시작되지만… 네가 숨을 멈추면 멈춘다.",
    "hf.s38.c1": "닫고 출구로 달린다",
    "hf.s38.c2": "기록실로 돌아간다",
    "hf.s38.c3": "페이지를 찢는다",
    "hf.s39.title": "출구문",
    "hf.s39.body": "«출구» 표지와 비상바. 문 너머로 차가운 공기. 그리고… 아주 작은 키보드 소리.",
    "hf.s39.c1": "바를 밀고 나간다",
    "hf.s39.c2": "들것으로 돌아간다",
    "hf.s39.c3": "문에 붙어 듣는다",
    "hf.s40.title": "내부 뜰",
    "hf.s40.body": "밖이다, 뜰 안. 벽은 너무 높다. 거리로 나가는 철문이 있지만… 자물쇠는 새것처럼 번쩍인다.",
    "hf.s40.c1": "철문으로 달린다",
    "hf.s40.c2": "낮은 벽 뒤에 숨는다",
    "hf.s40.c3": "안으로 다시 들어간다",
    "hf.s41.title": "바깥 공기",
    "hf.s41.body": "숨을 들이쉰다. 공기는 현실적이다. 너무 현실적이다. 그때 휴대폰이 진동한다: «알림: 진료 진행 중». 너는 예약한 적이 없다.",
    "hf.s41.c1": "거리 쪽 철문을 억지로 연다",
    "hf.s41.c2": "뜰로 돌아간다",
    "hf.s41.c3": "2층 창을 올려다본다",
    "hf.s42.title": "근무자",
    "hf.s42.body": "유리문 너머 복도 끝에서 누군가 가운을 입고 지나간다. 얼굴이 보이지 않는다. 카트를 밀고 있다. 당직이 계속되는 것처럼.",
    "hf.s42.c1": "조용히 따라간다",
    "hf.s42.c2": "불러 세운다",
    "hf.s42.c3": "틈을 타 도망친다",
    "hf.s43.title": "«진료»",
    "hf.s43.body": "가운이 돌아선다. 여전히 얼굴은 없다—흐릿한 공백뿐. 또렷한 목소리: «환자는 제시되어야 합니다.» 수술대가 널 기다린다.",
    "hf.s43.c1": "순응하고 눕는다",
    "hf.s43.c2": "거부하고 물러난다",
    "hf.s43.c3": "출구로 도망친다",
    "hf.s44.title": "고정",
    "hf.s44.body": "끈이 느껴진다. 삑—이 더 커진다. 어딘가에 문장이 뜬다: «증거 없으면 수술실로 복귀». 숨을 찾는다.",
    "hf.s44.c1": "눈을 감는다",
    "hf.s44.c2": "버둥댄다 (소용없다)",
    "hf.s44.c3": "증거를 보여 준다 (있다면)",
    "hf.s45.title": "증거",
    "hf.s45.body": "증거가 있다. 오디오, 영상, 혹은 파일. «이곳은 거짓말한다»고 말해 줄 무언가. 보안 화면이 지직거린다—싫어하는 것처럼.",
    "hf.s45.c1": "당장 나간다",
    "hf.s45.c2": "«검증»실을 찾는다",
    "hf.s45.c3": "증거를 파괴한다 (그리고 잊는다)",
    "hf.s46.title": "검증",
    "hf.s46.body": "손잡이 없는 문 뒤, 작은 사무실. 컴퓨터가 혼자 타이핑한다. 화면: «환자 0 — 상태: 배정 대기». «검증됨» 도장이 잉크가 젖은 채로 놓여 있다.",
    "hf.s46.c1": "배정을 받아들인다",
    "hf.s46.c2": "거부하고 달린다",
    "hf.s46.c3": "스스로 «검증됨»을 찍는다",
    "hf.s47.title": "마지막 선택",
    "hf.s47.body": "거리로 나가는 철문이 바로 앞. 마지막으로 키보드 소리가 들린다. 병원이 네 결말을 기다리는 것처럼.",
    "hf.s47.c1": "증거를 가지고 나간다",
    "hf.s47.c2": "«진료를 마치러» 돌아간다",
    "hf.s47.c3": "완전한 진실을 활성화한다",
    "hf.s48.title": "마지막 복도",
    "hf.s48.body": "철문으로 다가간다. 금속은 차갑다. 뒤에서 뜰 문이 천천히 닫히는 느낌—소리 없이. 공기가 말을 삼킨다.",
    "hf.s48.c1": "철문을 밀고 뒤를 보지 않는다",
    "hf.s48.c2": "돌아본다 (단 1초)",
    "hf.s48.c3": "«무언가»를 찾으러 돌아간다",
    "hf.end_good.title": "결말 — 탈출 (증거와 함께)",
    "hf.end_good.body": "철문을 통과한다. 새벽 공기가 폐를 문다. 뒤의 병원은 멈춰 있다… 너무 멈춰 있다. 손 안의 증거는 뜨거운 돌처럼 무겁다. 사진/녹화를 확인하면, 시간표시는 존재하지 않는다.",
    "hf.end_bad.title": "결말 — 수술실로 복귀",
    "hf.end_bad.body": "천장의 빛이 눈을 먹어 치운다. 삑—은 한 음이 된다. 어딘가에서 누군가가 쓴다: «환자 제시됨. 당직 검증 완료.» 그리고 너는 안다. 여기서 출구는 애초에 문이 아니었다.",
    "hf.end_secret.title": "비밀 결말 — 배정",
    "hf.end_secret.body": "도장이 내려찍힌다. «검증됨». 화면: «당직 인원: 활성». 키보드 소리가 멈춘다. 문이 닫힌다. 그리고 침묵 속에서, 너는 느낀다—장소가 마침내 숨 쉬기 시작했다는 걸… 네가 교대했기 때문에.",
    "hf.clue.has_bracelet.title": "환자 팔찌",
    "hf.clue.has_bracelet.desc": "방금 채워진 듯 미지근한 팔찌.",
    "hf.clue.has_keycard.title": "출입카드",
    "hf.clue.has_keycard.desc": "직원용 마그네틱 카드. 더는 작동하면 안 되는 문을 연다.",
    "hf.clue.has_tape.title": "당직 테이프",
    "hf.clue.has_tape.desc": "녹음기 테이프: 한 목소리가 근무 시간을 적는다… 그리고 네 이름도.",
    "hf.clue.has_recording.title": "CCTV 녹화",
    "hf.clue.has_recording.desc": "영상 증거: 카메라는 움직이지 않는데 복도가 움직인다.",
    "hf.clue.has_dossier.title": "환자 0 파일",
    "hf.clue.has_dossier.desc": "네 파일. 네가 숨 쉴수록 내용이 채워진다.",
    "hf.h.s12.soft": "이제 병원이 «인정»하는 무언가를 갖게 됐다.",
    "hf.h.s12.strong": "팔찌는 문을 열거나 바꾸며, 비밀 경로를 가능하게 한다.",
    "hf.h.s18.soft": "녹음기는 우연히 놓인 게 아니다.",
    "hf.h.s18.strong": "테이프를 챙겨라: 증거로 인정되고 비밀 결말에도 필요하다.",
    "hf.h.s22.soft": "아직 작동하는 건 보안에 있는 경우가 많다.",
    "hf.h.s22.strong": "출입카드를 챙겨라: 기록실, 감시실, 수술실을 연다.",
    "hf.h.s28.soft": "복도가 움직인다는 걸 증명하면, 루프를 깰 수 있다.",
    "hf.h.s28.strong": "녹화를 시작하라: 증거가 없으면 어떤 출구는 널 수술실로 돌려보낸다.",
    "hf.h.s37.soft": "그 파일은 네 생각보다 더 너에 관한 것이다.",
    "hf.h.s37.strong": "파일을 가져라: 가장 강한 증거이며 ‘완전한 진실’의 열쇠다.",
    "hf.h.s47.soft": "빨리 끝낼 수도… 더 깊이 갈 수도 있다.",
    "hf.h.s47.strong": "비밀 결말 = 팔찌 + 카드 + 테이프 + 녹화 + 파일."
  }
}
