{
  "meta": {
    "scenario_id": "metro_station_zero",
    "version": "1.0.0",
    "title_key": "msz.title",
    "tagline_key": "msz.tagline",
    "start_scene": "s01",
    "hint_ns": "msz.h",
    "clues": [
      "has_zero_ticket",
      "has_map_fragment",
      "has_service_key",
      "has_phone_recording",
      "has_name_tag"
    ]
  },
  "paths": {
    "logic": "data/scenarios/metro_station_zero/logic.json",
    "texts_fr": "data/scenarios/metro_station_zero/text_fr.json",
    "images_dir": "assets/scenarios/metro_station_zero/img/"
  },
  "images": {
    "cover": { "file": "assets/scenarios/metro_station_zero/img/cover.webp", "alt": "Quai de métro vide, néons froids, rame qui s’éloigne" },
    "platform_empty": { "file": "assets/scenarios/metro_station_zero/img/platform_empty.webp", "alt": "Long quai désert, bancs métalliques, affiches déchirées" },
    "train_dark": { "file": "assets/scenarios/metro_station_zero/img/train_dark.webp", "alt": "Intérieur de rame sombre, sièges vides, reflets inquiétants" },
    "signage_glitch": { "file": "assets/scenarios/metro_station_zero/img/signage_glitch.webp", "alt": "Panneau lumineux affichant une station inconnue, glitch discret" },
    "corridor_tiles": { "file": "assets/scenarios/metro_station_zero/img/corridor_tiles.webp", "alt": "Couloir carrelé, portes identiques, néon qui grésille" },
    "ticket_machine": { "file": "assets/scenarios/metro_station_zero/img/ticket_machine.webp", "alt": "Distributeur de tickets ancien, écran allumé, ticket qui dépasse" },
    "map_board": { "file": "assets/scenarios/metro_station_zero/img/map_board.webp", "alt": "Plan du réseau métro, zone arrachée, papier usé" },
    "service_door": { "file": "assets/scenarios/metro_station_zero/img/service_door.webp", "alt": "Porte métallique SERVICE, peinture écaillée, lecteur badge" },
    "maintenance_tunnel": { "file": "assets/scenarios/metro_station_zero/img/maintenance_tunnel.webp", "alt": "Tunnel de maintenance étroit, câbles, tuyaux, condensation" },
    "control_room": { "file": "assets/scenarios/metro_station_zero/img/control_room.webp", "alt": "Salle de contrôle métro, consoles, écrans CRT, chaise vide" },
    "office_lostfound": { "file": "assets/scenarios/metro_station_zero/img/office_lostfound.webp", "alt": "Bureau objets trouvés, registre ouvert, tampons" },
    "restroom_mirror": { "file": "assets/scenarios/metro_station_zero/img/restroom_mirror.webp", "alt": "Toilettes de station, miroir fendu, reflet légèrement décalé" },
    "escalator": { "file": "assets/scenarios/metro_station_zero/img/escalator.webp", "alt": "Escalator immobile montant vers un noir trop dense" },
    "stairs_down": { "file": "assets/scenarios/metro_station_zero/img/stairs_down.webp", "alt": "Escalier descendant, murs humides, panneau accès interdit" },
    "turnstiles": { "file": "assets/scenarios/metro_station_zero/img/turnstiles.webp", "alt": "Tourniquets de sortie, lecteurs éteints sauf un voyant rouge" },
    "exit_street": { "file": "assets/scenarios/metro_station_zero/img/exit_street.webp", "alt": "Sortie vers la rue à l’aube, air froid, sensation de libération" },
    "exit_blocked": { "file": "assets/scenarios/metro_station_zero/img/exit_blocked.webp", "alt": "Grille de sortie fermée, chaîne neuve, dehors vide" },
    "security_cctv": { "file": "assets/scenarios/metro_station_zero/img/security_cctv.webp", "alt": "Mur d’écrans CCTV, une vue avec retard, horodatage impossible" },
    "speaker_grille": { "file": "assets/scenarios/metro_station_zero/img/speaker_grille.webp", "alt": "Grille haut-parleur plafond, poussière, petite LED" },
    "poster_wall": { "file": "assets/scenarios/metro_station_zero/img/poster_wall.webp", "alt": "Mur d’affiches, une affiche neuve menaçante" },
    "flooded_passage": { "file": "assets/scenarios/metro_station_zero/img/flooded_passage.webp", "alt": "Passage bas partiellement inondé, reflets sombres" },
    "graffiti_arrow": { "file": "assets/scenarios/metro_station_zero/img/graffiti_arrow.webp", "alt": "Graffiti flèche vers SERVICE, peinture récente" },
    "shadow_figure": { "file": "assets/scenarios/metro_station_zero/img/shadow_figure.webp", "alt": "Silhouette floue au bout d’un couloir, dos tourné" },
    "locker_room": { "file": "assets/scenarios/metro_station_zero/img/locker_room.webp", "alt": "Vestiaire technique, casiers, gilet fluorescent, badge" },
    "final_good": { "file": "assets/scenarios/metro_station_zero/img/final_good.webp", "alt": "Aube dehors, sortie réelle, détail impossible en preuve" },
    "final_bad": { "file": "assets/scenarios/metro_station_zero/img/final_bad.webp", "alt": "Rame vide portes ouvertes, intérieur noir avalant la lumière" },
    "final_secret": { "file": "assets/scenarios/metro_station_zero/img/final_secret.webp", "alt": "Salle de contrôle, écrans OPÉRATEUR ACTIF, chaise qui attend" }
  },
  "state_model": {
    "flags": {
      "has_zero_ticket": false,
      "has_map_fragment": false,
      "has_service_key": false,
      "has_phone_recording": false,
      "has_name_tag": false
    }
  },
  "scenes": {
    "s01": {
      "image_id": "cover",
      "title_key": "msz.s01.title",
      "body_key": "msz.s01.body",
      "choices": [
        { "choice_key": "msz.s01.c1", "next": "s02" },
        { "choice_key": "msz.s01.c2", "next": "s03" },
        { "choice_key": "msz.s01.c3", "next": "s02" }
      ]
    },
    "s02": {
      "image_id": "cover",
      "title_key": "msz.s02.title",
      "body_key": "msz.s02.body",
      "choices": [
        { "choice_key": "msz.s02.c1", "next": "s03" },
        { "choice_key": "msz.s02.c2", "next": "s04" },
        { "choice_key": "msz.s02.c3", "next": "s05" }
      ]
    },
    "s03": {
      "image_id": "platform_empty",
      "title_key": "msz.s03.title",
      "body_key": "msz.s03.body",
      "choices": [
        { "choice_key": "msz.s03.c1", "next": "s05" },
        { "choice_key": "msz.s03.c2", "next": "s10" },
        { "choice_key": "msz.s03.c3", "next": "s06" }
      ]
    },
    "s04": {
      "image_id": "signage_glitch",
      "title_key": "msz.s04.title",
      "body_key": "msz.s04.body",
      "choices": [
        { "choice_key": "msz.s04.c1", "next": "s03" },
        { "choice_key": "msz.s04.c2", "next": "s08" },
        { "choice_key": "msz.s04.c3", "next": "s10" }
      ]
    },
    "s05": {
      "image_id": "platform_empty",
      "title_key": "msz.s05.title",
      "body_key": "msz.s05.body",
      "choices": [
        { "choice_key": "msz.s05.c1", "next": "s06" },
        { "choice_key": "msz.s05.c2", "next": "s10" },
        { "choice_key": "msz.s05.c3", "next": "s09" }
      ]
    },
    "s06": {
      "image_id": "speaker_grille",
      "title_key": "msz.s06.title",
      "body_key": "msz.s06.body",
      "choices": [
        { "choice_key": "msz.s06.c1", "next": "s07" },
        { "choice_key": "msz.s06.c2", "next": "s10" },
        { "choice_key": "msz.s06.c3", "next": "s05" }
      ]
    },
    "s07": {
      "image_id": "speaker_grille",
      "title_key": "msz.s07.title",
      "body_key": "msz.s07.body",
      "choices": [
        { "choice_key": "msz.s07.c1", "next": "s08" },
        { "choice_key": "msz.s07.c2", "next": "s10" },
        { "choice_key": "msz.s07.c3", "next": "s03" }
      ]
    },
    "s08": {
      "image_id": "poster_wall",
      "title_key": "msz.s08.title",
      "body_key": "msz.s08.body",
      "choices": [
        { "choice_key": "msz.s08.c1", "next": "s09" },
        { "choice_key": "msz.s08.c2", "next": "s10" },
        { "choice_key": "msz.s08.c3", "next": "s04" }
      ]
    },
    "s09": {
      "image_id": "platform_empty",
      "title_key": "msz.s09.title",
      "body_key": "msz.s09.body",
      "choices": [
        { "choice_key": "msz.s09.c1", "next": "s10" },
        { "choice_key": "msz.s09.c2", "next": "s48" },
        { "choice_key": "msz.s09.c3", "next": "s04" }
      ]
    },
    "s10": {
      "image_id": "corridor_tiles",
      "title_key": "msz.s10.title",
      "body_key": "msz.s10.body",
      "choices": [
        { "choice_key": "msz.s10.c1", "next": "s11" },
        { "choice_key": "msz.s10.c2", "next": "s17" },
        { "choice_key": "msz.s10.c3", "next": "s19" }
      ]
    },
    "s11": {
      "image_id": "escalator",
      "title_key": "msz.s11.title",
      "body_key": "msz.s11.body",
      "choices": [
        { "choice_key": "msz.s11.c1", "next": "s12" },
        { "choice_key": "msz.s11.c2", "next": "s13" },
        { "choice_key": "msz.s11.c3", "next": "s16" }
      ]
    },
    "s12": {
      "image_id": "escalator",
      "title_key": "msz.s12.title",
      "body_key": "msz.s12.body",
      "choices": [
        { "choice_key": "msz.s12.c1", "next": "s13" },
        { "choice_key": "msz.s12.c2", "next": "s21" },
        { "choice_key": "msz.s12.c3", "next": "s10" }
      ]
    },
    "s13": {
      "image_id": "turnstiles",
      "title_key": "msz.s13.title",
      "body_key": "msz.s13.body",
      "choices": [
        { "choice_key": "msz.s13.c1", "next": "s14" },
        { "choice_key": "msz.s13.c2", "next": "s15" },
        { "choice_key": "msz.s13.c3", "next": "s10" }
      ]
    },
    "s14": {
      "image_id": "turnstiles",
      "title_key": "msz.s14.title",
      "body_key": "msz.s14.body",
      "choices": [
        { "choice_key": "msz.s14.c1", "next": "s17" },
        { "choice_key": "msz.s14.c2", "next": "s15" },
        { "choice_key": "msz.s14.c3", "next": "s10" }
      ]
    },
    "s15": {
      "image_id": "exit_blocked",
      "title_key": "msz.s15.title",
      "body_key": "msz.s15.body",
      "choices": [
        { "choice_key": "msz.s15.c1", "next": "s16" },
        { "choice_key": "msz.s15.c2", "next": "s10" },
        { "choice_key": "msz.s15.c3", "next": "s23" }
      ]
    },
    "s16": {
      "image_id": "corridor_tiles",
      "title_key": "msz.s16.title",
      "body_key": "msz.s16.body",
      "choices": [
        { "choice_key": "msz.s16.c1", "next": "s17" },
        { "choice_key": "msz.s16.c2", "next": "s19" },
        { "choice_key": "msz.s16.c3", "next": "s10" }
      ]
    },
    "s17": {
      "image_id": "ticket_machine",
      "title_key": "msz.s17.title",
      "body_key": "msz.s17.body",
      "choices": [
        { "choice_key": "msz.s17.c1", "next": "s18", "set_flags": ["has_zero_ticket"] },
        { "choice_key": "msz.s17.c2", "next": "s19" },
        { "choice_key": "msz.s17.c3", "next": "s10" }
      ]
    },
    "s18": {
      "image_id": "ticket_machine",
      "title_key": "msz.s18.title",
      "body_key": "msz.s18.body",
      "choices": [
        { "choice_key": "msz.s18.c1", "next": "s13" },
        { "choice_key": "msz.s18.c2", "next": "s19" },
        { "choice_key": "msz.s18.c3", "next": "s23" }
      ]
    },
    "s19": {
      "image_id": "map_board",
      "title_key": "msz.s19.title",
      "body_key": "msz.s19.body",
      "choices": [
        { "choice_key": "msz.s19.c1", "next": "s20", "set_flags": ["has_map_fragment"] },
        { "choice_key": "msz.s19.c2", "next": "s23" },
        { "choice_key": "msz.s19.c3", "next": "s10" }
      ]
    },
    "s20": {
      "image_id": "map_board",
      "title_key": "msz.s20.title",
      "body_key": "msz.s20.body",
      "choices": [
        { "choice_key": "msz.s20.c1", "next": "s52" },
        { "choice_key": "msz.s20.c2", "next": "s24" },
        { "choice_key": "msz.s20.c3", "next": "s10" }
      ]
    },
    "s21": {
      "image_id": "restroom_mirror",
      "title_key": "msz.s21.title",
      "body_key": "msz.s21.body",
      "choices": [
        { "choice_key": "msz.s21.c1", "next": "s22" },
        { "choice_key": "msz.s21.c2", "next": "s23" },
        { "choice_key": "msz.s21.c3", "next": "s10" }
      ]
    },
    "s22": {
      "image_id": "restroom_mirror",
      "title_key": "msz.s22.title",
      "body_key": "msz.s22.body",
      "choices": [
        { "choice_key": "msz.s22.c1", "next": "s23" },
        { "choice_key": "msz.s22.c2", "next": "s33" },
        { "choice_key": "msz.s22.c3", "next": "s10" }
      ]
    },
    "s23": {
      "image_id": "corridor_tiles",
      "title_key": "msz.s23.title",
      "body_key": "msz.s23.body",
      "choices": [
        { "choice_key": "msz.s23.c1", "next": "s24" },
        { "choice_key": "msz.s23.c2", "next": "s25" },
        { "choice_key": "msz.s23.c3", "next": "s27" }
      ]
    },
    "s24": {
      "image_id": "graffiti_arrow",
      "title_key": "msz.s24.title",
      "body_key": "msz.s24.body",
      "choices": [
        { "choice_key": "msz.s24.c1", "next": "s25" },
        { "choice_key": "msz.s24.c2", "next": "s35" },
        { "choice_key": "msz.s24.c3", "next": "s23" }
      ]
    },
    "s25": {
      "image_id": "service_door",
      "title_key": "msz.s25.title",
      "body_key": "msz.s25.body",
      "choices": [
        { "choice_key": "msz.s25.c1", "next": "s26" },
        { "choice_key": "msz.s25.c2", "next": "s27" },
        { "choice_key": "msz.s25.c3", "next": "s23" }
      ]
    },
    "s26": {
      "image_id": "service_door",
      "title_key": "msz.s26.title",
      "body_key": "msz.s26.body",
      "choices": [
        { "choice_key": "msz.s26.c1", "next": "s30" },
        { "choice_key": "msz.s26.c2", "next": "s27" },
        { "choice_key": "msz.s26.c3", "next": "s23" }
      ]
    },
    "s27": {
      "image_id": "stairs_down",
      "title_key": "msz.s27.title",
      "body_key": "msz.s27.body",
      "choices": [
        { "choice_key": "msz.s27.c1", "next": "s28" },
        { "choice_key": "msz.s27.c2", "next": "s30" },
        { "choice_key": "msz.s27.c3", "next": "s23" }
      ]
    },
    "s28": {
      "image_id": "flooded_passage",
      "title_key": "msz.s28.title",
      "body_key": "msz.s28.body",
      "choices": [
        { "choice_key": "msz.s28.c1", "next": "s29" },
        { "choice_key": "msz.s28.c2", "next": "s30" },
        { "choice_key": "msz.s28.c3", "next": "s27" }
      ]
    },
    "s29": {
      "image_id": "flooded_passage",
      "title_key": "msz.s29.title",
      "body_key": "msz.s29.body",
      "choices": [
        { "choice_key": "msz.s29.c1", "next": "s30" },
        { "choice_key": "msz.s29.c2", "next": "s39" },
        { "choice_key": "msz.s29.c3", "next": "s27" }
      ]
    },
    "s30": {
      "image_id": "locker_room",
      "title_key": "msz.s30.title",
      "body_key": "msz.s30.body",
      "choices": [
        { "choice_key": "msz.s30.c1", "next": "s31", "set_flags": ["has_name_tag"] },
        { "choice_key": "msz.s30.c2", "next": "s32" },
        { "choice_key": "msz.s30.c3", "next": "s27" }
      ]
    },
    "s31": {
      "image_id": "locker_room",
      "title_key": "msz.s31.title",
      "body_key": "msz.s31.body",
      "choices": [
        { "choice_key": "msz.s31.c1", "next": "s32" },
        { "choice_key": "msz.s31.c2", "next": "s39" },
        { "choice_key": "msz.s31.c3", "next": "s27" }
      ]
    },
    "s32": {
      "image_id": "corridor_tiles",
      "title_key": "msz.s32.title",
      "body_key": "msz.s32.body",
      "choices": [
        { "choice_key": "msz.s32.c1", "next": "s33" },
        { "choice_key": "msz.s32.c2", "next": "s35" },
        { "choice_key": "msz.s32.c3", "next": "s23" }
      ]
    },
    "s33": {
      "image_id": "shadow_figure",
      "title_key": "msz.s33.title",
      "body_key": "msz.s33.body",
      "choices": [
        { "choice_key": "msz.s33.c1", "next": "s34" },
        { "choice_key": "msz.s33.c2", "next": "s35" },
        { "choice_key": "msz.s33.c3", "next": "s23" }
      ]
    },
    "s34": {
      "image_id": "shadow_figure",
      "title_key": "msz.s34.title",
      "body_key": "msz.s34.body",
      "choices": [
        { "choice_key": "msz.s34.c1", "next": "s39" },
        { "choice_key": "msz.s34.c2", "next": "s35" },
        { "choice_key": "msz.s34.c3", "next": "s23" }
      ]
    },
    "s35": {
      "image_id": "office_lostfound",
      "title_key": "msz.s35.title",
      "body_key": "msz.s35.body",
      "choices": [
        { "choice_key": "msz.s35.c1", "next": "s36" },
        { "choice_key": "msz.s35.c2", "next": "s37" },
        { "choice_key": "msz.s35.c3", "next": "s23" }
      ]
    },
    "s36": {
      "image_id": "office_lostfound",
      "title_key": "msz.s36.title",
      "body_key": "msz.s36.body",
      "choices": [
        { "choice_key": "msz.s36.c1", "next": "s38" },
        { "choice_key": "msz.s36.c2", "next": "s39" },
        { "choice_key": "msz.s36.c3", "next": "s35" }
      ]
    },
    "s37": {
      "image_id": "office_lostfound",
      "title_key": "msz.s37.title",
      "body_key": "msz.s37.body",
      "choices": [
        { "choice_key": "msz.s37.c1", "next": "s38" },
        { "choice_key": "msz.s37.c2", "next": "s23" },
        { "choice_key": "msz.s37.c3", "next": "s35" }
      ]
    },
    "s38": {
      "image_id": "signage_glitch",
      "title_key": "msz.s38.title",
      "body_key": "msz.s38.body",
      "choices": [
        { "choice_key": "msz.s38.c1", "next": "s39" },
        { "choice_key": "msz.s38.c2", "next": "s10" },
        { "choice_key": "msz.s38.c3", "next": "s55" }
      ]
    },
    "s39": {
      "image_id": "maintenance_tunnel",
      "title_key": "msz.s39.title",
      "body_key": "msz.s39.body",
      "choices": [
        { "choice_key": "msz.s39.c1", "next": "s40" },
        { "choice_key": "msz.s39.c2", "next": "s41" },
        { "choice_key": "msz.s39.c3", "next": "s23" }
      ]
    },
    "s40": {
      "image_id": "maintenance_tunnel",
      "title_key": "msz.s40.title",
      "body_key": "msz.s40.body",
      "choices": [
        { "choice_key": "msz.s40.c1", "next": "s41" },
        { "choice_key": "msz.s40.c2", "next": "s60" },
        { "choice_key": "msz.s40.c3", "next": "s39" }
      ]
    },
    "s41": {
      "image_id": "control_room",
      "title_key": "msz.s41.title",
      "body_key": "msz.s41.body",
      "choices": [
        { "choice_key": "msz.s41.c1", "next": "s42" },
        { "choice_key": "msz.s41.c2", "next": "s44" },
        { "choice_key": "msz.s41.c3", "next": "s39" }
      ]
    },
    "s42": {
      "image_id": "control_room",
      "title_key": "msz.s42.title",
      "body_key": "msz.s42.body",
      "choices": [
        { "choice_key": "msz.s42.c1", "next": "s43" },
        { "choice_key": "msz.s42.c2", "next": "s70" },
        { "choice_key": "msz.s42.c3", "next": "s41" }
      ]
    },
    "s43": {
      "image_id": "control_room",
      "title_key": "msz.s43.title",
      "body_key": "msz.s43.body",
      "choices": [
        { "choice_key": "msz.s43.c1", "next": "s44" },
        { "choice_key": "msz.s43.c2", "next": "s47" },
        { "choice_key": "msz.s43.c3", "next": "s42" }
      ]
    },
    "s44": {
      "image_id": "security_cctv",
      "title_key": "msz.s44.title",
      "body_key": "msz.s44.body",
      "choices": [
        { "choice_key": "msz.s44.c1", "next": "s45", "set_flags": ["has_phone_recording"] },
        { "choice_key": "msz.s44.c2", "next": "s46" },
        { "choice_key": "msz.s44.c3", "next": "s42" }
      ]
    },
    "s45": {
      "image_id": "security_cctv",
      "title_key": "msz.s45.title",
      "body_key": "msz.s45.body",
      "choices": [
        { "choice_key": "msz.s45.c1", "next": "s46" },
        { "choice_key": "msz.s45.c2", "next": "s47" },
        { "choice_key": "msz.s45.c3", "next": "s42" }
      ]
    },
    "s46": {
      "image_id": "security_cctv",
      "title_key": "msz.s46.title",
      "body_key": "msz.s46.body",
      "choices": [
        { "choice_key": "msz.s46.c1", "next": "s47" },
        { "choice_key": "msz.s46.c2", "next": "s69" },
        { "choice_key": "msz.s46.c3", "next": "s47" }
      ]
    },
    "s47": {
      "image_id": "platform_empty",
      "title_key": "msz.s47.title",
      "body_key": "msz.s47.body",
      "choices": [
        { "choice_key": "msz.s47.c1", "next": "s48" },
        { "choice_key": "msz.s47.c2", "next": "s10" },
        { "choice_key": "msz.s47.c3", "next": "s41" }
      ]
    },
    "s48": {
      "image_id": "train_dark",
      "title_key": "msz.s48.title",
      "body_key": "msz.s48.body",
      "choices": [
        { "choice_key": "msz.s48.c1", "next": "s49" },
        { "choice_key": "msz.s48.c2", "next": "s51" },
        { "choice_key": "msz.s48.c3", "next": "s50" }
      ]
    },
    "s49": {
      "image_id": "train_dark",
      "title_key": "msz.s49.title",
      "body_key": "msz.s49.body",
      "choices": [
        { "choice_key": "msz.s49.c1", "next": "end_bad" },
        { "choice_key": "msz.s49.c2", "next": "s51" },
        { "choice_key": "msz.s49.c3", "next": "s48" }
      ]
    },
    "s50": {
      "image_id": "speaker_grille",
      "title_key": "msz.s50.title",
      "body_key": "msz.s50.body",
      "choices": [
        { "choice_key": "msz.s50.c1", "next": "s49" },
        { "choice_key": "msz.s50.c2", "next": "s51" },
        { "choice_key": "msz.s50.c3", "next": "s10" }
      ]
    },
    "s51": {
      "image_id": "platform_empty",
      "title_key": "msz.s51.title",
      "body_key": "msz.s51.body",
      "choices": [
        { "choice_key": "msz.s51.c1", "next": "s52" },
        { "choice_key": "msz.s51.c2", "next": "s54" },
        { "choice_key": "msz.s51.c3", "next": "s10" }
      ]
    },
    "s52": {
      "image_id": "map_board",
      "title_key": "msz.s52.title",
      "body_key": "msz.s52.body",
      "choices": [
        { "choice_key": "msz.s52.c1", "next": "s53", "requires_any_flags": ["has_map_fragment"] },
        { "choice_key": "msz.s52.c2", "next": "s10" },
        { "choice_key": "msz.s52.c3", "next": "s23" }
      ]
    },
    "s53": {
      "image_id": "map_board",
      "title_key": "msz.s53.title",
      "body_key": "msz.s53.body",
      "choices": [
        { "choice_key": "msz.s53.c1", "next": "s56" },
        { "choice_key": "msz.s53.c2", "next": "s55" },
        { "choice_key": "msz.s53.c3", "next": "s10" }
      ]
    },
    "s54": {
      "image_id": "corridor_tiles",
      "title_key": "msz.s54.title",
      "body_key": "msz.s54.body",
      "choices": [
        { "choice_key": "msz.s54.c1", "next": "s55" },
        { "choice_key": "msz.s54.c2", "next": "s24" },
        { "choice_key": "msz.s54.c3", "next": "s10" }
      ]
    },
    "s55": {
      "image_id": "poster_wall",
      "title_key": "msz.s55.title",
      "body_key": "msz.s55.body",
      "choices": [
        { "choice_key": "msz.s55.c1", "next": "s56" },
        { "choice_key": "msz.s55.c2", "next": "s08" },
        { "choice_key": "msz.s55.c3", "next": "s10" }
      ]
    },
    "s56": {
      "image_id": "graffiti_arrow",
      "title_key": "msz.s56.title",
      "body_key": "msz.s56.body",
      "choices": [
        { "choice_key": "msz.s56.c1", "next": "s57" },
        { "choice_key": "msz.s56.c2", "next": "s24" },
        { "choice_key": "msz.s56.c3", "next": "s23" }
      ]
    },
    "s57": {
      "image_id": "service_door",
      "title_key": "msz.s57.title",
      "body_key": "msz.s57.body",
      "choices": [
        { "choice_key": "msz.s57.c1", "next": "s58", "requires_any_flags": ["has_name_tag"] },
        { "choice_key": "msz.s57.c2", "next": "s26" },
        { "choice_key": "msz.s57.c3", "next": "s23" }
      ]
    },
    "s58": {
      "image_id": "service_door",
      "title_key": "msz.s58.title",
      "body_key": "msz.s58.body",
      "choices": [
        { "choice_key": "msz.s58.c1", "next": "s59" },
        { "choice_key": "msz.s58.c2", "next": "s39" },
        { "choice_key": "msz.s58.c3", "next": "s23" }
      ]
    },
    "s59": {
      "image_id": "maintenance_tunnel",
      "title_key": "msz.s59.title",
      "body_key": "msz.s59.body",
      "choices": [
        { "choice_key": "msz.s59.c1", "next": "s60" },
        { "choice_key": "msz.s59.c2", "next": "s41" },
        { "choice_key": "msz.s59.c3", "next": "s58" }
      ]
    },
    "s60": {
      "image_id": "maintenance_tunnel",
      "title_key": "msz.s60.title",
      "body_key": "msz.s60.body",
      "choices": [
        { "choice_key": "msz.s60.c1", "next": "s61", "set_flags": ["has_service_key"] },
        { "choice_key": "msz.s60.c2", "next": "s41" },
        { "choice_key": "msz.s60.c3", "next": "s59" }
      ]
    },
    "s61": {
      "image_id": "maintenance_tunnel",
      "title_key": "msz.s61.title",
      "body_key": "msz.s61.body",
      "choices": [
        { "choice_key": "msz.s61.c1", "next": "s62" },
        { "choice_key": "msz.s61.c2", "next": "s69" },
        { "choice_key": "msz.s61.c3", "next": "s41" }
      ]
    },
    "s62": {
      "image_id": "turnstiles",
      "title_key": "msz.s62.title",
      "body_key": "msz.s62.body",
      "choices": [
        { "choice_key": "msz.s62.c1", "next": "s63" },
        { "choice_key": "msz.s62.c2", "next": "s15" },
        { "choice_key": "msz.s62.c3", "next": "s10" }
      ]
    },
    "s63": {
      "image_id": "turnstiles",
      "title_key": "msz.s63.title",
      "body_key": "msz.s63.body",
      "choices": [
        { "choice_key": "msz.s63.c1", "next": "s64", "requires_any_flags": ["has_zero_ticket"] },
        { "choice_key": "msz.s63.c2", "next": "s15" },
        { "choice_key": "msz.s63.c3", "next": "s10" }
      ]
    },
    "s64": {
      "image_id": "exit_blocked",
      "title_key": "msz.s64.title",
      "body_key": "msz.s64.body",
      "choices": [
        { "choice_key": "msz.s64.c1", "next": "s65", "requires_any_flags": ["has_service_key"] },
        { "choice_key": "msz.s64.c2", "next": "s10" },
        { "choice_key": "msz.s64.c3", "next": "s69" }
      ]
    },
    "s65": {
      "image_id": "corridor_tiles",
      "title_key": "msz.s65.title",
      "body_key": "msz.s65.body",
      "choices": [
        { "choice_key": "msz.s65.c1", "next": "s66" },
        { "choice_key": "msz.s65.c2", "next": "s69" },
        { "choice_key": "msz.s65.c3", "next": "s10" }
      ]
    },
    "s66": {
      "image_id": "exit_street",
      "title_key": "msz.s66.title",
      "body_key": "msz.s66.body",
      "choices": [
        { "choice_key": "msz.s66.c1", "next": "s67" },
        { "choice_key": "msz.s66.c2", "next": "s68" },
        { "choice_key": "msz.s66.c3", "next": "s10" }
      ]
    },
    "s67": {
      "image_id": "exit_street",
      "title_key": "msz.s67.title",
      "body_key": "msz.s67.body",
      "choices": [
        { "choice_key": "msz.s67.c1", "next": "s68" },
        { "choice_key": "msz.s67.c2", "next": "s69" },
        { "choice_key": "msz.s67.c3", "next": "s10" }
      ]
    },
    "s68": {
      "image_id": "exit_street",
      "title_key": "msz.s68.title",
      "body_key": "msz.s68.body",
      "choices": [
        { "choice_key": "msz.s68.c1", "next": "s75" },
        { "choice_key": "msz.s68.c2", "next": "s69" },
        { "choice_key": "msz.s68.c3", "next": "s10" }
      ]
    },
    "s69": {
      "image_id": "control_room",
      "title_key": "msz.s69.title",
      "body_key": "msz.s69.body",
      "choices": [
        { "choice_key": "msz.s69.c1", "next": "s70" },
        { "choice_key": "msz.s69.c2", "next": "s71" },
        { "choice_key": "msz.s69.c3", "next": "s10" }
      ]
    },
    "s70": {
      "image_id": "control_room",
      "title_key": "msz.s70.title",
      "body_key": "msz.s70.body",
      "choices": [
        { "choice_key": "msz.s70.c1", "next": "s71" },
        { "choice_key": "msz.s70.c2", "next": "s72" },
        { "choice_key": "msz.s70.c3", "next": "s69" }
      ]
    },
    "s71": {
      "image_id": "control_room",
      "title_key": "msz.s71.title",
      "body_key": "msz.s71.body",
      "choices": [
        {
          "choice_key": "msz.s71.c1",
          "next": "s72",
          "requires_any_flags": ["has_phone_recording", "has_name_tag", "has_map_fragment"]
        },
        {
          "choice_key": "msz.s71.c2",
          "next": "end_secret",
          "requires_all_flags": ["has_zero_ticket", "has_map_fragment", "has_service_key", "has_phone_recording", "has_name_tag"]
        },
        { "choice_key": "msz.s71.c3", "next": "s69" }
      ]
    },
    "s72": {
      "image_id": "signage_glitch",
      "title_key": "msz.s72.title",
      "body_key": "msz.s72.body",
      "choices": [
        { "choice_key": "msz.s72.c1", "next": "s73" },
        { "choice_key": "msz.s72.c2", "next": "s49" },
        { "choice_key": "msz.s72.c3", "next": "s69" }
      ]
    },
    "s73": {
      "image_id": "platform_empty",
      "title_key": "msz.s73.title",
      "body_key": "msz.s73.body",
      "choices": [
        { "choice_key": "msz.s73.c1", "next": "s74" },
        { "choice_key": "msz.s73.c2", "next": "s49" },
        { "choice_key": "msz.s73.c3", "next": "s10" }
      ]
    },
    "s74": {
      "image_id": "platform_empty",
      "title_key": "msz.s74.title",
      "body_key": "msz.s74.body",
      "choices": [
        { "choice_key": "msz.s74.c1", "next": "s75" },
        { "choice_key": "msz.s74.c2", "next": "s49" },
        { "choice_key": "msz.s74.c3", "next": "s69" }
      ]
    },
    "s75": {
      "image_id": "speaker_grille",
      "title_key": "msz.s75.title",
      "body_key": "msz.s75.body",
      "choices": [
        {
          "choice_key": "msz.s75.c1",
          "next": "end_good",
          "requires_any_flags": ["has_phone_recording", "has_name_tag", "has_map_fragment"]
        },
        { "choice_key": "msz.s75.c2", "next": "end_bad" },
        {
          "choice_key": "msz.s75.c3",
          "next": "end_secret",
          "requires_all_flags": ["has_zero_ticket", "has_map_fragment", "has_service_key", "has_phone_recording", "has_name_tag"]
        }
      ]
    },
    "end_good": {
      "image_id": "final_good",
      "title_key": "msz.end_good.title",
      "body_key": "msz.end_good.body",
      "choices": []
    },
    "end_bad": {
      "image_id": "final_bad",
      "title_key": "msz.end_bad.title",
      "body_key": "msz.end_bad.body",
      "choices": []
    },
    "end_secret": {
      "image_id": "final_secret",
      "title_key": "msz.end_secret.title",
      "body_key": "msz.end_secret.body",
      "choices": []
    }
  }
}
