{
  "meta": {
    "scenario_id": "metro_station_zero",
    "language": "fr",
    "version": "1.0.0",
    "hint_ns": "msz.h",
    "generated": "2026-02-15"
  },
  "strings": {
    "msz.title": "Station Zéro — Prochaine Descente",
    "msz.tagline": "La station n’existe pas. Mais elle te reconnaît.",

    "msz.s01.title": "Descendre sans regarder",
    "msz.s01.body": "Tu descends de la rame. Quand tu relèves la tête, le quai est vide, trop propre, trop froid. Le silence est épais, comme un couvercle.",
    "msz.s01.c1": "Chercher le nom de la station",
    "msz.s01.c2": "Courir vers l’escalier le plus proche",
    "msz.s01.c3": "Revenir vers la rame (déjà loin)",

    "msz.s02.title": "La rame s’éloigne",
    "msz.s02.body": "La rame glisse dans le tunnel sans bruit de fin. Aucune vibration. Comme si elle quittait ton monde, pas la station.",
    "msz.s02.c1": "Regarder le quai (vraiment)",
    "msz.s02.c2": "Fixer le panneau d’info voyageurs",
    "msz.s02.c3": "Chercher des gens, n’importe qui",

    "msz.s03.title": "Le quai vide",
    "msz.s03.body": "Bancs métalliques, affiches arrachées, poussière fine… mais aucune trace récente. Tu as la sensation d’arriver après la fermeture du réel.",
    "msz.s03.c1": "Appeler à voix haute",
    "msz.s03.c2": "Suivre le quai vers un couloir",
    "msz.s03.c3": "Chercher un bouton d’urgence",

    "msz.s04.title": "Panneau inconnu",
    "msz.s04.body": "Le panneau lumineux grésille. Un nom apparaît puis se déforme : « STATION ZÉRO ». L’heure est là… et ça rend tout plus crédible, donc plus inquiétant.",
    "msz.s04.c1": "Retourner au quai",
    "msz.s04.c2": "Chercher une affiche ou une consigne",
    "msz.s04.c3": "Partir vers les couloirs",

    "msz.s05.title": "Chercher des gens",
    "msz.s05.body": "Tu avances en appelant. Ta voix revient trop vite, comme si les murs étaient plus proches qu’ils ne devraient. Personne. Pas même un écho naturel.",
    "msz.s05.c1": "Essayer le bouton d’urgence",
    "msz.s05.c2": "Aller vers les couloirs",
    "msz.s05.c3": "Revenir près des bancs",

    "msz.s06.title": "Bouton d’urgence",
    "msz.s06.body": "Sous une grille de haut-parleur, un bouton rouge. La poussière est intacte… sauf un cercle net, comme si quelqu’un l’avait pressé récemment.",
    "msz.s06.c1": "Appuyer",
    "msz.s06.c2": "Partir vers les couloirs",
    "msz.s06.c3": "Revenir près des bancs",

    "msz.s07.title": "Le haut-parleur répond",
    "msz.s07.body": "Un souffle, puis une voix neutre : « Voyageur détecté. Prochaine descente : toi. » La phrase tombe comme un protocole.",
    "msz.s07.c1": "Suivre ce que ça “veut”",
    "msz.s07.c2": "Ignorer et avancer vers les couloirs",
    "msz.s07.c3": "Retourner au quai",

    "msz.s08.title": "Affiche récente",
    "msz.s08.body": "Sur un mur d’affiches déchirées, une feuille neuve a été collée : « PROCHAINE DESCENTE : TOI ». L’encre est fraîche. Ici, quelque chose imprime encore.",
    "msz.s08.c1": "Revenir au quai",
    "msz.s08.c2": "Prendre le couloir principal",
    "msz.s08.c3": "Retourner voir le panneau lumineux",

    "msz.s09.title": "Retour au quai",
    "msz.s09.body": "Tu reviens au quai. Il paraît plus long qu’avant, comme si la perspective s’était étirée pendant que tu regardais ailleurs.",
    "msz.s09.c1": "Aller vers les couloirs",
    "msz.s09.c2": "Observer le tunnel",
    "msz.s09.c3": "Revenir au panneau lumineux",

    "msz.s10.title": "Couloir principal",
    "msz.s10.body": "Un couloir carrelé, humide, banal… sauf qu’ici les portes se ressemblent trop, comme un décor qui cherche à t’endormir.",
    "msz.s10.c1": "Suivre la direction « Sortie »",
    "msz.s10.c2": "Chercher un distributeur",
    "msz.s10.c3": "Regarder le plan du réseau",

    "msz.s11.title": "Panneaux contradictoires",
    "msz.s11.body": "Des flèches « SORTIE ». Certaines se contredisent. Tu comprends que la station ne guide pas : elle teste ce que tu suis.",
    "msz.s11.c1": "Aller vers l’escalator",
    "msz.s11.c2": "Aller aux tourniquets",
    "msz.s11.c3": "Reculer (ne pas suivre)",

    "msz.s12.title": "Escalator figé",
    "msz.s12.body": "L’escalator est immobile. En haut : un noir trop dense. Un panneau « SORTIE » pointe… dans deux directions à la fois.",
    "msz.s12.c1": "Descendre vers les tourniquets",
    "msz.s12.c2": "Aller aux toilettes",
    "msz.s12.c3": "Retourner au couloir principal",

    "msz.s13.title": "Tourniquets",
    "msz.s13.body": "Les lecteurs sont éteints… sauf un voyant rouge, vivant. Ce point lumineux te fixe comme un œil patient.",
    "msz.s13.c1": "Approcher le voyant rouge",
    "msz.s13.c2": "Tenter la sortie quand même",
    "msz.s13.c3": "Revenir au couloir",

    "msz.s14.title": "Lecteur rouge",
    "msz.s14.body": "L’écran s’allume une seconde : « VALIDER PASSAGE ». Puis : « NE PAS REMONTER ». Pas un avertissement : une règle.",
    "msz.s14.c1": "Retourner chercher un ticket",
    "msz.s14.c2": "Insister vers la sortie",
    "msz.s14.c3": "Revenir au couloir principal",

    "msz.s15.title": "Sortie grillagée",
    "msz.s15.body": "Une grille ferme l’accès. Chaîne neuve. De l’autre côté, pas de ville : juste du gris, comme une rue effacée.",
    "msz.s15.c1": "Revenir en arrière",
    "msz.s15.c2": "Chercher un autre chemin",
    "msz.s15.c3": "Prendre un couloir secondaire",

    "msz.s16.title": "Retour en arrière",
    "msz.s16.body": "Tu fais demi-tour. Les carreaux semblent changer de teinte. Pas assez pour être évident. Assez pour te faire douter.",
    "msz.s16.c1": "Aller au distributeur",
    "msz.s16.c2": "Retourner au plan du réseau",
    "msz.s16.c3": "Revenir au couloir principal",

    "msz.s17.title": "Distributeur allumé",
    "msz.s17.body": "Un distributeur ancien est allumé. Un ticket dépasse déjà, à moitié sorti, comme si la station l’avait imprimé pour toi.",
    "msz.s17.c1": "Prendre le ticket",
    "msz.s17.c2": "Ignorer et aller au plan",
    "msz.s17.c3": "Retourner au couloir",

    "msz.s18.title": "Ticket « ZÉRO »",
    "msz.s18.body": "Le ticket est tiède. Dessus : un seul chiffre, « 0 ». Pas de date, pas de station. Juste ce numéro, comme une clé.",
    "msz.s18.c1": "Retourner vers les tourniquets",
    "msz.s18.c2": "Aller au plan du réseau",
    "msz.s18.c3": "Explorer le couloir secondaire",

    "msz.s19.title": "Plan du réseau",
    "msz.s19.body": "Le plan montre des lignes connues… mais une zone a été arrachée. Les bords sont récents. Quelqu’un a retiré une portion du monde.",
    "msz.s19.c1": "Décrocher le fragment arraché",
    "msz.s19.c2": "Aller vers le couloir secondaire",
    "msz.s19.c3": "Revenir au couloir principal",

    "msz.s20.title": "Zone arrachée",
    "msz.s20.body": "Derrière le papier, une annotation au crayon : « ZÉRO = NIVEAU ». Le reste a été gratté, comme si la phrase était dangereuse.",
    "msz.s20.c1": "Revenir au plan (assembler plus tard)",
    "msz.s20.c2": "Suivre un graffiti flèche",
    "msz.s20.c3": "Retourner au couloir principal",

    "msz.s21.title": "Toilettes",
    "msz.s21.body": "Néon qui bourdonne. Carrelage humide. Miroir fendu. Tout est sale… mais d’une saleté “jouée”, comme un décor.",
    "msz.s21.c1": "Regarder ton reflet",
    "msz.s21.c2": "Sortir immédiatement",
    "msz.s21.c3": "Retourner au couloir principal",

    "msz.s22.title": "Reflet en retard",
    "msz.s22.body": "Ton reflet bouge avec un retard minuscule. Pas assez pour être un truc “facile”. Juste assez pour te faire détourner les yeux.",
    "msz.s22.c1": "Sortir vers le couloir secondaire",
    "msz.s22.c2": "Suivre un bruit",
    "msz.s22.c3": "Retourner au couloir principal",

    "msz.s23.title": "Couloir secondaire",
    "msz.s23.body": "Ici l’air est plus froid. Certaines portes portent des marques : craie, griffures, un symbole répété — un langage de survie.",
    "msz.s23.c1": "Suivre le graffiti flèche",
    "msz.s23.c2": "Aller vers une porte « SERVICE »",
    "msz.s23.c3": "Descendre vers un niveau inférieur",

    "msz.s24.title": "Graffiti flèche",
    "msz.s24.body": "Une flèche grossière pointe « SERVICE ». Au sol, une marque de craie indique où poser les pieds… comme un conseil laissé à quelqu’un d’autre.",
    "msz.s24.c1": "Aller à la porte SERVICE",
    "msz.s24.c2": "Aller au bureau « Objets trouvés »",
    "msz.s24.c3": "Revenir au couloir secondaire",

    "msz.s25.title": "Porte SERVICE",
    "msz.s25.body": "Porte métallique. Lecteur de badge. La poignée porte une griffe profonde, comme si quelqu’un avait tenté d’ouvrir… autrement qu’avec des doigts.",
    "msz.s25.c1": "Essayer d’ouvrir",
    "msz.s25.c2": "Descendre au niveau inférieur",
    "msz.s25.c3": "Revenir au couloir",

    "msz.s26.title": "Écouter derrière la porte",
    "msz.s26.body": "Oreille contre le métal : câbles, ventilation… puis un souffle qui ressemble à un mot incomplet. Comme si le lieu répétait ton idée avant toi.",
    "msz.s26.c1": "Chercher un accès par le vestiaire",
    "msz.s26.c2": "Descendre au niveau inférieur",
    "msz.s26.c3": "Revenir au couloir",

    "msz.s27.title": "Niveau -1",
    "msz.s27.body": "Un escalier descend. Panneau « Accès interdit ». Les marches sont humides, comme si la station transpirait.",
    "msz.s27.c1": "Aller vers le passage inondé",
    "msz.s27.c2": "Aller vers un vestiaire technique",
    "msz.s27.c3": "Remonter au couloir",

    "msz.s28.title": "Passage inondé",
    "msz.s28.body": "L’eau stagne. Reflets noirs. Odeur de métal. Quelque chose flotte doucement, au centre, comme un appât.",
    "msz.s28.c1": "Approcher l’objet flottant",
    "msz.s28.c2": "Passer par le vestiaire",
    "msz.s28.c3": "Revenir à l’escalier",

    "msz.s29.title": "Objet flottant",
    "msz.s29.body": "Tu distingues du papier gondolé et du plastique… et l’envie immédiate de ne pas mettre ta main dans cette eau.",
    "msz.s29.c1": "Aller au vestiaire",
    "msz.s29.c2": "Chercher un accès tunnel plus loin",
    "msz.s29.c3": "Revenir à l’escalier",

    "msz.s30.title": "Vestiaire technique",
    "msz.s30.body": "Casiers. Un gilet fluorescent pend. Et un badge nominatif est accroché, parfaitement visible. Une invitation trop pratique.",
    "msz.s30.c1": "Prendre le badge",
    "msz.s30.c2": "Retourner au couloir",
    "msz.s30.c3": "Revenir à l’escalier",

    "msz.s31.title": "Badge de service",
    "msz.s31.body": "Plastifié, usé, photo floue. Tu as la sensation que ce badge n’ouvre pas seulement une porte… il t’attribue un rôle.",
    "msz.s31.c1": "Retourner au couloir",
    "msz.s31.c2": "Chercher l’accès tunnel",
    "msz.s31.c3": "Revenir à l’escalier",

    "msz.s32.title": "Retour couloir",
    "msz.s32.body": "Le couloir secondaire te reprend. Les carreaux semblent légèrement plus brillants, comme si la station “nettoyait” ton passage.",
    "msz.s32.c1": "Aller vers la silhouette aperçue",
    "msz.s32.c2": "Aller au bureau « Objets trouvés »",
    "msz.s32.c3": "Revenir vers le niveau -1",

    "msz.s33.title": "Silhouette au bout",
    "msz.s33.body": "Au bout : une silhouette floue, dos tourné. Elle ne bouge pas… puis disparaît dans un angle, comme aspirée.",
    "msz.s33.c1": "Poursuivre",
    "msz.s33.c2": "Aller plutôt au bureau « Objets trouvés »",
    "msz.s33.c3": "Revenir en arrière",

    "msz.s34.title": "Poursuivre ou fuir",
    "msz.s34.body": "Tu hésites. La station adore les hésitations : tu le sens. Certains angles ne te mènent pas à la mort… ils te mènent ailleurs.",
    "msz.s34.c1": "Prendre le tunnel de maintenance",
    "msz.s34.c2": "Aller au bureau « Objets trouvés »",
    "msz.s34.c3": "Revenir au couloir secondaire",

    "msz.s35.title": "Bureau « Objets trouvés »",
    "msz.s35.body": "Petit bureau figé. Tiroirs, tampons, fiches. Un registre ouvert sous une lampe verte, comme si quelqu’un venait de se lever.",
    "msz.s35.c1": "Lire le registre",
    "msz.s35.c2": "Regarder les tampons",
    "msz.s35.c3": "Revenir au couloir",

    "msz.s36.title": "Registre",
    "msz.s36.body": "Des noms. Des stations. Et parfois juste « 0 ». Les dernières lignes sont vides, mais on dirait qu’une place est déjà “préparée”.",
    "msz.s36.c1": "Chercher ce que ça signifie",
    "msz.s36.c2": "Quitter ce bureau",
    "msz.s36.c3": "Revenir au début du bureau",

    "msz.s37.title": "Tampon « DESCENTE »",
    "msz.s37.body": "Un tampon porte un seul mot : « DESCENTE ». La poignée est usée par des mains nerveuses. Ça ressemble à un protocole, pas à un outil.",
    "msz.s37.c1": "Comparer avec le registre",
    "msz.s37.c2": "Revenir au couloir",
    "msz.s37.c3": "Revenir au bureau",

    "msz.s38.title": "Tu es enregistré(e)",
    "msz.s38.body": "Tu comprends : tu n’es pas perdu(e). Tu es listé(e). Le lieu t’a classé comme un dossier qui attend un cachet.",
    "msz.s38.c1": "Aller au tunnel de maintenance",
    "msz.s38.c2": "Retourner vers le couloir principal",
    "msz.s38.c3": "Retourner voir l’affiche récente",

    "msz.s39.title": "Entrée de maintenance",
    "msz.s39.body": "Ouverture étroite : câbles, tuyaux, condensation. L’air y est plus chaud, comme si une machine respirait derrière la station.",
    "msz.s39.c1": "Entrer dans le tunnel",
    "msz.s39.c2": "Chercher une porte vers contrôle",
    "msz.s39.c3": "Revenir au couloir secondaire",

    "msz.s40.title": "Le tunnel respire",
    "msz.s40.body": "Plus tu avances, plus tu as la sensation d’être “lu”. Pas observé — évalué, comme un badge passé sous un scanner.",
    "msz.s40.c1": "Aller vers la salle de contrôle",
    "msz.s40.c2": "Inspecter une armoire technique",
    "msz.s40.c3": "Revenir en arrière",

    "msz.s41.title": "Porte vers contrôle",
    "msz.s41.body": "Une porte donne sur une salle de contrôle. Elle n’est pas verrouillée. C’est presque la pire chose : tu es autorisé(e).",
    "msz.s41.c1": "Entrer",
    "msz.s41.c2": "Aller vers les écrans CCTV",
    "msz.s41.c3": "Revenir au tunnel",

    "msz.s42.title": "Salle de contrôle",
    "msz.s42.body": "Consoles, écrans CRT, voyants faibles. Une chaise vide orientée vers le poste central, comme si quelqu’un avait quitté la place au bon moment.",
    "msz.s42.c1": "Approcher les consoles",
    "msz.s42.c2": "Chercher une console « OPÉRATEUR »",
    "msz.s42.c3": "Revenir à la porte",

    "msz.s43.title": "Écrans muets",
    "msz.s43.body": "Les écrans montrent des schémas… puis se figent. Comme si la machine venait d’arrêter de parler au système pour te parler à toi.",
    "msz.s43.c1": "Aller aux caméras",
    "msz.s43.c2": "Tenter un retour au quai",
    "msz.s43.c3": "Revenir à la salle de contrôle",

    "msz.s44.title": "Mur de CCTV",
    "msz.s44.body": "Une caméra montre le quai… avec un léger retard. Tu te vois bouger une seconde trop tard. Si tu enregistres, tu tiens une preuve que ce lieu “existe”.",
    "msz.s44.c1": "Lancer un enregistrement",
    "msz.s44.c2": "Regarder l’horodatage",
    "msz.s44.c3": "Revenir à la salle de contrôle",

    "msz.s45.title": "Enregistrement",
    "msz.s45.body": "Tu enregistres l’écran. Le son capte un souffle régulier, comme une respiration. Pas la tienne. Celle de la station.",
    "msz.s45.c1": "Vérifier l’horodatage",
    "msz.s45.c2": "Retourner au quai",
    "msz.s45.c3": "Revenir à la salle de contrôle",

    "msz.s46.title": "Horodatage impossible",
    "msz.s46.body": "La date affichée est presque crédible… juste décalée comme un mensonge bien appris. Ça te met un froid précis dans la nuque.",
    "msz.s46.c1": "Retourner au quai",
    "msz.s46.c2": "Retourner à la salle de contrôle",
    "msz.s46.c3": "Retourner au quai",

    "msz.s47.title": "Retour au quai",
    "msz.s47.body": "Tu reviens au quai. La station te laisse faire — et tu réalises que cette permission aussi est un choix qu’elle te donne.",
    "msz.s47.c1": "Attendre",
    "msz.s47.c2": "Revenir aux couloirs",
    "msz.s47.c3": "Retourner à la salle de contrôle",

    "msz.s48.title": "Une rame arrive",
    "msz.s48.body": "Une rame glisse dans le tunnel sans bruit. L’intérieur est sombre. Les portes s’ouvrent comme une bouche qui sait ton nom.",
    "msz.s48.c1": "Approcher les portes",
    "msz.s48.c2": "Refuser de monter",
    "msz.s48.c3": "Écouter l’annonce",

    "msz.s49.title": "Portes ouvertes",
    "msz.s49.body": "L’intérieur avale la lumière. Tu comprends que si tu montes, tu n’avances plus : tu acceptes les règles du lieu.",
    "msz.s49.c1": "Monter",
    "msz.s49.c2": "Reculer et refuser",
    "msz.s49.c3": "Revenir en arrière",

    "msz.s50.title": "Annonce",
    "msz.s50.body": "Le haut-parleur grésille : « Voyageur : confirmé. Descente : validée. » Puis, plus bas : « Tu peux refuser… mais tu reviendras. »",
    "msz.s50.c1": "Approcher les portes",
    "msz.s50.c2": "Refuser de monter",
    "msz.s50.c3": "Revenir au couloir principal",

    "msz.s51.title": "Refuser",
    "msz.s51.body": "Tu refuses. Le quai se refroidit d’un degré. Comme une déception. Comme un endroit qui n’aime pas qu’on lui dise non.",
    "msz.s51.c1": "Reprendre le plan du réseau",
    "msz.s51.c2": "Explorer un couloir qui boucle",
    "msz.s51.c3": "Retourner au couloir principal",

    "msz.s52.title": "Plan : incomplet",
    "msz.s52.body": "Le plan sans le fragment ne t’apprend rien. Avec le fragment, tu peux révéler une direction cachée — une route “employé”.",
    "msz.s52.c1": "Assembler le fragment",
    "msz.s52.c2": "Retourner au couloir principal",
    "msz.s52.c3": "Revenir au couloir secondaire",

    "msz.s53.title": "Assembler le fragment",
    "msz.s53.body": "Le morceau s’aligne parfaitement. Une ligne inexistante apparaît : « SERVICE → CONTRÔLE → ISSUE ». Écrit petit, comme un secret interne.",
    "msz.s53.c1": "Suivre la “bonne” flèche",
    "msz.s53.c2": "Retourner voir l’affiche récente",
    "msz.s53.c3": "Revenir au couloir principal",

    "msz.s54.title": "Couloir qui boucle",
    "msz.s54.body": "Tu marches… et tu reviens au même endroit. La station ne t’empêche pas : elle te remet à ta place.",
    "msz.s54.c1": "Aller voir l’affiche récente",
    "msz.s54.c2": "Revenir au graffiti flèche",
    "msz.s54.c3": "Retourner au couloir principal",

    "msz.s55.title": "Affiche encore plus neuve",
    "msz.s55.body": "La même affiche : « PROCHAINE DESCENTE : TOI ». Encore plus fraîche. Comme si elle venait d’être réimprimée à ton retour.",
    "msz.s55.c1": "Suivre la flèche",
    "msz.s55.c2": "Revenir à l’affiche",
    "msz.s55.c3": "Retourner au couloir principal",

    "msz.s56.title": "La vraie flèche",
    "msz.s56.body": "Plusieurs flèches. Certaines te ramènent. Une seule ne cherche pas à te piéger : celle qui mène au lecteur badge SERVICE.",
    "msz.s56.c1": "Aller au lecteur badge SERVICE",
    "msz.s56.c2": "Revenir au graffiti",
    "msz.s56.c3": "Revenir au couloir secondaire",

    "msz.s57.title": "SERVICE : lecteur badge",
    "msz.s57.body": "Le lecteur attend. Sans badge : rien. Avec badge : permission. Et tu sens la station juger si tu portes le “bon rôle”.",
    "msz.s57.c1": "Présenter le badge",
    "msz.s57.c2": "Revenir écouter la porte",
    "msz.s57.c3": "Revenir au couloir",

    "msz.s58.title": "Accès SERVICE",
    "msz.s58.body": "Bip. La porte cède d’un cran, comme un muscle qui se détend. Odeur de maintenance, de poussière chaude et d’électricité.",
    "msz.s58.c1": "Entrer",
    "msz.s58.c2": "Revenir au tunnel maintenance",
    "msz.s58.c3": "Revenir au couloir",

    "msz.s59.title": "Tunnel profond",
    "msz.s59.body": "Le tunnel s’enfonce. Câbles, condensation. Au loin, un “clic” sec, comme un relais qui s’active au bon moment.",
    "msz.s59.c1": "Inspecter l’armoire technique",
    "msz.s59.c2": "Aller vers la salle de contrôle",
    "msz.s59.c3": "Revenir vers la porte SERVICE",

    "msz.s60.title": "Armoire technique",
    "msz.s60.body": "Armoire ouverte. À l’intérieur : une petite clé de service, sans numéro. Pas une clé “inventaire”. Une clé “issue”.",
    "msz.s60.c1": "Prendre la clé",
    "msz.s60.c2": "Aller à la salle de contrôle",
    "msz.s60.c3": "Revenir dans le tunnel",

    "msz.s61.title": "Clé de service",
    "msz.s61.body": "La clé est froide, lourde. Le métal semble boire la chaleur de ta peau. Comme si elle avait attendu ton doigt.",
    "msz.s61.c1": "Retourner vers les tourniquets",
    "msz.s61.c2": "Retourner à la salle de contrôle",
    "msz.s61.c3": "Revenir au contrôle",

    "msz.s62.title": "Retour : tourniquets",
    "msz.s62.body": "Le voyant rouge est toujours là. Patient. Comme s’il savait que tu reviendrais avec quelque chose à valider.",
    "msz.s62.c1": "Essayer de valider quelque chose",
    "msz.s62.c2": "Retourner vers la grille de sortie",
    "msz.s62.c3": "Revenir au couloir principal",

    "msz.s63.title": "Ticket « ZÉRO »",
    "msz.s63.body": "Tu présentes le ticket « 0 ». Sans ça, tu le sens : rien ne bouge. Avec ça, la station te reconnaît comme un “passage”.",
    "msz.s63.c1": "Valider avec le ticket",
    "msz.s63.c2": "Revenir vers la grille",
    "msz.s63.c3": "Revenir au couloir",

    "msz.s64.title": "La grille cède",
    "msz.s64.body": "Clac. La chaîne se détend, comme si une seconde serrure venait d’apparaître. Il manque encore un dernier droit de passage.",
    "msz.s64.c1": "Utiliser la clé de service",
    "msz.s64.c2": "Revenir au couloir principal",
    "msz.s64.c3": "Retourner au contrôle",

    "msz.s65.title": "Couloir « ISSUE »",
    "msz.s65.body": "Derrière la grille : un couloir sobre marqué « ISSUE ». L’air change : plus sec, plus réel. Comme une sortie… qui n’est pas censée exister ici.",
    "msz.s65.c1": "Suivre l’issue",
    "msz.s65.c2": "Revenir au contrôle",
    "msz.s65.c3": "Revenir au couloir principal",

    "msz.s66.title": "Escalier extérieur",
    "msz.s66.body": "Des marches montent. Pas d’affiches. Pas de néons. Une lumière grise au-dessus, comme une aube timide.",
    "msz.s66.c1": "Monter",
    "msz.s66.c2": "Marquer une pause (écouter)",
    "msz.s66.c3": "Revenir en arrière",

    "msz.s67.title": "Air presque normal",
    "msz.s67.body": "Tu respires. Ton corps se rappelle le monde. Mais derrière toi, la station reste immobile, comme si elle retenait son souffle.",
    "msz.s67.c1": "Continuer vers dehors",
    "msz.s67.c2": "Retourner vérifier le contrôle",
    "msz.s67.c3": "Revenir au couloir",

    "msz.s68.title": "Dernier doute",
    "msz.s68.body": "Tu vois la sortie. Tu pourrais courir. Mais tu sais : si tu sors “mal”, la station peut réécrire ce que tu crois avoir vécu.",
    "msz.s68.c1": "Aller au choix final",
    "msz.s68.c2": "Retourner au contrôle",
    "msz.s68.c3": "Revenir au couloir principal",

    "msz.s69.title": "Retour au contrôle",
    "msz.s69.body": "Les écrans t’attendent. Comme si la station te proposait un marché : sortir… ou rester en comprenant.",
    "msz.s69.c1": "Aller à la console opérateur",
    "msz.s69.c2": "Insérer tes preuves",
    "msz.s69.c3": "Revenir au couloir principal",

    "msz.s70.title": "Poste « OPÉRATEUR »",
    "msz.s70.body": "Un poste discret : « OPÉRATEUR ». Le siège est parfaitement aligné. Cette place existe pour quelqu’un. Peut-être pour toi.",
    "msz.s70.c1": "Continuer",
    "msz.s70.c2": "Aller au choix : sortir / rester",
    "msz.s70.c3": "Revenir en arrière",

    "msz.s71.title": "Insérer les preuves",
    "msz.s71.body": "Ticket « 0 », fragment de plan, badge, enregistrement… Chaque preuve rend la station plus “nette”, comme si tu forçais sa réalité à se stabiliser.",
    "msz.s71.c1": "Valider au moins une preuve",
    "msz.s71.c2": "Tout valider (forcer la vérité)",
    "msz.s71.c3": "Revenir en arrière",

    "msz.s72.title": "Sortir / rester",
    "msz.s72.body": "Le panneau au loin clignote : « STATION ZÉRO ». La station te laisse choisir. Mais ici, choisir ressemble à signer.",
    "msz.s72.c1": "Sortir par l’issue",
    "msz.s72.c2": "Monter dans la rame",
    "msz.s72.c3": "Revenir au contrôle",

    "msz.s73.title": "Le quai attend",
    "msz.s73.body": "Tu retournes au quai. Tout est plus vide. Le silence est plus lourd, comme une salle qui attend un verdict.",
    "msz.s73.c1": "Rester et observer",
    "msz.s73.c2": "Monter dans la rame",
    "msz.s73.c3": "Revenir aux couloirs",

    "msz.s74.title": "Le monde se simplifie",
    "msz.s74.body": "Tu remarques que certains détails ont disparu : une affiche, une tache au sol, un bruit lointain. La station simplifie le décor pour te simplifier toi.",
    "msz.s74.c1": "Aller au choix final",
    "msz.s74.c2": "Monter dans la rame",
    "msz.s74.c3": "Retourner au contrôle",

    "msz.s75.title": "Le choix final",
    "msz.s75.body": "Tu comprends : rien n’est gratuit. Sortir a un prix. Rester aussi. Et la station adore les contrats silencieux.",
    "msz.s75.c1": "Sortir (avec tes preuves)",
    "msz.s75.c2": "Rester (accepter la logique)",
    "msz.s75.c3": "Forcer la station (révélation)",

    "msz.end_good.title": "Fin — Sortie réelle",
    "msz.end_good.body": "Tu sors. L’aube est grise, froide, vraie. Et dans ta main, une preuve existe encore — ticket, fragment, enregistrement… quelque chose que la station n’a pas réussi à effacer.",

    "msz.end_bad.title": "Fin — La descente continue",
    "msz.end_bad.body": "Tu montes. Les portes se ferment comme un soupir. Quand tu regardes par la vitre, le quai devient un couloir, puis une page blanche. Tu n’es plus un voyageur : tu es un dossier.",

    "msz.end_secret.title": "Fin secrète — Opérateur actif",
    "msz.end_secret.body": "Toutes tes preuves s’alignent. Les écrans affichent : « OPÉRATEUR ACTIF ». Le siège t’attend. Avec une horreur calme, tu comprends que la prochaine annonce… c’est toi qui la feras.",

    "msz.h.s11.soft": "Les panneaux ne guident pas : ils testent ce que tu suis.",
    "msz.h.s11.strong": "Trouve un ticket « 0 » : sans lui, rien ne se valide aux tourniquets.",

    "msz.h.s14.soft": "Le voyant rouge n’est pas un obstacle : c’est un jugement.",
    "msz.h.s14.strong": "Le distributeur allumé peut donner le ticket « 0 ». Reviens-y si besoin.",

    "msz.h.s34.soft": "Certaines présences sont là pour te détourner, pas pour t’attaquer.",
    "msz.h.s34.strong": "Le tunnel et le contrôle te donnent des preuves utiles (enregistrement).",

    "msz.h.s54.soft": "Si tu reviens au même endroit, c’est que la station t’a repris.",
    "msz.h.s54.strong": "Assemble le fragment du plan : il révèle la route SERVICE → ISSUE.",

    "msz.h.s57.soft": "Le lieu laisse passer ceux qui ont le “bon rôle”.",
    "msz.h.s57.strong": "Le badge du vestiaire est nécessaire pour ouvrir SERVICE.",

    "msz.h.s68.soft": "Une sortie peut être “fausse” si tu n’as aucune preuve.",
    "msz.h.s68.strong": "Garde au moins une preuve (ticket/fragment/enregistrement) et évite la rame.",

    "msz.h.s72.soft": "Ici, choisir revient à signer.",
    "msz.h.s72.strong": "Monter dans la rame mène à la fin mauvaise. L’ISSUE mène à la sortie réelle."
  }
}
