{
  "scenario_id": "bunker_reserve",
  "version": 3,
  "start_scene": "s01",
  "images": {
    "s01": { "file": "assets/scenarios/bunker_reserve/img/s01.webp" },
    "s02": { "file": "assets/scenarios/bunker_reserve/img/s02.webp" },
    "s03": { "file": "assets/scenarios/bunker_reserve/img/s03.webp" },
    "s04": { "file": "assets/scenarios/bunker_reserve/img/s04.webp" },
    "s05": { "file": "assets/scenarios/bunker_reserve/img/s05.webp" },
    "s06": { "file": "assets/scenarios/bunker_reserve/img/s06.webp" },
    "s07": { "file": "assets/scenarios/bunker_reserve/img/s07.webp" },
    "s08": { "file": "assets/scenarios/bunker_reserve/img/s08.webp" },
    "s09": { "file": "assets/scenarios/bunker_reserve/img/s09.webp" },
    "s10": { "file": "assets/scenarios/bunker_reserve/img/s10.webp" },
    "s11": { "file": "assets/scenarios/bunker_reserve/img/s11.webp" },
    "s12": { "file": "assets/scenarios/bunker_reserve/img/s12.webp" },
    "s13": { "file": "assets/scenarios/bunker_reserve/img/s13.webp" },
    "s14": { "file": "assets/scenarios/bunker_reserve/img/s14.webp" },
    "s15": { "file": "assets/scenarios/bunker_reserve/img/s15.webp" },
    "s16": { "file": "assets/scenarios/bunker_reserve/img/s16.webp" },
    "s17": { "file": "assets/scenarios/bunker_reserve/img/s17.webp" },
    "s18": { "file": "assets/scenarios/bunker_reserve/img/s18.webp" },
    "s19": { "file": "assets/scenarios/bunker_reserve/img/s19.webp" },
    "s20": { "file": "assets/scenarios/bunker_reserve/img/s20.webp" },
    "s21": { "file": "assets/scenarios/bunker_reserve/img/s21.webp" },
    "s22": { "file": "assets/scenarios/bunker_reserve/img/s22.webp" },
    "s23": { "file": "assets/scenarios/bunker_reserve/img/s23.webp" },
    "s24": { "file": "assets/scenarios/bunker_reserve/img/s24.webp" },
    "s25": { "file": "assets/scenarios/bunker_reserve/img/s25.webp" },
    "s26": { "file": "assets/scenarios/bunker_reserve/img/s26.webp" },
    "s27": { "file": "assets/scenarios/bunker_reserve/img/s27.webp" },
    "s28": { "file": "assets/scenarios/bunker_reserve/img/s28.webp" },
    "s29": { "file": "assets/scenarios/bunker_reserve/img/s29.webp" },
    "s30": { "file": "assets/scenarios/bunker_reserve/img/s30.webp" },
    "s31": { "file": "assets/scenarios/bunker_reserve/img/s31.webp" },
    "s32": { "file": "assets/scenarios/bunker_reserve/img/s32.webp" },
    "s33": { "file": "assets/scenarios/bunker_reserve/img/s33.webp" },
    "s34": { "file": "assets/scenarios/bunker_reserve/img/s34.webp" },
    "s35": { "file": "assets/scenarios/bunker_reserve/img/s35.webp" },
    "s36": { "file": "assets/scenarios/bunker_reserve/img/s36.webp" },
    "s37": { "file": "assets/scenarios/bunker_reserve/img/s37.webp" },
    "s38": { "file": "assets/scenarios/bunker_reserve/img/s38.webp" },
    "s39": { "file": "assets/scenarios/bunker_reserve/img/s39.webp" },
    "s40": { "file": "assets/scenarios/bunker_reserve/img/s40.webp" },
    "s41": { "file": "assets/scenarios/bunker_reserve/img/s41.webp" },
    "s42": { "file": "assets/scenarios/bunker_reserve/img/s42.webp" },
    "s43": { "file": "assets/scenarios/bunker_reserve/img/s43.webp" },
    "s44": { "file": "assets/scenarios/bunker_reserve/img/s44.webp" },
    "s45": { "file": "assets/scenarios/bunker_reserve/img/s45.webp" },
    "s46": { "file": "assets/scenarios/bunker_reserve/img/s46.webp" },
    "s47": { "file": "assets/scenarios/bunker_reserve/img/s47.webp" },
    "s48": { "file": "assets/scenarios/bunker_reserve/img/s48.webp" },
    "s49": { "file": "assets/scenarios/bunker_reserve/img/s49.webp" },
    "s50": { "file": "assets/scenarios/bunker_reserve/img/s50.webp" },
    "s51": { "file": "assets/scenarios/bunker_reserve/img/s51.webp" },
    "s52": { "file": "assets/scenarios/bunker_reserve/img/s52.webp" },
    "s53": { "file": "assets/scenarios/bunker_reserve/img/s53.webp" },
    "s54": { "file": "assets/scenarios/bunker_reserve/img/s54.webp" },
    "s55": { "file": "assets/scenarios/bunker_reserve/img/s55.webp" },
    "s56": { "file": "assets/scenarios/bunker_reserve/img/s56.webp" },

    "final_good": { "file": "assets/scenarios/bunker_reserve/img/final_good.webp" },
    "final_bad": { "file": "assets/scenarios/bunker_reserve/img/final_bad.webp" },
    "final_secret": { "file": "assets/scenarios/bunker_reserve/img/final_secret.webp" }
  },
  "state_model": {
    "flags": [
      "has_map_fragment",
      "has_badge",
      "has_master_key",
      "has_code",
      "has_recording",
      "has_sanctuary_mark",
      "has_protocol_truth",
      "has_override"
    ]
  },
  "scenes": {
    "end_good": { "image_id": "final_good", "title_key": "br.end_good.title", "body_key": "br.end_good.body", "choices": [] },
    "end_bad": { "image_id": "final_bad", "title_key": "br.end_bad.title", "body_key": "br.end_bad.body", "choices": [] },
    "end_secret": { "image_id": "final_secret", "title_key": "br.end_secret.title", "body_key": "br.end_secret.body", "choices": [] },

    "s01": {
      "image_id": "s01",
      "title_key": "br.s01.title",
      "body_key": "br.s01.body",
      "choices": [
        { "choice_key": "br.s01.c1", "next": "s02" },
        { "choice_key": "br.s01.c2", "next": "s03" },
        { "choice_key": "br.s01.c3", "next": "s02" }
      ]
    },
    "s02": {
      "image_id": "s02",
      "title_key": "br.s02.title",
      "body_key": "br.s02.body",
      "choices": [
        { "choice_key": "br.s02.c1", "next": "s03" },
        { "choice_key": "br.s02.c2", "next": "s01" },
        { "choice_key": "br.s02.c3", "next": "s03" }
      ]
    },
    "s03": {
      "image_id": "s03",
      "title_key": "br.s03.title",
      "body_key": "br.s03.body",
      "choices": [
        { "choice_key": "br.s03.c1", "next": "s04" },
        { "choice_key": "br.s03.c2", "next": "s02" },
        { "choice_key": "br.s03.c3", "next": "s04" }
      ]
    },
    "s04": {
      "image_id": "s04",
      "title_key": "br.s04.title",
      "body_key": "br.s04.body",
      "choices": [
        { "choice_key": "br.s04.c1", "next": "s05" },
        { "choice_key": "br.s04.c2", "next": "s03" },
        { "choice_key": "br.s04.c3", "next": "s05" }
      ]
    },
    "s05": {
      "image_id": "s05",
      "title_key": "br.s05.title",
      "body_key": "br.s05.body",
      "choices": [
        { "choice_key": "br.s05.c1", "next": "s06" },
        { "choice_key": "br.s05.c2", "next": "s06" },
        { "choice_key": "br.s05.c3", "next": "s04" }
      ]
    },
    "s06": {
      "image_id": "s06",
      "title_key": "br.s06.title",
      "body_key": "br.s06.body",
      "choices": [
        { "choice_key": "br.s06.c1", "next": "s07" },
        { "choice_key": "br.s06.c2", "next": "s09" },
        { "choice_key": "br.s06.c3", "next": "s14" }
      ]
    },
    "s07": {
      "image_id": "s07",
      "title_key": "br.s07.title",
      "body_key": "br.s07.body",
      "choices": [
        { "choice_key": "br.s07.c1", "next": "s08" },
        { "choice_key": "br.s07.c2", "next": "s06" },
        { "choice_key": "br.s07.c3", "next": "s09" }
      ]
    },
    "s08": {
      "image_id": "s08",
      "title_key": "br.s08.title",
      "body_key": "br.s08.body",
      "choices": [
        { "choice_key": "br.s08.c1", "next": "s09", "set_flags": ["has_map_fragment"] },
        { "choice_key": "br.s08.c2", "next": "s06" },
        { "choice_key": "br.s08.c3", "next": "s14" }
      ]
    },
    "s09": {
      "image_id": "s09",
      "title_key": "br.s09.title",
      "body_key": "br.s09.body",
      "choices": [
        { "choice_key": "br.s09.c1", "next": "s10" },
        { "choice_key": "br.s09.c2", "next": "s11" },
        { "choice_key": "br.s09.c3", "next": "s06" }
      ]
    },
    "s10": {
      "image_id": "s10",
      "title_key": "br.s10.title",
      "body_key": "br.s10.body",
      "choices": [
        { "choice_key": "br.s10.c1", "next": "s11" },
        { "choice_key": "br.s10.c2", "next": "s06" },
        { "choice_key": "br.s10.c3", "next": "s14" }
      ]
    },
    "s11": {
      "image_id": "s11",
      "title_key": "br.s11.title",
      "body_key": "br.s11.body",
      "choices": [
        { "choice_key": "br.s11.c1", "next": "s12" },
        { "choice_key": "br.s11.c2", "next": "s06" },
        { "choice_key": "br.s11.c3", "next": "s14" }
      ]
    },
    "s12": {
      "image_id": "s12",
      "title_key": "br.s12.title",
      "body_key": "br.s12.body",
      "choices": [
        { "choice_key": "br.s12.c1", "next": "s13", "set_flags": ["has_badge"] },
        { "choice_key": "br.s12.c2", "next": "s11" },
        { "choice_key": "br.s12.c3", "next": "s06" }
      ]
    },
    "s13": {
      "image_id": "s13",
      "title_key": "br.s13.title",
      "body_key": "br.s13.body",
      "choices": [
        { "choice_key": "br.s13.c1", "next": "s27", "requires_any_flags": ["has_badge"] },
        { "choice_key": "br.s13.c2", "next": "s06" },
        { "choice_key": "br.s13.c3", "next": "s14" }
      ]
    },
    "s14": {
      "image_id": "s14",
      "title_key": "br.s14.title",
      "body_key": "br.s14.body",
      "choices": [
        { "choice_key": "br.s14.c1", "next": "s15" },
        { "choice_key": "br.s14.c2", "next": "s16" },
        { "choice_key": "br.s14.c3", "next": "s06" }
      ]
    },
    "s15": {
      "image_id": "s15",
      "title_key": "br.s15.title",
      "body_key": "br.s15.body",
      "choices": [
        { "choice_key": "br.s15.c1", "next": "s22" },
        { "choice_key": "br.s15.c2", "next": "s17" },
        { "choice_key": "br.s15.c3", "next": "s14" }
      ]
    },
    "s16": {
      "image_id": "s16",
      "title_key": "br.s16.title",
      "body_key": "br.s16.body",
      "choices": [
        { "choice_key": "br.s16.c1", "next": "s17" },
        { "choice_key": "br.s16.c2", "next": "s19" },
        { "choice_key": "br.s16.c3", "next": "s14" }
      ]
    },
    "s17": {
      "image_id": "s17",
      "title_key": "br.s17.title",
      "body_key": "br.s17.body",
      "choices": [
        { "choice_key": "br.s17.c1", "next": "s18" },
        { "choice_key": "br.s17.c2", "next": "s16" },
        { "choice_key": "br.s17.c3", "next": "s14" }
      ]
    },
    "s18": {
      "image_id": "s18",
      "title_key": "br.s18.title",
      "body_key": "br.s18.body",
      "choices": [
        { "choice_key": "br.s18.c1", "next": "s19", "set_flags": ["has_master_key"] },
        { "choice_key": "br.s18.c2", "next": "s17" },
        { "choice_key": "br.s18.c3", "next": "s14" }
      ]
    },
    "s19": {
      "image_id": "s19",
      "title_key": "br.s19.title",
      "body_key": "br.s19.body",
      "choices": [
        { "choice_key": "br.s19.c1", "next": "s20" },
        { "choice_key": "br.s19.c2", "next": "s21" },
        { "choice_key": "br.s19.c3", "next": "s16" }
      ]
    },
    "s20": {
      "image_id": "s20",
      "title_key": "br.s20.title",
      "body_key": "br.s20.body",
      "choices": [
        { "choice_key": "br.s20.c1", "next": "s25" },
        { "choice_key": "br.s20.c2", "next": "s25" },
        { "choice_key": "br.s20.c3", "next": "s19" }
      ]
    },
    "s21": {
      "image_id": "s21",
      "title_key": "br.s21.title",
      "body_key": "br.s21.body",
      "choices": [
        { "choice_key": "br.s21.c1", "next": "s22" },
        { "choice_key": "br.s21.c2", "next": "s19" },
        { "choice_key": "br.s21.c3", "next": "s16" }
      ]
    },
    "s22": {
      "image_id": "s22",
      "title_key": "br.s22.title",
      "body_key": "br.s22.body",
      "choices": [
        { "choice_key": "br.s22.c1", "next": "s23" },
        { "choice_key": "br.s22.c2", "next": "s15" },
        { "choice_key": "br.s22.c3", "next": "s31" }
      ]
    },
    "s23": {
      "image_id": "s23",
      "title_key": "br.s23.title",
      "body_key": "br.s23.body",
      "choices": [
        { "choice_key": "br.s23.c1", "next": "s24" },
        { "choice_key": "br.s23.c2", "next": "s25" },
        { "choice_key": "br.s23.c3", "next": "s22" }
      ]
    },
    "s24": {
      "image_id": "s24",
      "title_key": "br.s24.title",
      "body_key": "br.s24.body",
      "choices": [
        { "choice_key": "br.s24.c1", "next": "s42", "set_flags": ["has_code"] },
        { "choice_key": "br.s24.c2", "next": "s23" },
        { "choice_key": "br.s24.c3", "next": "s31" }
      ]
    },
    "s25": {
      "image_id": "s25",
      "title_key": "br.s25.title",
      "body_key": "br.s25.body",
      "choices": [
        { "choice_key": "br.s25.c1", "next": "s26" },
        { "choice_key": "br.s25.c2", "next": "s19" },
        { "choice_key": "br.s25.c3", "next": "s31" }
      ]
    },
    "s26": {
      "image_id": "s26",
      "title_key": "br.s26.title",
      "body_key": "br.s26.body",
      "choices": [
        { "choice_key": "br.s26.c1", "next": "s27" },
        { "choice_key": "br.s26.c2", "next": "s33", "requires_any_flags": ["has_master_key"] },
        { "choice_key": "br.s26.c3", "next": "s25" }
      ]
    },
    "s27": {
      "image_id": "s27",
      "title_key": "br.s27.title",
      "body_key": "br.s27.body",
      "choices": [
        { "choice_key": "br.s27.c1", "next": "s28" },
        { "choice_key": "br.s27.c2", "next": "s29" },
        { "choice_key": "br.s27.c3", "next": "s31" }
      ]
    },
    "s28": {
      "image_id": "s28",
      "title_key": "br.s28.title",
      "body_key": "br.s28.body",
      "choices": [
        { "choice_key": "br.s28.c1", "next": "s30" },
        { "choice_key": "br.s28.c2", "next": "s27" },
        { "choice_key": "br.s28.c3", "next": "s31" }
      ]
    },
    "s29": {
      "image_id": "s29",
      "title_key": "br.s29.title",
      "body_key": "br.s29.body",
      "choices": [
        { "choice_key": "br.s29.c1", "next": "s30" },
        { "choice_key": "br.s29.c2", "next": "s28" },
        { "choice_key": "br.s29.c3", "next": "s31" }
      ]
    },
    "s30": {
      "image_id": "s30",
      "title_key": "br.s30.title",
      "body_key": "br.s30.body",
      "choices": [
        { "choice_key": "br.s30.c1", "next": "s32", "set_flags": ["has_recording"] },
        { "choice_key": "br.s30.c2", "next": "s27" },
        { "choice_key": "br.s30.c3", "next": "s31" }
      ]
    },
    "s31": {
      "image_id": "s31",
      "title_key": "br.s31.title",
      "body_key": "br.s31.body",
      "choices": [
        { "choice_key": "br.s31.c1", "next": "s32" },
        { "choice_key": "br.s31.c2", "next": "s48" },
        { "choice_key": "br.s31.c3", "next": "s56" }
      ]
    },
    "s32": {
      "image_id": "s32",
      "title_key": "br.s32.title",
      "body_key": "br.s32.body",
      "choices": [
        { "choice_key": "br.s32.c1", "next": "s33", "requires_any_flags": ["has_master_key"] },
        { "choice_key": "br.s32.c2", "next": "s35" },
        { "choice_key": "br.s32.c3", "next": "s14" }
      ]
    },
    "s33": {
      "image_id": "s33",
      "title_key": "br.s33.title",
      "body_key": "br.s33.body",
      "choices": [
        { "choice_key": "br.s33.c1", "next": "s34" },
        { "choice_key": "br.s33.c2", "next": "s26" },
        { "choice_key": "br.s33.c3", "next": "s32" }
      ]
    },
    "s34": {
      "image_id": "s34",
      "title_key": "br.s34.title",
      "body_key": "br.s34.body",
      "choices": [
        { "choice_key": "br.s34.c1", "next": "s36" },
        { "choice_key": "br.s34.c2", "next": "s33" },
        { "choice_key": "br.s34.c3", "next": "s31" }
      ]
    },
    "s35": {
      "image_id": "s35",
      "title_key": "br.s35.title",
      "body_key": "br.s35.body",
      "choices": [
        { "choice_key": "br.s35.c1", "next": "s36" },
        { "choice_key": "br.s35.c2", "next": "s40", "requires_any_flags": ["has_map_fragment"] },
        { "choice_key": "br.s35.c3", "next": "s31" }
      ]
    },
    "s36": {
      "image_id": "s36",
      "title_key": "br.s36.title",
      "body_key": "br.s36.body",
      "choices": [
        { "choice_key": "br.s36.c1", "next": "s37" },
        { "choice_key": "br.s36.c2", "next": "s38" },
        { "choice_key": "br.s36.c3", "next": "s35" }
      ]
    },
    "s37": {
      "image_id": "s37",
      "title_key": "br.s37.title",
      "body_key": "br.s37.body",
      "choices": [
        { "choice_key": "br.s37.c1", "next": "s38", "set_flags": ["has_sanctuary_mark"] },
        { "choice_key": "br.s37.c2", "next": "s36" },
        { "choice_key": "br.s37.c3", "next": "s31" }
      ]
    },
    "s38": {
      "image_id": "s38",
      "title_key": "br.s38.title",
      "body_key": "br.s38.body",
      "choices": [
        { "choice_key": "br.s38.c1", "next": "s39" },
        { "choice_key": "br.s38.c2", "next": "s53" },
        { "choice_key": "br.s38.c3", "next": "s31" }
      ]
    },
    "s39": {
      "image_id": "s39",
      "title_key": "br.s39.title",
      "body_key": "br.s39.body",
      "choices": [
        { "choice_key": "br.s39.c1", "next": "s42" },
        { "choice_key": "br.s39.c2", "next": "s50" },
        { "choice_key": "br.s39.c3", "next": "s31" }
      ]
    },
    "s40": {
      "image_id": "s40",
      "title_key": "br.s40.title",
      "body_key": "br.s40.body",
      "choices": [
        { "choice_key": "br.s40.c1", "next": "s41" },
        { "choice_key": "br.s40.c2", "next": "s35" },
        { "choice_key": "br.s40.c3", "next": "s31" }
      ]
    },
    "s41": {
      "image_id": "s41",
      "title_key": "br.s41.title",
      "body_key": "br.s41.body",
      "choices": [
        { "choice_key": "br.s41.c1", "next": "s42" },
        { "choice_key": "br.s41.c2", "next": "s40" },
        { "choice_key": "br.s41.c3", "next": "s31" }
      ]
    },
    "s42": {
      "image_id": "s42",
      "title_key": "br.s42.title",
      "body_key": "br.s42.body",
      "choices": [
        { "choice_key": "br.s42.c1", "next": "s43", "set_flags": ["has_protocol_truth"] },
        { "choice_key": "br.s42.c2", "next": "s39" },
        { "choice_key": "br.s42.c3", "next": "s31" }
      ]
    },
    "s43": {
      "image_id": "s43",
      "title_key": "br.s43.title",
      "body_key": "br.s43.body",
      "choices": [
        { "choice_key": "br.s43.c1", "next": "s44", "requires_all_flags": ["has_badge", "has_code"] },
        { "choice_key": "br.s43.c2", "next": "s23" },
        { "choice_key": "br.s43.c3", "next": "s31" }
      ]
    },
    "s44": {
      "image_id": "s44",
      "title_key": "br.s44.title",
      "body_key": "br.s44.body",
      "choices": [
        { "choice_key": "br.s44.c1", "next": "s45" },
        { "choice_key": "br.s44.c2", "next": "s43" },
        { "choice_key": "br.s44.c3", "next": "s31" }
      ]
    },
    "s45": {
      "image_id": "s45",
      "title_key": "br.s45.title",
      "body_key": "br.s45.body",
      "choices": [
        { "choice_key": "br.s45.c1", "next": "s46" },
        { "choice_key": "br.s45.c2", "next": "s47" },
        { "choice_key": "br.s45.c3", "next": "s31" }
      ]
    },
    "s46": {
      "image_id": "s46",
      "title_key": "br.s46.title",
      "body_key": "br.s46.body",
      "choices": [
        { "choice_key": "br.s46.c1", "next": "s47", "set_flags": ["has_override"] },
        { "choice_key": "br.s46.c2", "next": "s45" },
        { "choice_key": "br.s46.c3", "next": "s31" }
      ]
    },
    "s47": {
      "image_id": "s47",
      "title_key": "br.s47.title",
      "body_key": "br.s47.body",
      "choices": [
        { "choice_key": "br.s47.c1", "next": "s48" },
        { "choice_key": "br.s47.c2", "next": "s49" },
        { "choice_key": "br.s47.c3", "next": "s31" }
      ]
    },
    "s48": {
      "image_id": "s48",
      "title_key": "br.s48.title",
      "body_key": "br.s48.body",
      "choices": [
        { "choice_key": "br.s48.c1", "next": "s51" },
        { "choice_key": "br.s48.c2", "next": "s52" },
        { "choice_key": "br.s48.c3", "next": "s56" }
      ]
    },
    "s49": {
      "image_id": "s49",
      "title_key": "br.s49.title",
      "body_key": "br.s49.body",
      "choices": [
        { "choice_key": "br.s49.c1", "next": "s50" },
        { "choice_key": "br.s49.c2", "next": "s52" },
        { "choice_key": "br.s49.c3", "next": "s56" }
      ]
    },
    "s50": {
      "image_id": "s50",
      "title_key": "br.s50.title",
      "body_key": "br.s50.body",
      "choices": [
        { "choice_key": "br.s50.c1", "next": "s53" },
        { "choice_key": "br.s50.c2", "next": "s54", "requires_any_flags": ["has_override"] },
        { "choice_key": "br.s50.c3", "next": "s56" }
      ]
    },
    "s51": {
      "image_id": "s51",
      "title_key": "br.s51.title",
      "body_key": "br.s51.body",
      "choices": [
        { "choice_key": "br.s51.c1", "next": "s56" },
        { "choice_key": "br.s51.c2", "next": "s52" },
        { "choice_key": "br.s51.c3", "next": "s31" }
      ]
    },
    "s52": {
      "image_id": "s52",
      "title_key": "br.s52.title",
      "body_key": "br.s52.body",
      "choices": [
        { "choice_key": "br.s52.c1", "next": "end_good" },
        { "choice_key": "br.s52.c2", "next": "s49" },
        { "choice_key": "br.s52.c3", "next": "s56" }
      ]
    },
    "s53": {
      "image_id": "s53",
      "title_key": "br.s53.title",
      "body_key": "br.s53.body",
      "choices": [
        { "choice_key": "br.s53.c1", "next": "s54", "requires_all_flags": ["has_override", "has_protocol_truth"] },
        { "choice_key": "br.s53.c2", "next": "s50" },
        { "choice_key": "br.s53.c3", "next": "s56" }
      ]
    },
    "s54": {
      "image_id": "s54",
      "title_key": "br.s54.title",
      "body_key": "br.s54.body",
      "choices": [
        { "choice_key": "br.s54.c1", "next": "s56" },
        { "choice_key": "br.s54.c2", "next": "end_bad" },
        { "choice_key": "br.s54.c3", "next": "s55" }
      ]
    },
    "s55": {
      "image_id": "s55",
      "title_key": "br.s55.title",
      "body_key": "br.s55.body",
      "choices": [
        { "choice_key": "br.s55.c1", "next": "s56" },
        { "choice_key": "br.s55.c2", "next": "s52" },
        { "choice_key": "br.s55.c3", "next": "s31" }
      ]
    },
    "s56": {
      "image_id": "s56",
      "title_key": "br.s56.title",
      "body_key": "br.s56.body",
      "choices": [
        { "choice_key": "br.s56.c1", "next": "end_good", "requires_all_flags": ["has_recording"] },
        { "choice_key": "br.s56.c2", "next": "end_bad" },
        { "choice_key": "br.s56.c3", "next": "end_secret", "requires_all_flags": ["has_override", "has_protocol_truth", "has_recording", "has_sanctuary_mark"] }
      ]
    }
  }
}
