
{
  "meta": {
    "lang": "fr",
    "scenario_id": "bunker_reserve",
    "title": "Réserves",
    "tagline": "Tout est plein. Tout est prêt. Et pourtant, quelqu’un vit ici… la nuit.",
    "hint_ns": "br.h"
  },
  "strings": {
    "br.s01.title": "La colline muette",
    "br.s01.body": "La pente paraît normale, mais l’air est plus froid ici. Entre deux racines, un métal affleure… comme si la terre cachait une porte. Le silence a une densité étrange.",
    "br.s01.c1": "Suivre la clôture (chercher une ouverture)",
    "br.s01.c2": "Approcher directement le métal affleurant",
    "br.s01.c3": "Contourner et observer les traces au sol",

    "br.s02.title": "Clôture neuve",
    "br.s02.body": "La clôture est vieille, mais le cadenas est neuf. Trop neuf. Au sol, la boue porte des marques nettes qui vont toutes dans la même direction : la colline.",
    "br.s02.c1": "Suivre les traces jusqu’à la colline",
    "br.s02.c2": "Revenir en arrière (mauvaise idée ?)",
    "br.s02.c3": "Chercher un autre passage le long de la clôture",

    "br.s03.title": "Métal froid",
    "br.s03.body": "Sous tes doigts, la trappe est glacée. Une goutte sombre a séché sur le métal, comme si le temps s’était arrêté ici. La poignée ne fait aucun bruit… et ça t’inquiète plus que l’inverse.",
    "br.s03.c1": "Tirer la poignée doucement",
    "br.s03.c2": "Reculer et écouter longtemps",
    "br.s03.c3": "Soulever juste assez pour regarder",

    "br.s04.title": "Descendre, longtemps",
    "br.s04.body": "Tu t’enfonces. L’odeur de terre disparaît. Le béton humide prend sa place, puis une odeur sèche, presque propre. Ton souffle résonne trop bien.",
    "br.s04.c1": "Continuer la descente",
    "br.s04.c2": "Remonter (instinct)",
    "br.s04.c3": "Éteindre ta lumière un instant",

    "br.s05.title": "Le sas",
    "br.s05.body": "Deux portes. Des joints parfaits. La poussière est là… mais rangée, comme si quelqu’un avait appris au lieu à rester propre. Un voyant dort, mais pas complètement.",
    "br.s05.c1": "Passer la première porte",
    "br.s05.c2": "Tester le panneau (sans insister)",
    "br.s05.c3": "Revenir vers l’escalier",

    "br.s06.title": "Couloir principal",
    "br.s06.body": "Le couloir est trop long et trop net. Les néons tremblent, sans bruit de transformateur. Le sol brille comme s’il avait été lavé… puis laissé sécher dans l’ombre.",
    "br.s06.c1": "Aller vers la vitre du plan",
    "br.s06.c2": "Chercher une salle de contrôle",
    "br.s06.c3": "Suivre l’odeur sèche vers les réserves",

    "br.s07.title": "Vitrine du plan",
    "br.s07.body": "Un plan derrière une vitre. Pas lisible, mais tu vois un coin arraché. Comme si quelqu’un avait emporté un morceau précis… et laissé le reste comme un décor.",
    "br.s07.c1": "Inspecter le coin arraché",
    "br.s07.c2": "Revenir au couloir",
    "br.s07.c3": "Aller à la salle de contrôle",

    "br.s08.title": "Le morceau manquant",
    "br.s08.body": "Au pied de la vitre, un éclat de papier est resté coincé. Juste assez pour reconnaître un tracé : un détour, un accès secondaire. Ce n’est pas une carte… c’est une invitation.",
    "br.s08.c1": "Conserver mentalement le tracé et avancer",
    "br.s08.c2": "Revenir au couloir (sans prendre de risques)",
    "br.s08.c3": "Aller vers les réserves",

    "br.s09.title": "Salle de contrôle",
    "br.s09.body": "Écrans noirs. Une chaise parfaitement centrée. Un voyant seul respire, lentement. Tu as l’impression d’être attendu, pas surveillé : guidé.",
    "br.s09.c1": "Observer les voyants (sans toucher)",
    "br.s09.c2": "Chercher une porte d’accès (badge ?)",
    "br.s09.c3": "Revenir au couloir principal",

    "br.s10.title": "Horaire impossible",
    "br.s10.body": "Une horloge figée sur une minute précise. Un minuteur clignote à peine, comme s’il comptait quelque chose que tu ne vois pas. Le bunker a une notion de temps… sans soleil.",
    "br.s10.c1": "Retourner à la porte à lecteur",
    "br.s10.c2": "Revenir au couloir",
    "br.s10.c3": "Aller vers les réserves",

    "br.s11.title": "Porte à badge",
    "br.s11.body": "Une porte métallique avec lecteur. La surface porte une rayure fraîche, en demi-lune, comme un geste répété. Tu comprends : quelqu’un passe ici souvent.",
    "br.s11.c1": "Chercher le vestiaire service",
    "br.s11.c2": "Revenir au couloir",
    "br.s11.c3": "Aller vers les réserves (pour éviter les accès)",

    "br.s12.title": "Vestiaire service",
    "br.s12.body": "Casiers fermés. Banc froid. Et au milieu… un badge posé trop droit, trop visible. Un cadeau. Un test. Les deux à la fois.",
    "br.s12.c1": "Prendre le badge",
    "br.s12.c2": "Le laisser et retourner à la porte",
    "br.s12.c3": "Quitter la zone (mauvais pressentiment)",

    "br.s13.title": "Bip discret",
    "br.s13.body": "Le lecteur émet un bip timide. Pas un refus : une permission. La porte ne s’ouvre pas d’un coup. Elle cède lentement, comme si elle avait appris à être silencieuse.",
    "br.s13.c1": "Entrer côté sécurité",
    "br.s13.c2": "Revenir au couloir",
    "br.s13.c3": "Aller vers les réserves d’abord",

    "br.s14.title": "Réserves intactes",
    "br.s14.body": "Conserves, cartons scellés, eau, couvertures. Tout est plein. Tout est prêt. Comme si la catastrophe n’avait jamais eu lieu… mais que quelqu’un l’attendait encore.",
    "br.s14.c1": "Inspecter les travées",
    "br.s14.c2": "Aller au dortoir (chercher des traces)",
    "br.s14.c3": "Revenir au couloir principal",

    "br.s15.title": "La travée vide",
    "br.s15.body": "Au milieu des stocks, une travée entière est vide. Pas de poussière accumulée. Plutôt… un passage entretenu. Tu as la sensation d’être dans un frigo qu’on ouvre la nuit.",
    "br.s15.c1": "Suivre la travée jusqu’à une porte scellée",
    "br.s15.c2": "Aller à l’infirmerie",
    "br.s15.c3": "Revenir aux réserves",

    "br.s16.title": "Dortoir au carré",
    "br.s16.body": "Les lits sont parfaits. Trop parfaits. Un oreiller est pourtant déplacé d’un centimètre, comme un doigt qui aurait vérifié la place… puis remis tout en ordre.",
    "br.s16.c1": "Aller à l’infirmerie",
    "br.s16.c2": "Descendre vers la zone technique",
    "br.s16.c3": "Revenir aux réserves",

    "br.s17.title": "Infirmerie",
    "br.s17.body": "L’armoire vitrée reflète ton visage trop pâle. Un tiroir est entrouvert, très légèrement. Comme si quelqu’un l’avait fermé… mais pas tout à fait. L’air est sec, sans odeur humaine.",
    "br.s17.c1": "Ouvrir le tiroir doucement",
    "br.s17.c2": "Revenir au dortoir",
    "br.s17.c3": "Retourner aux réserves",

    "br.s18.title": "Emplacement manquant",
    "br.s18.body": "Dans le tiroir : une place vide, propre, découpée dans la mousse. Une clé lourde y manquait… et elle est là, collée au fond, glacée, comme si elle refusait la chaleur de ta main.",
    "br.s18.c1": "Prendre la clé et partir",
    "br.s18.c2": "Refermer et reculer",
    "br.s18.c3": "Retourner aux réserves",

    "br.s19.title": "Salle technique",
    "br.s19.body": "Câbles, tuyaux, condensation. La génératrice dort, mais les vibrations du bâtiment ne dorment pas. Un léger battement dans les parois : pas un bruit… une habitude.",
    "br.s19.c1": "Suivre le battement (ventilation)",
    "br.s19.c2": "Aller vers la filtration d’eau",
    "br.s19.c3": "Revenir au dortoir",

    "br.s20.title": "Le battement",
    "br.s20.body": "Tu te colles au mur : la vibration revient à intervalle régulier. Comme une respiration cachée. Ça te guide vers une grille déposée au sol, trop propre pour être ancienne.",
    "br.s20.c1": "Aller à la ventilation",
    "br.s20.c2": "Passer par l’eau (éviter les conduits)",
    "br.s20.c3": "Revenir en arrière",

    "br.s21.title": "Filtration",
    "br.s21.body": "Condensation sur l’inox. Et une empreinte de main, nette, comme une trace de peau froide. Personne ne boit ici… mais quelqu’un touche, vérifie, entretient.",
    "br.s21.c1": "Suivre la trace vers une porte scellée",
    "br.s21.c2": "Revenir au technique",
    "br.s21.c3": "Retourner vers la zone dortoir",

    "br.s22.title": "Porte scellée",
    "br.s22.body": "Cadenas. Métal épais. Sur le cadre, une trace de chaleur… comme une fièvre contenue. Le bunker semble retenir quelque chose derrière, par discipline, pas par sécurité.",
    "br.s22.c1": "Chercher un autre accès (atelier)",
    "br.s22.c2": "Revenir à la travée vide",
    "br.s22.c3": "Insister (et déclencher quelque chose)",

    "br.s23.title": "Atelier",
    "br.s23.body": "Outils alignés au millimètre. Une lame manque. La poussière est coupée net, comme si quelqu’un avait posé une main, puis retiré la main sans laisser de chaos.",
    "br.s23.c1": "Inspecter l’établi (chercher un indice)",
    "br.s23.c2": "Aller vers la ventilation",
    "br.s23.c3": "Revenir à la porte scellée",

    "br.s24.title": "Note sans mots",
    "br.s24.body": "Sous une plaque, un symbole gravé. Pas un mot : une logique. Trois gestes, une séquence. Tu la comprends sans savoir pourquoi, comme si on t’avait déjà appris la réponse.",
    "br.s24.c1": "Mémoriser la séquence (code) et aller à la console",
    "br.s24.c2": "Revenir à l’atelier",
    "br.s24.c3": "Forcer le rythme (et subir l’alarme)",

    "br.s25.title": "Grille ouverte",
    "br.s25.body": "La grille est déposée, vis au sol. Les bords du métal sont frottés, récents. Un souffle froid vient du conduit, pas de l’air… quelque chose d’autre : l’absence de chaleur.",
    "br.s25.c1": "Entrer dans le conduit",
    "br.s25.c2": "Revenir au technique",
    "br.s25.c3": "Faire demi-tour (alarme au loin)",

    "br.s26.title": "Dans le conduit",
    "br.s26.body": "Tu avances à genoux. Le métal est froid, lisse, entretenu. À travers une grille, tu vois la sécurité. Et un détail : une porte de service avec serrure mécanique…",
    "br.s26.c1": "Sortir vers la sécurité",
    "br.s26.c2": "Prendre la porte de service (si tu peux l’ouvrir)",
    "br.s26.c3": "Revenir en arrière",

    "br.s27.title": "Salle sécurité",
    "br.s27.body": "Écrans sombres. Un seul est actif. Et l’image a une seconde de retard. Pas assez pour être utile… juste assez pour être humiliant : le bunker voit avant toi.",
    "br.s27.c1": "Approcher l’écran actif",
    "br.s27.c2": "Chercher un bouton d’enregistrement",
    "br.s27.c3": "Fuir (alarme possible)",

    "br.s28.title": "Une seconde de trop",
    "br.s28.body": "Sur l’écran, le couloir est vide. Puis, une seconde plus tard, une ombre passe. L’ombre n’a pas de source. Le bunker “arrondit” la réalité.",
    "br.s28.c1": "Lancer l’enregistrement",
    "br.s28.c2": "Revenir à la salle sécurité",
    "br.s28.c3": "Partir avant que ça recommence",

    "br.s29.title": "Le curseur bouge",
    "br.s29.body": "Un curseur se déplace tout seul sur l’interface muette. Comme une main invisible qui te montre où appuyer. Ce n’est pas un fantôme. C’est une habitude du lieu.",
    "br.s29.c1": "Appuyer là où on te guide",
    "br.s29.c2": "Refuser et revenir à l’écran",
    "br.s29.c3": "Fuir (alarme)",

    "br.s30.title": "Preuve",
    "br.s30.body": "Tu captures l’image. Sur la vidéo, le couloir se répète… puis un mouvement apparaît dans l’angle, trop lent pour être humain, trop précis pour être hasard. Tu as une preuve.",
    "br.s30.c1": "Quitter la sécurité calmement",
    "br.s30.c2": "Revenir au début de la salle sécurité",
    "br.s30.c3": "Partir en courant (mauvaise idée)",

    "br.s31.title": "Lumière rouge",
    "br.s31.body": "La lumière rouge ne hurle pas. Elle pulse doucement, comme un cœur artificiel. Les portes au loin se ferment une à une, sans claquer. Le bunker isole. Le bunker range.",
    "br.s31.c1": "Rester calme et marcher",
    "br.s31.c2": "Suivre la pulsation vers le fond",
    "br.s31.c3": "Prendre le long couloir jusqu’au dernier choix",

    "br.s32.title": "Retour au calme",
    "br.s32.body": "Le rouge s’éteint. Le silence revient. Mais tu sens que le bunker t’a “enregistré”. Chaque pas semble archivé. Tu dois choisir une voie utile, pas seulement rassurante.",
    "br.s32.c1": "Ouvrir la porte service (si tu as la clé)",
    "br.s32.c2": "Explorer plus loin dans les couloirs",
    "br.s32.c3": "Retourner aux réserves",

    "br.s33.title": "Local maintenance",
    "br.s33.body": "La clé tourne sans résistance, comme si la serrure t’attendait. À l’intérieur : poussière cassée par des pas récents. Pas des pas pressés. Des pas sûrs, réguliers.",
    "br.s33.c1": "Entrer et chercher un passage",
    "br.s33.c2": "Revenir au conduit",
    "br.s33.c3": "Revenir au couloir",

    "br.s34.title": "Pas récents",
    "br.s34.body": "Les traces s’arrêtent devant un mur. Un mur qui n’a pas la même texture. Quelqu’un passe ici, mais ne laisse rien au hasard. Tu repères une marque répétée, sombre.",
    "br.s34.c1": "Suivre la marque",
    "br.s34.c2": "Revenir au local",
    "br.s34.c3": "Faire demi-tour (alarme)",

    "br.s35.title": "Couloir des détails",
    "br.s35.body": "Le couloir a des micro-traces : frottements, condensation déplacée, un angle plus propre que les autres. Avec le plan en tête, tu comprends qu’un détour existe… mais seulement si tu l’acceptes.",
    "br.s35.c1": "Suivre l’angle trop propre",
    "br.s35.c2": "Revenir au plan (si tu as le fragment)",
    "br.s35.c3": "Forcer le rythme (risqué)",

    "br.s36.title": "La marque",
    "br.s36.body": "Une marque sombre, répétée, comme un symbole sans mots. Elle ne te dit pas “où aller”. Elle te dit “où ne pas faire de bruit”. C’est une règle d’occupant.",
    "br.s36.c1": "Continuer vers la marque suivante",
    "br.s36.c2": "Chercher la source (une pièce)",
    "br.s36.c3": "Revenir au couloir précédent",

    "br.s37.title": "Le repère revient",
    "br.s37.body": "La marque est là encore. Plus proche. Et l’air change : plus sec, plus froid, comme si la chaleur était interdite. Tu comprends : c’est un sanctuaire.",
    "br.s37.c1": "Toucher la marque (mémoriser le repère)",
    "br.s37.c2": "Reculer doucement",
    "br.s37.c3": "Fuir (alarme rouge)",

    "br.s38.title": "Pièce habitée",
    "br.s38.body": "Un fauteuil. Un drap occultant. Un verre vide, sans poussière. La pièce n’est pas un décor : elle est entretenue. Ici, quelqu’un vit… mais seulement quand tu ne le vois pas.",
    "br.s38.c1": "Approcher le drap occultant",
    "br.s38.c2": "Chercher une cache (sans toucher au drap)",
    "br.s38.c3": "Partir (alarme)",

    "br.s39.title": "L’air manque",
    "br.s39.body": "Ton souffle devient trop fort, trop chaud. Tu sens que le lieu n’aime pas la chaleur humaine. C’est un frigo, oui… mais un frigo avec des règles. Et tu es dedans.",
    "br.s39.c1": "Revenir à la console (tout contrôler)",
    "br.s39.c2": "Rester et écouter longtemps",
    "br.s39.c3": "Fuir vers l’alarme",

    "br.s40.title": "Le plan “répond”",
    "br.s40.body": "Le plan, même flou, prend un sens : le fragment correspond à un accès qui n’existe pas sur le reste. Comme si on t’avait donné la seule partie utile, le reste servant à te perdre.",
    "br.s40.c1": "Suivre l’accès secondaire indiqué",
    "br.s40.c2": "Revenir au couloir",
    "br.s40.c3": "Déclencher la lumière rouge (mauvais)",

    "br.s41.title": "Zone absente",
    "br.s41.body": "Une zone est effacée du plan. Pas arrachée : effacée. Comme si quelqu’un avait voulu faire disparaître une pièce. Ce genre de geste n’appartient pas à un bunker… mais à un occupant.",
    "br.s41.c1": "Retourner à la console avec cette vérité",
    "br.s41.c2": "Revenir au plan",
    "br.s41.c3": "Fuir (alarme)",

    "br.s42.title": "Console centrale",
    "br.s42.body": "La console est verrouillée, mais tu vois un langage simple : veille, test, isolement. Le bunker n’est pas un lieu : c’est un protocole. Et tu viens d’en comprendre le début.",
    "br.s42.c1": "Lire les lignes et comprendre le protocole",
    "br.s42.c2": "Revenir au sanctuaire",
    "br.s42.c3": "Quitter (alarme)",

    "br.s43.title": "Double clé",
    "br.s43.body": "Deux verrous : badge et séquence. Sans les deux, le bunker te garde dans les couloirs. Avec les deux… tu peux lui parler. La question : faut-il lui parler ?",
    "br.s43.c1": "Déverrouiller (badge + code)",
    "br.s43.c2": "Revenir à l’atelier (vérifier la séquence)",
    "br.s43.c3": "Fuir (alarme)",

    "br.s44.title": "Accès accordé",
    "br.s44.body": "La console répond sans son. Voyants alignés. Une option apparaît : ‘MODE VEILLE’ ou ‘MODE TEST’. Tu comprends : veille = confort de l’occupant. Test = danger… mais vérité.",
    "br.s44.c1": "Passer à l’étape suivante",
    "br.s44.c2": "Revenir en arrière",
    "br.s44.c3": "Quitter (alarme)",

    "br.s45.title": "Mode test",
    "br.s45.body": "Le bunker te demande une décision : activer une séquence qui isole une zone. La porte scellée chauffe légèrement. Comme si quelque chose derrière s’éveillait… ou s’agaçait.",
    "br.s45.c1": "Ouvrir la voie vers l’override",
    "br.s45.c2": "Aller à la porte scellée",
    "br.s45.c3": "Quitter (alarme)",

    "br.s46.title": "Override",
    "br.s46.body": "Un mot que tu n’aimes pas : override. Contourner. Inverser. Le bunker te laisse toucher ce bouton comme un animal qui laisse un inconnu approcher son collier.",
    "br.s46.c1": "Activer l’override (sans trembler)",
    "br.s46.c2": "Revenir au mode test",
    "br.s46.c3": "Quitter (alarme)",

    "br.s47.title": "La porte respire",
    "br.s47.body": "La porte scellée n’est plus froide. Elle est tiède, presque vivante. Les cadenas semblent plus décoratifs que réels. Le bunker n’empêche pas l’accès. Il contrôle le moment.",
    "br.s47.c1": "Avancer dans le couloir rouge",
    "br.s47.c2": "Passer par le couloir normal",
    "br.s47.c3": "Revenir (alarme)",

    "br.s48.title": "Antichambre rouge",
    "br.s48.body": "Le rouge est doux. Trop doux. Tu te rends compte que le bunker veut que tu te calmes. Qu’un corps calme est plus simple à ranger. Un souffle froid traverse la pièce.",
    "br.s48.c1": "Continuer vers le fond",
    "br.s48.c2": "Remonter vers la surface",
    "br.s48.c3": "Aller au dernier choix",

    "br.s49.title": "Couloir de l’écho",
    "br.s49.body": "Le couloir normal est pire : aucun signal. Tu te sens seul. Puis tu remarques : ton pas n’a pas le même rythme que ton écho. L’écho hésite. Comme s’il attendait une autre marche.",
    "br.s49.c1": "Retourner au sanctuaire",
    "br.s49.c2": "Remonter vers la surface",
    "br.s49.c3": "Aller au dernier choix",

    "br.s50.title": "Ombre sans corps",
    "br.s50.body": "Tu vois une ombre bouger sur le drap. Mais personne ne passe. Pas de silhouette, pas de source. Le bunker n’offre pas un vampire… il offre ses effets.",
    "br.s50.c1": "Chercher une cache proche",
    "br.s50.c2": "Activer la séquence finale (si override)",
    "br.s50.c3": "Aller au dernier choix",

    "br.s51.title": "Le couloir trop long",
    "br.s51.body": "Le couloir rouge s’allonge. Tu sais que c’est impossible, mais ton cerveau accepte l’impossible quand l’air est trop froid. La sortie est là… et pourtant elle recule.",
    "br.s51.c1": "Aller au dernier choix",
    "br.s51.c2": "Remonter vers la surface",
    "br.s51.c3": "Revenir au couloir (reprendre tes marques)",

    "br.s52.title": "Retour à la trappe",
    "br.s52.body": "L’air de la surface est proche, mais pas encore. Tu entends un bruit faible derrière toi : pas un pas. Le frottement d’un tissu sur du béton. Une présence qui refuse la lumière.",
    "br.s52.c1": "Remonter maintenant",
    "br.s52.c2": "Revenir dans le bunker (chercher une dernière vérité)",
    "br.s52.c3": "Aller au dernier choix",

    "br.s53.title": "La règle de nuit",
    "br.s53.body": "Dans le sanctuaire, tu comprends : ici, tout est organisé pour la nuit. Pas pour survivre. Pour durer. Le bunker est un garde-manger… et tu es la seule chose chaude dedans.",
    "br.s53.c1": "Lancer la séquence finale (si override + vérité)",
    "br.s53.c2": "Revenir au drap",
    "br.s53.c3": "Aller au dernier choix",

    "br.s54.title": "Protocole complet",
    "br.s54.body": "Le bunker te propose une inversion : isoler le sanctuaire, couper les accès, forcer une ‘veille’ qui n’avantage plus l’occupant. Ce n’est pas héroïque. C’est mécanique.",
    "br.s54.c1": "Retourner au dernier choix",
    "br.s54.c2": "Quitter en courant (mauvais)",
    "br.s54.c3": "Remonter vers la surface",

    "br.s55.title": "Le dernier air",
    "br.s55.body": "Tu as presque la sortie. Mais tu sens une évidence : si tu pars sans preuve, tu douteras toute ta vie. Si tu pars avec preuve… le bunker ne pourra pas te garder dans ta tête.",
    "br.s55.c1": "Retourner au dernier choix",
    "br.s55.c2": "Remonter immédiatement",
    "br.s55.c3": "Revenir au couloir rouge",

    "br.s56.title": "Dernier choix",
    "br.s56.body": "Le bunker te donne trois portes. Aucune n’est marquée. Mais tu sais ce qu’elles veulent dire : sortir, se faire ranger, ou inverser la règle. Ce n’est pas un lieu qui te juge. C’est un système qui te classe.",
    "br.s56.c1": "Sortir avec une preuve",
    "br.s56.c2": "Rester (et voir ce que veut le bunker)",
    "br.s56.c3": "Inverser le protocole (fin secrète)",

    "br.end_good.title": "FIN — Tu ressors",
    "br.end_good.body": "L’aube mord l’air. Tu refermes la trappe, et tu entends le bunker expirer, comme contrarié. La preuve est là. Cette fois, ce n’est pas ‘dans ta tête’. Et tu sais exactement où tu ne reviendras jamais.",
    "br.end_bad.title": "FIN — Réserve",
    "br.end_bad.body": "L’alarme n’appelle personne. Elle réveille. Le couloir rouge se ferme derrière toi, doucement, sans panique. Le bunker reprend sa fonction : conserver. Cette fois, c’est toi.",
    "br.end_secret.title": "FIN SECRÈTE — Protocole inversé",
    "br.end_secret.body": "Tu n’affrontes pas l’occupant. Tu retournes la logique du lieu. L’override aligne les voyants, l’isolement change de cible, et le sanctuaire cesse d’être un abri. Quelque chose recule… sans bruit. Puis le bunker redevient, enfin, un bunker.",


    "br.h.s02.soft": "Le cadenas neuf est une anomalie : quelqu’un vient encore ici.",
    "br.h.s02.strong": "Suis les traces : elles mènent directement à l’accès du bunker.",

    "br.h.s07.soft": "Le plan sert surtout à montrer ce qui manque.",
    "br.h.s07.strong": "Inspecte le coin arraché : ça mène au fragment utile.",

    "br.h.s08.soft": "Le fragment n’est pas un objet : c’est une direction mémorisée.",
    "br.h.s08.strong": "Choisis l’option qui confirme le tracé : elle déclenche has_map_fragment.",

    "br.h.s11.soft": "La rayure fraîche n’existe que si la porte sert souvent.",
    "br.h.s11.strong": "Passe par le vestiaire pour obtenir l’accès (badge).",

    "br.h.s12.soft": "Un objet trop bien posé est rarement innocent.",
    "br.h.s12.strong": "Prends le badge : sans lui, tu rates la sécurité.",

    "br.h.s15.soft": "Une travée vide au milieu du plein indique un passage entretenu.",
    "br.h.s15.strong": "Suis-la vers la porte scellée : c’est un objectif majeur.",

    "br.h.s17.soft": "Un tiroir entrouvert est un message discret.",
    "br.h.s17.strong": "Ouvre le tiroir : la clé y est liée (master_key).",

    "br.h.s18.soft": "Le froid de la clé indique qu’elle vient d’un usage nocturne.",
    "br.h.s18.strong": "Prends la clé : elle débloque la porte service (s33).",

    "br.h.s20.soft": "La vibration régulière sert de fil d’Ariane.",
    "br.h.s20.strong": "Va vers la ventilation : ça mène à la sécurité.",

    "br.h.s24.soft": "Un symbole gravé peut être un code sans chiffres.",
    "br.h.s24.strong": "Mémorise la séquence : elle déclenche has_code.",

    "br.h.s26.soft": "Le conduit montre deux sorties : l’une rapide, l’autre utile.",
    "br.h.s26.strong": "Avec la clé, prends la porte service pour progresser sans tourner.",

    "br.h.s27.soft": "Le retard d’une seconde signifie : surveillance active, pas abandonnée.",
    "br.h.s27.strong": "Cherche l’enregistrement : la preuve est nécessaire pour la bonne fin.",

    "br.h.s30.soft": "La preuve stabilise la réalité : tu ne douteras plus.",
    "br.h.s30.strong": "Enregistre : has_recording est requis pour end_good et end_secret.",

    "br.h.s33.soft": "La poussière cassée trahit une routine, pas une panique.",
    "br.h.s33.strong": "Explore le local : il mène à la marque du sanctuaire.",

    "br.h.s37.soft": "La marque répétée est un repère de territoire.",
    "br.h.s37.strong": "Touche/mémorise la marque : has_sanctuary_mark pour la fin secrète.",

    "br.h.s42.soft": "Le bunker est un protocole : comprendre vaut parfois mieux que fuir.",
    "br.h.s42.strong": "Choisis la lecture du protocole : ça déclenche has_protocol_truth.",

    "br.h.s43.soft": "Deux verrous = deux preuves de légitimité.",
    "br.h.s43.strong": "Pour avancer : il faut has_badge + has_code.",

    "br.h.s46.soft": "Override = inversion : dangereux, mais décisif.",
    "br.h.s46.strong": "Active l’override : has_override est requis pour la fin secrète.",

    "br.h.s56.soft": "Le dernier choix dépend des preuves accumulées.",
    "br.h.s56.strong": "Bonne fin : has_recording. Secrète : has_override + has_protocol_truth + has_recording + has_sanctuary_mark."
  }
}
