{
  "meta": {
    "scenario_id": "chateau_absents",
    "language": "fr",
    "version": "1.0.0",
    "hint_ns": "ca.h",
    "generated": "2026-02-15"
  },
  "strings": {
    "ca.title": "Château de Verre-Noir — Dossier 3",
    "ca.tagline": "Les murs n’oublient pas. Les couloirs te déplacent. Et le château veut une preuve de plus.",

    "ca.s01.title": "La route en contrebas",
    "ca.s01.body": "Tu coupes le moteur. Le château domine la colline, opaque et muet. Le vent sent la pierre mouillée, comme une cave ouverte.",
    "ca.s01.c1": "Monter vers le portail",
    "ca.s01.c2": "Faire le tour par les arbres",
    "ca.s01.c3": "Observer la cour de loin",

    "ca.s02.title": "La grille qui cède",
    "ca.s02.body": "La grille rouillée n’est pas vraiment fermée. Une chaîne rompue pend comme un avertissement. Ton téléphone capte… puis lâche.",
    "ca.s02.c1": "Pousser la grille et entrer",
    "ca.s02.c2": "Appeler quelqu’un (puis renoncer)",
    "ca.s02.c3": "Revenir et chercher une autre entrée",

    "ca.s03.title": "Chemin de côté",
    "ca.s03.body": "Les arbres étouffent les sons. Le château disparaît une seconde derrière les branches… puis réapparaît plus proche.",
    "ca.s03.c1": "Rejoindre l’entrée principale",
    "ca.s03.c2": "Revenir à la grille",
    "ca.s03.c3": "Contourner jusqu’à la porte du hall",

    "ca.s04.title": "Cour intérieure",
    "ca.s04.body": "La cour est envahie de ronces. Une statue érodée te regarde sans visage. Toutes les fenêtres sont ouvertes, mais rien ne respire.",
    "ca.s04.c1": "Traverser vers le hall",
    "ca.s04.c2": "Inspecter les fenêtres béantes",
    "ca.s04.c3": "Reculer vers l’entrée",

    "ca.s05.title": "Grand hall",
    "ca.s05.body": "Le hall sent la poussière froide. Le lustre est éteint, mais l’ombre qu’il projette semble trop nette. La porte derrière toi paraît plus lourde qu’avant.",
    "ca.s05.c1": "Avancer sans regarder derrière",
    "ca.s05.c2": "Retourner vers la cour",
    "ca.s05.c3": "prendre à gauche",

    "ca.s06.title": "Écho de pas",
    "ca.s06.body": "Chaque pas se répète avec une fraction de seconde de retard, comme si quelqu’un imitait ta marche. Tu distingues trois directions possibles.",
    "ca.s06.c1": "Suivre le couloir principal",
    "ca.s06.c2": "Monter l’escalier monumental",
    "ca.s06.c3": "Tenter une porte latérale",

    "ca.s07.title": "Air trop immobile",
    "ca.s07.body": "Le silence est si compact que tu entends ton propre sang. Un courant d’air arrive de nulle part, comme une indication.",
    "ca.s07.c1": "Aller vers l’escalier",
    "ca.s07.c2": "Aller vers le couloir",
    "ca.s07.c3": "Aller vers une porte qui n’avait pas attiré ton regard",

    "ca.s08.title": "Escalier monumental",
    "ca.s08.body": "Les marches sont couvertes d’un film de poussière… sauf une bande nette, comme un passage récent. Là-haut, un palier sombre.",
    "ca.s08.c1": "Atteindre le palier et écouter",
    "ca.s08.c2": "Monter vers la tour (au hasard)",
    "ca.s08.c3": "Descendre et rejoindre la salle de bal",

    "ca.s09.title": "Couloir des portes",
    "ca.s09.body": "Un couloir long, portes identiques, papier peint décollé. À mi-chemin, une porte est entrouverte d’un millimètre.",
    "ca.s09.c1": "Entrer dans la galerie de portraits",
    "ca.s09.c2": "Entrer dans la bibliothèque",
    "ca.s09.c3": "Suivre le couloir jusqu’à ce qu’il “change”",

    "ca.s10.title": "Couloir déplacé",
    "ca.s10.body": "Les angles ne sont plus les mêmes. Une porte est apparue là où il n’y avait qu’un mur. Le château réarrange les distances sans effort.",
    "ca.s10.c1": "Revenir au couloir normal",
    "ca.s10.c2": "Ouvrir la porte apparue",
    "ca.s10.c3": "Chercher un repère dans les murs",

    "ca.s11.title": "Galerie de portraits",
    "ca.s11.body": "Des visages ternis, cadres piqués. Certains regards semblent suivre ta position, mais seulement quand tu détournes les yeux.",
    "ca.s11.c1": "Approcher un portrait précis",
    "ca.s11.c2": "Chercher une inscription au dos d’un cadre",
    "ca.s11.c3": "Revenir au couloir",

    "ca.s12.title": "Cadre sans reflet",
    "ca.s12.body": "Un cadre a été nettoyé, comme si quelqu’un l’avait essuyé récemment. Derrière, une marque au mur : un symbole partiel.",
    "ca.s12.c1": "Mémoriser le symbole et avancer",
    "ca.s12.c2": "Revenir au couloir déformé",
    "ca.s12.c3": "Aller vers la bibliothèque",

    "ca.s13.title": "Bibliothèque haute",
    "ca.s13.body": "Les étagères montent trop haut pour être pratiques. Un escalier roulant est bloqué. Au centre, un bureau d’écriture t’attend.",
    "ca.s13.c1": "Aller au bureau",
    "ca.s13.c2": "Inspecter les rayonnages (traces récentes)",
    "ca.s13.c3": "Revenir au couloir",

    "ca.s14.title": "Bureau d’écriture",
    "ca.s14.body": "Un carnet est ouvert. Une page a été arrachée proprement. L’encre du dernier mot n’est pas totalement sèche.",
    "ca.s14.c1": "Prendre la page arrachée (si elle est là)",
    "ca.s14.c2": "Reculer (trop évident)",
    "ca.s14.c3": "Partir vers la salle de bal",

    "ca.s15.title": "Phrase incomplète",
    "ca.s15.body": "Dans le carnet, une phrase s’arrête net : « La clé est sous… » Le reste a été arraché. Tu sens que tu viens de rater une seconde présence.",
    "ca.s15.c1": "Fouiller la bibliothèque autrement",
    "ca.s15.c2": "Revenir au couloir",
    "ca.s15.c3": "Retourner vers le couloir déformé",

    "ca.s16.title": "Salle de bal",
    "ca.s16.body": "Miroirs piqués, rideaux lourds, parquet qui gémit. La pièce semble plus grande que l’extérieur du château ne le permet.",
    "ca.s16.c1": "Traverser vers l’autre porte",
    "ca.s16.c2": "Revenir au couloir",
    "ca.s16.c3": "Chercher une issue vers les cuisines",

    "ca.s17.title": "Parquet qui répond",
    "ca.s17.body": "Sous tes pas, le parquet réagit comme une peau. Un miroir reflète un angle qui n’existe pas. Tu n’as pas envie d’y rester.",
    "ca.s17.c1": "Forcer la porte du fond",
    "ca.s17.c2": "Revenir en arrière",
    "ca.s17.c3": "Rejoindre le couloir déformé",

    "ca.s18.title": "Cuisine froide",
    "ca.s18.body": "Métal rouillé, humidité, odeur de graisse ancienne. Sur une table, un couteau… mais sans poussière autour, comme s’il avait bougé.",
    "ca.s18.c1": "Suivre la porte vers la cave",
    "ca.s18.c2": "Explorer plus loin dans les cuisines",
    "ca.s18.c3": "Retourner à la salle de bal",

    "ca.s19.title": "Réserve et silence",
    "ca.s19.body": "Des placards vides. Un crochet au mur porte encore une étiquette, illisible. Au sol, des traces de pas s’arrêtent net devant un mur.",
    "ca.s19.c1": "Descendre vers la cave",
    "ca.s19.c2": "Revenir au couloir",
    "ca.s19.c3": "Repasser par le couloir déformé",

    "ca.s20.title": "Escalier de pierre",
    "ca.s20.body": "L’escalier descend dans une obscurité dense. L’air devient humide, presque tiède. Tu as l’impression de descendre dans la mémoire du lieu.",
    "ca.s20.c1": "Continuer la descente",
    "ca.s20.c2": "Remonter (tu n’aimes pas ça)",
    "ca.s20.c3": "Chercher une porte latérale au palier",

    "ca.s21.title": "Couloir de cave",
    "ca.s21.body": "Pierres suintantes, gouttes lentes. Une porte au fond est légèrement entrouverte. À droite, une alcôve trop noire.",
    "ca.s21.c1": "Aller vers la porte entrouverte",
    "ca.s21.c2": "Revenir à l’escalier",
    "ca.s21.c3": "Approcher l’alcôve (à tes risques)",

    "ca.s22.title": "Cave à vin intacte",
    "ca.s22.body": "Des casiers, des bouteilles vides… sauf une scellée, intacte. Près d’elle, un petit enregistreur couvert de poussière fine.",
    "ca.s22.c1": "Prendre l’enregistreur",
    "ca.s22.c2": "Revenir au couloir de cave",
    "ca.s22.c3": "Fuir vers le couloir déformé",

    "ca.s23.title": "Bouteille scellée",
    "ca.s23.body": "La cire est parfaite. Trop parfaite. En la touchant, tu sens une vibration, comme une voix retenue. Tu n’as aucune envie de l’ouvrir.",
    "ca.s23.c1": "Revenir au couloir de cave",
    "ca.s23.c2": "Remonter et chercher une autre voie",
    "ca.s23.c3": "Rejoindre le couloir déformé",

    "ca.s24.title": "Porte qui n’était pas là",
    "ca.s24.body": "La porte apparue dans le couloir déformé te donne un choix simple : avancer ou être recraché ailleurs. L’air derrière elle sent l’encens froid.",
    "ca.s24.c1": "Passer la porte",
    "ca.s24.c2": "Reculer vers le couloir normal",
    "ca.s24.c3": "Retourner vers la salle de bal",

    "ca.s25.title": "Chapelle privée",
    "ca.s25.body": "Vitrail fendu, poussière… et une bougie récente. La flamme ne vacille pas. Quelqu’un est venu ici, pas il y a cent ans.",
    "ca.s25.c1": "Approcher l’autel",
    "ca.s25.c2": "Explorer le fond de la chapelle",
    "ca.s25.c3": "Revenir au couloir déformé",

    "ca.s26.title": "Autel",
    "ca.s26.body": "Un livre de prières est ouvert. Une clé ancienne repose dessus, comme une offrande. Les pages ont été tournées récemment.",
    "ca.s26.c1": "Prendre la clé",
    "ca.s26.c2": "Reculer et ressortir",
    "ca.s26.c3": "Revenir à l’autel "

,

    "ca.s27.title": "Bruit sous les dalles",
    "ca.s27.body": "Dès que la clé quitte l’autel, un bruit sourd traverse la chapelle, comme un verrou qui saute très loin. Tu viens d’autoriser quelque chose.",
    "ca.s27.c1": "Retourner dans le couloir (vite)",
    "ca.s27.c2": "Revenir dans la chapelle",
    "ca.s27.c3": "Aller vers la verrière du jardin d’hiver",

    "ca.s28.title": "Jardin d’hiver",
    "ca.s28.body": "Sous la verrière fendue, des plantes mortes et une odeur de terre froide. Un banc est déplacé, laissant apparaître une zone propre au sol.",
    "ca.s28.c1": "Inspecter la zone propre",
    "ca.s28.c2": "Aller vers les quartiers des domestiques",
    "ca.s28.c3": "Revenir à la chapelle",

    "ca.s29.title": "Sous la verrière",
    "ca.s29.body": "Une trace rectiligne traverse la poussière, comme un objet tiré. Le château n’est pas “abandonné” : il est “rangé” par quelque chose.",
    "ca.s29.c1": "Aller vers la pièce aux miroirs",
    "ca.s29.c2": "Revenir au jardin d’hiver",
    "ca.s29.c3": "Retourner au couloir",

    "ca.s30.title": "Quartiers des domestiques",
    "ca.s30.body": "Lits en fer, casiers, draps figés. Sur un casier, un nom gravé. Le tien ne devrait pas être là.",
    "ca.s30.c1": "Ouvrir les casiers",
    "ca.s30.c2": "Fuir vers le couloir",
    "ca.s30.c3": "Revenir au couloir déformé",

    "ca.s31.title": "Casiers vides",
    "ca.s31.body": "Ils sont presque tous vides, sauf un : un bout de tissu accroché, comme arraché d’un vêtement récent. Et une odeur de savon.",
    "ca.s31.c1": "Aller vers la pièce aux miroirs",
    "ca.s31.c2": "Revenir dans les quartiers",
    "ca.s31.c3": "Remonter vers la tour",

    "ca.s32.title": "Pièce aux miroirs",
    "ca.s32.body": "Les reflets ne sont pas d’accord entre eux. Dans l’un, tu es à une porte différente. Dans l’autre, tu es derrière toi.",
    "ca.s32.c1": "Toucher un miroir (test)",
    "ca.s32.c2": "Reculer vers les quartiers",
    "ca.s32.c3": "Revenir au couloir déformé",

    "ca.s33.title": "Main froide",
    "ca.s33.body": "Au contact, le miroir est glacé comme une pierre tombale. Une silhouette passe dans un reflet, sans bruit. Tu sais que tu viens d’être “vu”.",
    "ca.s33.c1": "Suivre le reflet (sans logique)",
    "ca.s33.c2": "Revenir au couloir",
    "ca.s33.c3": "Monter vers l’escalier monumental",

    "ca.s34.title": "Retour au palier",
    "ca.s34.body": "Tu retrouves l’escalier monumental. La poussière a changé : la bande nette est plus large. Quelque chose a “monté” pendant que tu étais ailleurs.",
    "ca.s34.c1": "Monter vers la tour",
    "ca.s34.c2": "Aller au grenier",
    "ca.s34.c3": "Retourner au couloir",

    "ca.s35.title": "Colimaçon de tour",
    "ca.s35.body": "L’escalier en colimaçon avale la lumière. L’air est plus sec. À chaque marche, tu as le sentiment d’approcher une règle ancienne.",
    "ca.s35.c1": "Continuer à monter",
    "ca.s35.c2": "Redescendre vers le palier",
    "ca.s35.c3": "Forcer une petite porte latérale",

    "ca.s36.title": "Marche trop haute",
    "ca.s36.body": "Une marche est anormalement haute, comme si le château essayait de te faire trébucher. Tu poses le pied, et tout tient… pour l’instant.",
    "ca.s36.c1": "Arriver à la chambre haute",
    "ca.s36.c2": "Revenir au palier",
    "ca.s36.c3": "Rejoindre le couloir déformé",

    "ca.s37.title": "Chambre haute",
    "ca.s37.body": "Table ronde, carte ancienne, symbole esquissé. Un fragment de plan est coincé sous une boîte. Une autre marque indique l’orientation.",
    "ca.s37.c1": "Prendre le fragment de plan",
    "ca.s37.c2": "Étudier le symbole et le mémoriser",
    "ca.s37.c3": "Revenir vers l’escalier",

    "ca.s38.title": "Carte qui ne veut pas de toi",
    "ca.s38.body": "La carte a des repères impossibles : des pièces qui se superposent. Mais le symbole, lui, est stable. C’est peut-être la seule vérité.",
    "ca.s38.c1": "Mémoriser le symbole (bien)",
    "ca.s38.c2": "Redescendre vers l’escalier",
    "ca.s38.c3": "Aller au grenier",

    "ca.s39.title": "Marque de craie",
    "ca.s39.body": "Une marque au sol : une flèche vers « dessous ». Le château te parle par gestes, pas par mots. Tu comprends où chercher un passage.",
    "ca.s39.c1": "Suivre l’idée du “dessous”",
    "ca.s39.c2": "Revenir vers l’escalier",
    "ca.s39.c3": "Retourner au couloir déformé",

    "ca.s40.title": "Grenier",
    "ca.s40.body": "Poutres, malles, poussière épaisse. Un objet est trop propre, comme s’il venait d’être posé. Et l’air est plus froid ici qu’en cave.",
    "ca.s40.c1": "Approcher les malles",
    "ca.s40.c2": "Revenir au palier",
    "ca.s40.c3": "Retourner au couloir déformé",

    "ca.s41.title": "Malle ouverte",
    "ca.s41.body": "Dans la malle, un signet/anneau, une lettre pliée, et un vide exactement à la taille de ta main. Ça ressemble à une place réservée.",
    "ca.s41.c1": "Prendre le signet",
    "ca.s41.c2": "Reculer (ça pue le piège)",
    "ca.s41.c3": "Revenir au couloir déformé",

    "ca.s42.title": "Lettre sans date",
    "ca.s42.body": "La lettre ne porte pas de date. Elle parle d’un “chemin derrière les murs”, et d’une “preuve” à réunir avant la crypte.",
    "ca.s42.c1": "Redescendre vers la crypte (logique)",
    "ca.s42.c2": "Retourner au couloir déformé",
    "ca.s42.c3": "Revenir encore au couloir déformé",

    "ca.s43.title": "Retour brutal",
    "ca.s43.body": "Le couloir déformé te recrache près d’une porte familière. Le château aime te remettre au bon endroit… quand ça l’arrange.",
    "ca.s43.c1": "Aller vers un couloir plus stable",
    "ca.s43.c2": "Revenir au couloir principal",
    "ca.s43.c3": "Suivre une sensation (galerie de portraits)",

    "ca.s44.title": "Verrou ancien",
    "ca.s44.body": "Une porte a un verrou ancien. Tu sens que la clé de la chapelle pourrait y entrer. Sans elle, la porte n’est qu’un mur de plus.",
    "ca.s44.c1": "Utiliser la clé (si tu l’as)",
    "ca.s44.c2": "Revenir au couloir déformé",
    "ca.s44.c3": "Retourner à la bibliothèque",

    "ca.s45.title": "Porte ouverte",
    "ca.s45.body": "La porte cède, mais l’air derrière est plus chaud, comme une respiration. Tu n’entres pas “dans une pièce” : tu entres dans un mécanisme.",
    "ca.s45.c1": "Continuer vers la bibliothèque",
    "ca.s45.c2": "Suivre une trace au sol",
    "ca.s45.c3": "Revenir au couloir déformé",

    "ca.s46.title": "Rayonnages déplacés",
    "ca.s46.body": "Un espace entre deux étagères est trop propre. La poussière forme une ligne nette, comme si un meuble glissait parfois.",
    "ca.s46.c1": "Revenir au bureau",
    "ca.s46.c2": "Retourner à la page arrachée",
    "ca.s46.c3": "Rejoindre la galerie de portraits",

    "ca.s47.title": "Sous le bureau",
    "ca.s47.body": "Sous le bureau, une bande magnétique, ou une petite cassette. L’étiquette est délavée, mais un seul mot ressort : « PREUVE ».",
    "ca.s47.c1": "Prendre l’enregistrement",
    "ca.s47.c2": "Revenir vers les rayonnages",
    "ca.s47.c3": "Fuir vers le couloir déformé",

    "ca.s48.title": "Bureau refermé",
    "ca.s48.body": "Quand tu relèves la tête, le carnet est fermé. Personne n’est là. Et pourtant, tu as la certitude qu’on t’a laissé faire.",
    "ca.s48.c1": "Aller vers la salle de bal",
    "ca.s48.c2": "Revenir à la bibliothèque",
    "ca.s48.c3": "Retourner au couloir déformé",

    "ca.s49.title": "Portrait inversé",
    "ca.s49.body": "Un portrait est accroché à l’envers. À l’arrière du cadre, une phrase gravée : « NE SUIS PAS LA MUSIQUE ».",
    "ca.s49.c1": "Retourner au portrait suivant",
    "ca.s49.c2": "Revenir aux portraits initiaux",
    "ca.s49.c3": "Aller vers le couloir déformé",

    "ca.s50.title": "Cadre fendu",
    "ca.s50.body": "Dans la fente du cadre, un fil noir est coincé, comme un cheveu. Tu ne sais pas pourquoi tu comprends : ce n’est pas humain.",
    "ca.s50.c1": "Aller vers la salle de bal (respirer)",
    "ca.s50.c2": "Revenir au cadre nettoyé",
    "ca.s50.c3": "Revenir au couloir déformé",

    "ca.s51.title": "Retour dans la salle de bal",
    "ca.s51.body": "La salle de bal est identique… sauf un miroir qui reflète un couloir que tu n’as jamais vu. Le château te propose un raccourci.",
    "ca.s51.c1": "Approcher le miroir",
    "ca.s51.c2": "Prendre la porte latérale",
    "ca.s51.c3": "Rester au centre et écouter",

    "ca.s52.title": "Reflet-mensonge",
    "ca.s52.body": "Le miroir te montre un passage et une silhouette au fond. Mais le sol, dans le reflet, n’a pas la même poussière. Le miroir triche.",
    "ca.s52.c1": "Ignorer le miroir et sortir",
    "ca.s52.c2": "Tenter quand même (folie contrôlée)",
    "ca.s52.c3": "Revenir au couloir déformé",

    "ca.s53.title": "Couloir repris",
    "ca.s53.body": "Tu retrouves un couloir normal. Ça te rassure, donc ça t’inquiète. Le château ne donne jamais du confort gratuitement.",
    "ca.s53.c1": "Suivre une porte qui “appelle”",
    "ca.s53.c2": "Rejoindre la cour intérieure",
    "ca.s53.c3": "Redescendre vers la cave",

    "ca.s54.title": "Angle impossible",
    "ca.s54.body": "Le couloir fait un angle qui ne devrait pas exister ici. Une porte a des traces de doigts fraîches. L’endroit est utilisé.",
    "ca.s54.c1": "Rejoindre le couloir qui “déforme”",
    "ca.s54.c2": "Revenir en arrière",
    "ca.s54.c3": "Retourner vers la salle de bal",

    "ca.s55.title": "Palier de cave",
    "ca.s55.body": "Sur le mur, une marque : trois traits puis un cercle. Ça ressemble au symbole de la tour, mais en version simplifiée.",
    "ca.s55.c1": "Retourner au couloir de cave",
    "ca.s55.c2": "Approcher l’alcôve noire",
    "ca.s55.c3": "Rejoindre le couloir déformé",

    "ca.s56.title": "L’alcôve",
    "ca.s56.body": "Un panneau de pierre sonne creux. Tu comprends : il y a un vide derrière. Mais tu ne peux l’ouvrir “que si tu sais comment”.",
    "ca.s56.c1": "Tenter d’ouvrir (avec le symbole en tête)",
    "ca.s56.c2": "Revenir au couloir de cave",
    "ca.s56.c3": "Retourner au rez-de-chaussée",

    "ca.s57.title": "Passage secret",
    "ca.s57.body": "Le panneau cède, révélant un passage étroit. Les pierres sont usées par des passages répétées. Le château a une circulation interne.",
    "ca.s57.c1": "Entrer dans le passage",
    "ca.s57.c2": "Revenir (tu n’es pas prêt)",
    "ca.s57.c3": "Continuer sans t’arrêter",

    "ca.s58.title": "Marche étroite",
    "ca.s58.body": "Le passage descend puis remonte, comme pour te désorienter. Tu sens l’odeur de pierre froide d’une crypte proche.",
    "ca.s58.c1": "Aller jusqu’au bout",
    "ca.s58.c2": "Revenir en arrière",
    "ca.s58.c3": "T’avancer en touchant les murs",

    "ca.s59.title": "Entrée de crypte",
    "ca.s59.body": "Niches, silence, symbole au sol. L’air est sec, presque ancien. Tu sais qu’ici, le château ne joue plus : il juge.",
    "ca.s59.c1": "Entrer et accepter l’endroit",
    "ca.s59.c2": "Revenir vers le passage secret",
    "ca.s59.c3": "Reculer vers la salle de bal",

    "ca.s60.title": "Au cœur de la crypte",
    "ca.s60.body": "Le symbole est complet au centre, comme un mécanisme gravé. Rien ne bouge… sauf la poussière, qui forme un léger cercle.",
    "ca.s60.c1": "Chercher la “validation” du symbole",
    "ca.s60.c2": "Revenir vers la salle de bal",
    "ca.s60.c3": "Retourner au passage secret",

    "ca.s61.title": "La salle de bal se ferme",
    "ca.s61.body": "Tu reviens et la salle de bal paraît trop “prête”. Les rideaux sont plus tirés. Une impression de public invisible. C’est un piège d’issue.",
    "ca.s61.c1": "Fuir vers la cour",
    "ca.s61.c2": "Rester (et accepter le cercle)",
    "ca.s61.c3": "Rejoindre le couloir déformé",

    "ca.s62.title": "Cour — respiration froide",
    "ca.s62.body": "Dehors, l’air devrait libérer… mais il colle à la peau. La grille est loin, et la statue semble tournée vers toi maintenant.",
    "ca.s62.c1": "Courir vers la grille",
    "ca.s62.c2": "Retourner au hall (choix réfléchi)",
    "ca.s62.c3": "Revenir au couloir",

    "ca.s63.title": "La grille en vue",
    "ca.s63.body": "La grille est là, ouverte. Trop ouverte. Tu sens que ce n’est pas seulement une sortie : c’est un test final.",
    "ca.s63.c1": "Tenter de sortir immédiatement",
    "ca.s63.c2": "Revenir dans la cour",
    "ca.s63.c3": "Revenir à l’intérieur (dernier tour)",

    "ca.s64.title": "Dernier seuil",
    "ca.s64.body": "La grille t’attend comme une bouche. Si tu as une preuve, tu peux la franchir. Sinon, tu risques de ressortir… ailleurs.",
    "ca.s64.c1": "Franchir la grille avec ce que tu as",
    "ca.s64.c2": "Hésiter et reculer",
    "ca.s64.c3": "Revenir au hall pour comprendre",

    "ca.s65.title": "Hall — retour impossible",
    "ca.s65.body": "Le hall est identique, mais la porte principale est plus sombre. Les échos de pas sont plus nets. Tu sens que le château a “pris note”.",
    "ca.s65.c1": "Suivre le couloir normal",
    "ca.s65.c2": "Retourner à la salle de bal",
    "ca.s65.c3": "Rejoindre le couloir déformé",

    "ca.s66.title": "Déformation totale",
    "ca.s66.body": "Le couloir devient presque vivant. Les portes semblent respirer. Si tu choisis mal, tu reviens toujours à la salle de bal.",
    "ca.s66.c1": "Suivre les portraits (repère stable)",
    "ca.s66.c2": "Retourner aux miroirs (risque)",
    "ca.s66.c3": "Céder au cercle (fin)",

    "ca.s67.title": "Portraits — avertissement",
    "ca.s67.body": "Un portrait a les yeux rayés. À la place, une phrase : « LA SORTIE N’EST PAS TOUJOURS DEHORS ».",
    "ca.s67.c1": "Aller vers le cadre nettoyé",
    "ca.s67.c2": "Rejoindre la salle de bal (danger)",
    "ca.s67.c3": "Revenir au couloir déformé",

    "ca.s68.title": "Miroirs — appel",
    "ca.s68.body": "Les miroirs te renvoient un mouvement : une porte qui s’ouvre dans un reflet. Tu sais que c’est un raccourci… ou un piège parfait.",
    "ca.s68.c1": "Ignorer et revenir au couloir déformé",
    "ca.s68.c2": "Revenir à l’escalier monumental",
    "ca.s68.c3": "Rejoindre la salle de bal",

    "ca.s69.title": "Autel — retour",
    "ca.s69.body": "L’autel est vide maintenant. Le livre de prières est fermé. Comme si le lieu disait : « trop tard ». Tu n’aimes pas ce ton.",
    "ca.s69.c1": "Aller vers la porte verrouillée",
    "ca.s69.c2": "Revenir dans la chapelle",
    "ca.s69.c3": "Aller vers la salle de bal",

    "ca.s70.title": "Tour — dernier indice",
    "ca.s70.body": "Dans la chambre haute, tu comprends que la crypte n’accepte pas un seul objet : elle accepte une suite de preuves. Et le symbole est la clé logique.",
    "ca.s70.c1": "Redescendre vers l’alcôve (passage secret)",
    "ca.s70.c2": "Aller au cœur de la crypte",
    "ca.s70.c3": "Revenir au palier",

    "ca.s71.title": "Grenier — retour au signet",
    "ca.s71.body": "La malle est toujours ouverte. Le signet dans ta main semble plus lourd qu’un bijou. Comme si c’était un “droit” temporaire.",
    "ca.s71.c1": "Aller vers la crypte",
    "ca.s71.c2": "Tenter de sortir (tout de suite)",
    "ca.s71.c3": "Revenir au palier",

    "ca.s72.title": "Crypte — mécanisme",
    "ca.s72.body": "Le symbole au sol a une place centrale, comme une serrure. Tu as ce qu’il faut pour l’activer… si tu as vraiment compris le château.",
    "ca.s72.c1": "Activer le symbole (rituel simple)",
    "ca.s72.c2": "Revenir à la salle de bal",
    "ca.s72.c3": "Revenir au passage secret",

    "ca.s73.title": "La preuve complète",
    "ca.s73.body": "Le symbole réagit. La poussière tourbillonne en spirale. Tu sens qu’il manque une chose : ton consentement final. Tout ce que tu as pris doit “s’aligner”.",
    "ca.s73.c1": "Aligner les preuves et continuer",
    "ca.s73.c2": "Reculer (tu refuses le prix)",
    "ca.s73.c3": "Fuir vers le passage secret",

    "ca.s74.title": "Rupture du lien",
    "ca.s74.body": "Le cercle s’ouvre comme une couture qu’on défait. Une seconde, tu vois le château comme une chose… attachée à toi. Tu peux couper, ou garder une sortie.",
    "ca.s74.c1": "Couper définitivement (fin secrète)",
    "ca.s74.c2": "Choisir une sortie “normale”",
    "ca.s74.c3": "Revenir au cercle (danger)",

    "ca.s75.title": "Couloir — dernière ligne droite",
    "ca.s75.body": "Un couloir stable, presque banal. C’est toujours ça, la dernière ruse : faire croire que c’est fini avant de l’être.",
    "ca.s75.c1": "Aller vers la grille",
    "ca.s75.c2": "Revenir au couloir déformé",
    "ca.s75.c3": "Retourner à la salle de bal",

    "ca.s76.title": "Salle de bal — cercle",
    "ca.s76.body": "Les miroirs semblent alignés. Les rideaux forment un ovale parfait. Tu sens une présence diffuse, comme une assemblée qui attend ton choix.",
    "ca.s76.c1": "Fuir vers la grille (maintenant)",
    "ca.s76.c2": "Rester dans le cercle (fin mauvaise)",
    "ca.s76.c3": "Rejoindre la crypte (finir correctement)",

    "ca.s77.title": "Grille — hésitation",
    "ca.s77.body": "La grille est une ligne. Derrière, le monde. Devant, le château. Mais tu sens que la vraie sortie dépend de ce que tu emportes en toi.",
    "ca.s77.c1": "Franchir la grille",
    "ca.s77.c2": "Retourner au cercle",
    "ca.s77.c3": "Revenir au couloir (dernière vérif)",


    "ca.end_good.title": "Fin — Aube froide",
    "ca.end_good.body": "Tu franchis la grille. L’air du matin te brûle les poumons. Derrière toi, le château paraît normal… sauf un détail : tes pas, dans la boue, ne reviennent pas.",
    "ca.end_bad.title": "Fin — Cercle fermé",
    "ca.end_bad.body": "Tu restes. Les rideaux se referment sans vent. Les miroirs ne te montrent plus. Tu comprends trop tard : tu n’étais pas invité… tu étais attendu.",
    "ca.end_secret.title": "Fin secrète — Rupture",
    "ca.end_secret.body": "Le symbole s’active. La poussière spirale, puis tombe d’un coup. Tu sens le lien se rompre, net. Le château devient un décor vide — enfin. Mais tu gardes en toi la certitude que tu as “coupé” quelque chose qui savait ton nom.",

    "ca.h.s14.soft": "La page arrachée n’est pas un lore : c’est une preuve.",
    "ca.h.s14.strong": "Prends la page au bureau (has_diary_page) : elle compte pour sortir correctement.",

    "ca.h.s26.soft": "L’autel n’offre pas une clé pour “ouvrir une porte”, mais pour changer le château.",
    "ca.h.s26.strong": "Prends la clé (has_chapel_key) : elle débloque la porte verrouillée du couloir (s44).",

    "ca.h.s37.soft": "Le symbole est le seul élément stable quand tout bouge.",
    "ca.h.s37.strong": "Récupère le fragment de plan (has_map_fragment) et mémorise le symbole (knows_symbol) : c’est requis pour ouvrir l’alcôve (s56→s57).",

    "ca.h.s47.soft": "La “musique” du château, c’est sa façon de te guider au mauvais endroit.",
    "ca.h.s47.strong": "Prends l’enregistrement (has_recording) : il compte comme preuve et t’aide à viser la fin secrète.",

    "ca.h.s56.soft": "Une porte secrète n’accepte pas la force. Elle accepte une règle.",
    "ca.h.s56.strong": "Sans has_map_fragment + knows_symbol, tu ne peux pas ouvrir l’alcôve vers le passage secret.",

    "ca.h.s73.soft": "La crypte ne te juge pas sur le courage, mais sur la cohérence.",
    "ca.h.s73.strong": "Pour s73→s74, il faut tout : has_signet + has_chapel_key + has_diary_page + has_recording + has_map_fragment."
  }
}
