{
  "meta": {
    "scenario_id": "styx_gare",
    "language": "fr",
    "version": "1.0.0",
    "hint_ns": "styx.h",
    "generated": "2026-02-14"
  },
  "strings": {
    "styx.title": "STYX — Gare Terminale",
    "styx.tagline": "Les horloges sont mortes. Les quais te trient. Et quelqu’un attend ton billet.",

    "styx.s01.title": "Réveil à quai",
    "styx.s01.body": "Tu t’endors dans un train de nuit… et tu te réveilles d’un coup. Le wagon est immobile. Les portes sont ouvertes. Aucun bruit de gare. Au-delà des vitres : une brume noire qui glisse au ras des rails.\n\nTon téléphone n’a plus d’heure. Juste une notification fantôme : « Dernier départ : inconnu ».",
    "styx.s01.c1": "Te lever et regarder l’allée",
    "styx.s01.c2": "Descendre sur le quai",
    "styx.s01.c3": "Écouter… sans bouger",

    "styx.s02.title": "Wagon vide",
    "styx.s02.body": "Les sièges sont usés, encore tièdes par endroits, comme si les voyageurs venaient de disparaître. Les néons blafards bourdonnent. Une odeur de poussière froide colle au tissu.\n\nTout est trop silencieux pour une arrivée.",
    "styx.s02.c1": "Inspecter près des portes",
    "styx.s02.c2": "Sortir sur le quai",
    "styx.s02.c3": "Remonter vers l’autre extrémité du wagon",

    "styx.s03.title": "Silence total",
    "styx.s03.body": "Tu tends l’oreille. Pas de pas, pas d’annonce, pas de vent. Le train semble retenir sa respiration.\n\nPuis, très loin, un cliquetis… comme une cloche qu’on effleure.",
    "styx.s03.c1": "Rester à l’affût",
    "styx.s03.c2": "Sortir rapidement",
    "styx.s03.c3": "Chercher l’origine du bruit",

    "styx.s04.title": "Le ticket noir",
    "styx.s04.body": "Sur un siège, un ticket noir mat. Aucune destination. Aucun numéro. Il absorbe la lumière comme un morceau de nuit.\n\nQuand tu le touches, tes doigts se refroidissent instantanément.",
    "styx.s04.c1": "Le prendre",
    "styx.s04.c2": "Le cacher sur toi",
    "styx.s04.c3": "Le laisser là",

    "styx.s05.title": "Retour d’air",
    "styx.s05.body": "Un souffle traverse le wagon, froid et sec, comme si la gare aspirait par les portes ouvertes.\n\nDans la vitre, ton reflet a un décalage d’une demi-seconde. Tu clignes des yeux : il revient à la normale.",
    "styx.s05.c1": "Descendre sur le quai",
    "styx.s05.c2": "Revenir vers le siège du ticket",
    "styx.s05.c3": "Tenter de refermer une porte",

    "styx.s06.title": "STYX",
    "styx.s06.body": "Tu poses le pied sur le quai. Le panneau est vieux, fendu, et pourtant lisible : « STYX ».\n\nLa brume noire rampe entre les traverses. Une gare monumentale se dresse autour… vide, comme figée en attente.",
    "styx.s06.c1": "Suivre le quai vers l’avant",
    "styx.s06.c2": "Regarder les panneaux d’affichage",
    "styx.s06.c3": "Aller vers un guichet",

    "styx.s07.title": "Le quai te mesure",
    "styx.s07.body": "Plus tu avances, plus le quai semble s’allonger. Les lumières froides restent à la même distance, comme si la gare refusait que tu t’approches.\n\nAu bout, une sensation nette : quelqu’un est là. Pas visible. Présent.",
    "styx.s07.c1": "Aller vers la salle d’attente",
    "styx.s07.c2": "Lever les yeux vers l’horloge",
    "styx.s07.c3": "Chercher l’escalier vers le sous-sol",

    "styx.s08.title": "Destinations",
    "styx.s08.body": "Le tableau d’affichage vacille. Quatre mots apparaissent, comme des stations : « Léthé », « Achéron », « Phlégéthon », « Hadès — Accès restreint ».\n\nUne ligne, plus basse, clignote parfois… puis disparaît avant que tu la lises.",
    "styx.s08.c1": "Fixer les mots et les mémoriser",
    "styx.s08.c2": "Chercher la ligne qui clignote",
    "styx.s08.c3": "Reculer (la brume te suit)",
    "styx.h.s08.soft": "Le panneau n’informe pas : il trie. La ligne qui clignote ressemble à une exception.",
    "styx.h.s08.strong": "Trouve la « ligne de retour » sur le tableau : elle n’apparaît qu’après un signe précis au guichet.",

    "styx.s09.title": "03:17",
    "styx.s09.body": "L’horloge est immense. Les aiguilles sont arrêtées à 03:17. La poussière flotte, immobile, comme si l’air lui-même hésitait.\n\nTu as la certitude que cette heure n’est pas un hasard : c’est une preuve.",
    "styx.s09.c1": "Graver l’heure dans ta mémoire",
    "styx.s09.c2": "Chercher une inscription près de l’horloge",
    "styx.s09.c3": "Fuir cette sensation",
    "styx.h.s09.soft": "Une gare figée a encore une règle. L’heure arrêtée en fait partie.",
    "styx.h.s09.strong": "03:17 doit être cité comme repère : garde-le pour convaincre le contrôleur.",

    "styx.s10.title": "Guichet fermé",
    "styx.s10.body": "Le guichet est clos. Une cloche en laiton attend sur le comptoir. Derrière la vitre poussiéreuse, aucun employé, mais une lampe allumée… comme si quelqu’un travaillait sans se montrer.",
    "styx.s10.c1": "Sonner la cloche",
    "styx.s10.c2": "Observer la cloche de près",
    "styx.s10.c3": "Revenir sur le quai",
    "styx.h.s10.soft": "Tout ici répond à des rituels simples. Pas à des explications.",
    "styx.h.s10.strong": "La cloche doit être sonnée trois fois pour déclencher une réaction du panneau d’affichage.",

    "styx.s11.title": "La cloche",
    "styx.s11.body": "La cloche est froide. Tu lis un détail gravé dessous : un petit symbole de vague noire, presque effacé.\n\nDerrière la vitre, une ombre passe… trop lente pour être un reflet.",
    "styx.s11.c1": "Sonner (une fois)",
    "styx.s11.c2": "Reculer et écouter",
    "styx.s11.c3": "Retourner au guichet",
    "styx.h.s11.soft": "La gare n’est pas vide. Elle se cache.",
    "styx.h.s11.strong": "Sonne trois fois, avec une pause courte entre chaque. Ensuite, retourne au panneau.",

    "styx.s12.title": "Ticket déchiré",
    "styx.s12.body": "Sur le sol de marbre fissuré, un ticket noir est déjà déchiré en deux. Comme si quelqu’un avait tenté d’annuler son passage… et échoué.\n\nLes deux moitiés s’attirent presque, comme aimantées.",
    "styx.s12.c1": "Prendre les deux morceaux",
    "styx.s12.c2": "Garder une moitié seulement",
    "styx.s12.c3": "Ignorer et partir",
    "styx.h.s12.soft": "Ici, déchirer ne suffit pas. Les règles restent collées à toi.",
    "styx.h.s12.strong": "Ticket noir intact OU ticket déchiré : dans tous les cas, garde une « preuve de billet ».",

    "styx.s13.title": "Salle d’attente",
    "styx.s13.body": "La salle d’attente est un temple en ruine : marbre fissuré, statues brisées, bancs vides. L’air sent la pierre froide.\n\nSur un mur, des traces de doigts récentes apparaissent dans la poussière… puis s’arrêtent net.",
    "styx.s13.c1": "Explorer la salle",
    "styx.s13.c2": "Suivre les traces",
    "styx.s13.c3": "Revenir au quai",

    "styx.s14.title": "Les marques",
    "styx.s14.body": "Les traces de doigts conduisent vers un coin sombre… où rien n’attend. Pas de porte. Pas de passage.\n\nSauf un mot gratté dans la poussière : « RETOUR ».",
    "styx.s14.c1": "Chercher d’autres inscriptions",
    "styx.s14.c2": "Aller vers une statue plus loin",
    "styx.s14.c3": "Revenir sur tes pas",

    "styx.s15.title": "Hadès te regarde",
    "styx.s15.body": "Une statue d’Hadès se dresse, sombre, intacte au milieu des ruines. Son visage n’est pas détaillé, et pourtant tu sens son jugement.\n\nAu pied, un bas-relief : un train qui plonge sous terre comme dans une rivière.",
    "styx.s15.c1": "Toucher le bas-relief",
    "styx.s15.c2": "Contourner la statue",
    "styx.s15.c3": "Retourner vers la salle d’attente",

    "styx.s16.title": "Quai sans fin",
    "styx.s16.body": "Le quai s’étire dans la brume noire, interminable. Les lampes froides répètent le même halo, comme un copier-coller.\n\nAu loin, une silhouette floue semble t’attendre… ou te surveiller.",
    "styx.s16.c1": "Avancer malgré tout",
    "styx.s16.c2": "Revenir vers STYX",
    "styx.s16.c3": "Fixer la silhouette",

    "styx.s17.title": "Silhouette",
    "styx.s17.body": "La silhouette ne bouge pas. Elle n’a pas de visage. Elle a… une posture, comme un agent qui attend la fin d’un contrôle.\n\nQuand tu clignes des yeux, elle est un peu plus près.",
    "styx.s17.c1": "Aller vers elle",
    "styx.s17.c2": "Fuir vers l’escalier",
    "styx.s17.c3": "Revenir lentement",

    "styx.s18.title": "Lueur rouge",
    "styx.s18.body": "Un train, loin, baigne dans une lueur rouge qui traverse la brume. On dirait qu’il n’éclaire pas : il brûle.\n\nUne sensation te serre la poitrine : ce train n’est pas un départ. C’est une arrivée.",
    "styx.s18.c1": "Reculer vers l’escalier",
    "styx.s18.c2": "Approcher la porte marquée Hadès",
    "styx.s18.c3": "Revenir au quai",

    "styx.s19.title": "Les vitres mentent",
    "styx.s19.body": "Dans le wagon, tu retrouves le même silence. Mais les vitres ne reflètent plus la gare : elles reflètent un quai rempli d’ombres.\n\nQuand tu te retournes… le wagon redevient vide.",
    "styx.s19.c1": "Revenir au centre du wagon",
    "styx.s19.c2": "Sortir immédiatement",
    "styx.s19.c3": "Fermer les yeux une seconde",

    "styx.s20.title": "Le contrôleur",
    "styx.s20.body": "Sous une lampe unique, un contrôleur en uniforme. Son visage est avalé par l’ombre. Il te regarde sans te regarder.\n\nSa voix est calme : « Billet. Destination. Raison. »",
    "styx.s20.c1": "Lui parler sans mentir",
    "styx.s20.c2": "L’ignorer et passer",
    "styx.s20.c3": "Revenir en arrière",

    "styx.s21.title": "Trois questions",
    "styx.s21.body": "Le contrôleur ne bouge pas. « Tu n’es pas censé descendre ici. Ou peut-être que si. »\n\nIl incline la tête : « Prouve-le. »",
    "styx.s21.c1": "Demander ce qu’il appelle une preuve",
    "styx.s21.c2": "Dire que tu acceptes ton sort",
    "styx.s21.c3": "Prétexter un malentendu et partir",

    "styx.s22.title": "Escalier vers dessous",
    "styx.s22.body": "Un escalier descend vers un sous-sol. Les murs sont humides. La brume noire devient plus dense et colle aux marches.\n\nUne inscription grattée sur la rambarde : « ACHÉRON ».",
    "styx.s22.c1": "Descendre",
    "styx.s22.c2": "Revenir au quai",
    "styx.s22.c3": "Revenir à la salle d’attente",

    "styx.s23.title": "Les marches",
    "styx.s23.body": "Plus tu descends, plus le son change. Au-dessus : le silence. En dessous : un ruissellement lent, comme une rivière qui ne veut pas être entendue.\n\nLe froid devient sérieux.",
    "styx.s23.c1": "Continuer",
    "styx.s23.c2": "Reculer (doute)",
    "styx.s23.c3": "Remonter (comme si tu pouvais)",

    "styx.s24.title": "ACHÉRON",
    "styx.s24.body": "Le tunnel est marqué « ACHÉRON » en lettres humides. Une eau noire stagne au sol. Chaque pas fait un bruit qui ne t’appartient pas.\n\nTu sens que ce passage mène à un point de non-retour.",
    "styx.s24.c1": "Avancer dans le tunnel",
    "styx.s24.c2": "Suivre l’eau",
    "styx.s24.c3": "Revenir vers l’escalier",
    "styx.h.s24.soft": "Le tunnel porte un nom : comme une station. Comme un jugement.",
    "styx.h.s24.strong": "Ne te perds pas : si tu n’as pas de preuves, revenir est ta seule chance.",

    "styx.s25.title": "Eau noire",
    "styx.s25.body": "L’eau noircit les reflets. Tes chaussures deviennent froides, insensibles. Une odeur de métal ancien flotte dans l’air.\n\nAu loin, un souffle de lanterne.",
    "styx.s25.c1": "Approcher la source du souffle",
    "styx.s25.c2": "Rester au bord de l’eau",
    "styx.s25.c3": "Revenir au début du tunnel",

    "styx.s26.title": "Passerelle",
    "styx.s26.body": "Une passerelle étroite traverse un fleuve noir souterrain. La brume est plus dense au-dessus de l’eau, comme si elle respirait.\n\nLe métal sous tes doigts est humide… comme une main froide.",
    "styx.s26.c1": "Traverser",
    "styx.s26.c2": "Chercher un autre passage",
    "styx.s26.c3": "Revenir en arrière",

    "styx.s27.title": "Au milieu",
    "styx.s27.body": "Au centre de la passerelle, tu as l’impression exacte d’être pesé. Pas par un regard. Par une règle.\n\nTon cœur bat trop fort, comme s’il voulait prouver quelque chose.",
    "styx.s27.c1": "Continuer jusqu’au bout",
    "styx.s27.c2": "Regarder dans l’eau",
    "styx.s27.c3": "Revenir",

    "styx.s28.title": "Léthé",
    "styx.s28.body": "Un bassin d’eau noire, parfaitement calme. Aucun remous. Aucun reflet de toi… seulement une surface lisse.\n\nUn mot est inscrit sur la pierre : « LÉTHÉ ».",
    "styx.s28.c1": "T’approcher du bord",
    "styx.s28.c2": "Te forcer à regarder ailleurs",
    "styx.s28.c3": "Reculer (trop tard ?)",
    "styx.h.s28.soft": "Cette eau ne noie pas : elle efface.",
    "styx.h.s28.strong": "Ne bois pas. Si tu cèdes, tu perdras tes preuves (et donc la sortie).",

    "styx.s29.title": "L’appel de l’eau",
    "styx.s29.body": "Le bassin semble murmurer ton prénom, sans son. Tes souvenirs deviennent flous sur les bords, comme une photo qu’on brûle doucement.\n\nUn pas de plus, et tu sais que tu pourrais oublier pourquoi tu luttes.",
    "styx.s29.c1": "Céder (une gorgée)",
    "styx.s29.c2": "Résister (t’éloigner)",
    "styx.s29.c3": "Revenir au bassin, plus tard",
    "styx.h.s29.soft": "La fatigue est l’arme de la gare.",
    "styx.h.s29.strong": "Résister te garde lucide. Céder te fait perdre des flags utiles.",

    "styx.s30.title": "Après",
    "styx.s30.body": "Ton souffle revient. Ou pas.\n\nTu sens que ton état a changé : soit tu as tenu, soit quelque chose s’est détaché de toi et est resté dans l’eau.",
    "styx.s30.c1": "Chercher une sortie depuis Léthé",
    "styx.s30.c2": "Te laisser porter par la brume",
    "styx.s30.c3": "Revenir au bord du bassin",

    "styx.s31.title": "Revenir en haut",
    "styx.s31.body": "Tu fais demi-tour dans le tunnel. Derrière toi, l’eau ne fait aucun bruit.\n\nComme si elle attendait ton retour.",
    "styx.s31.c1": "Remonter l’escalier",
    "styx.s31.c2": "Repasser par la salle d’attente",
    "styx.s31.c3": "Retourner dans le tunnel",

    "styx.s32.title": "HADÈS",
    "styx.s32.body": "La porte massive est marquée « HADÈS ». Une lueur rouge filtre dessous. Elle ne tremble pas : elle respire.\n\nTu entends un grondement lointain… comme trois souffles superposés.",
    "styx.s32.c1": "Approcher la porte",
    "styx.s32.c2": "Suivre la lueur par le côté",
    "styx.s32.c3": "Reculer vers l’escalier",

    "styx.s33.title": "Accès restreint",
    "styx.s33.body": "Un symbole gravé barre la porte. Tu comprends le message sans le lire : seuls certains passent.\n\nLa brume, elle, semble autorisée.",
    "styx.s33.c1": "Tenter quand même",
    "styx.s33.c2": "Chercher une autre voie",
    "styx.s33.c3": "Revenir à la porte précédente",

    "styx.s34.title": "L’ombre à trois têtes",
    "styx.s34.body": "Sur le mur, une ombre gigantesque : un chien à trois têtes, mais sans corps visible. La lumière projette la menace comme une annonce.\n\nQuelque chose garde ce seuil.",
    "styx.s34.c1": "Avancer malgré l’ombre",
    "styx.s34.c2": "Reculer lentement",
    "styx.s34.c3": "Retourner vers la passerelle",

    "styx.s35.title": "Le train rouge se rapproche",
    "styx.s35.body": "La lueur rouge grandit. Un train ancien s’avance sans bruit, comme s’il glissait sur l’air.\n\nSes portes n’ont pas d’affiches. Juste des griffures.",
    "styx.s35.c1": "Suivre le train",
    "styx.s35.c2": "Fuir dans le tunnel",
    "styx.s35.c3": "Retourner au marbre fissuré",

    "styx.s36.title": "Cabine vide",
    "styx.s36.body": "Tu trouves une cabine de conducteur ancienne, vide. Leviers en métal, cadrans analogiques. Tout est éteint.\n\nUn siège attend. Trop propre. Trop prêt.",
    "styx.s36.c1": "Entrer et examiner les leviers",
    "styx.s36.c2": "Reculer (mauvais pressentiment)",
    "styx.s36.c3": "Retourner sur le quai",

    "styx.s37.title": "Poste de conduite",
    "styx.s37.body": "Sur la console, des traces de doigts. Comme si quelqu’un avait conduit récemment.\n\nUn emplacement vide sur le côté : la forme exacte d’une casquette.",
    "styx.s37.c1": "Chercher cette casquette",
    "styx.s37.c2": "Revenir au poste (si tu as une casquette)",
    "styx.s37.c3": "Sortir de la cabine",

    "styx.s38.title": "Casquette noire",
    "styx.s38.body": "Une casquette de conducteur, noire, posée seule. Elle ne porte aucun badge. Pas de nom.\n\nQuand tu la prends, tu sens une autorité froide te traverser.",
    "styx.s38.c1": "La garder (dans ta main)",
    "styx.s38.c2": "La mettre",
    "styx.s38.c3": "La laisser et partir",

    "styx.s39.title": "Salle de contrôle",
    "styx.s39.body": "Une salle de contrôle ferroviaire abandonnée. Écrans analogiques, leviers, panneaux techniques. Tout est poussiéreux… sauf un bouton propre, comme souvent pressé.\n\nUn carnet repose près d’un pupitre.",
    "styx.s39.c1": "Aller au pupitre",
    "styx.s39.c2": "Chercher un plan de la gare",
    "styx.s39.c3": "Revenir à la salle d’attente",
    "styx.h.s39.soft": "Ici, la gare avoue qu’elle fonctionne encore.",
    "styx.h.s39.strong": "Un « log » de contrôle peut servir de preuve : fouille le pupitre.",

    "styx.s40.title": "Le pupitre",
    "styx.s40.body": "Le pupitre a des cases. Certaines sont vides. Certaines portent des noms… mais les lettres se brouillent dès que tu fixes.\n\nUne case, toutefois, reste nette : « RETOUR — ANNULÉ ».",
    "styx.s40.c1": "Chercher le carnet",
    "styx.s40.c2": "Toucher la case « RETOUR »",
    "styx.s40.c3": "Revenir en arrière",

    "styx.s41.title": "Plan introuvable",
    "styx.s41.body": "Tu ne trouves pas de plan. Juste des panneaux techniques sans issue. Comme si la gare refusait d’être comprise.\n\nAu fond, une porte vers la cabine de conduite.",
    "styx.s41.c1": "Revenir au pupitre",
    "styx.s41.c2": "Aller à la cabine",
    "styx.s41.c3": "Revenir vers l’entrée de la salle",

    "styx.s42.title": "Le carnet de service",
    "styx.s42.body": "Le carnet est un log de contrôle. Des lignes sobres : horaires, passages, inspections.\n\nLa dernière ligne est fraîche : « STYX — Contrôle : EN COURS ». Et juste dessous : « Exception : RETOUR (preuve requise) ».",
    "styx.s42.c1": "Prendre le log (preuve)",
    "styx.s42.c2": "Aller voir le contrôleur",
    "styx.s42.c3": "Revenir à la salle",
    "styx.h.s42.soft": "La gare admet une exception : la sortie existe.",
    "styx.h.s42.strong": "Garde ce log. Avec 03:17 + ligne de retour + billet, tu peux déclencher l’issue.",

    "styx.s43.title": "Un bouton trop propre",
    "styx.s43.body": "Un bouton porte une étiquette effacée. Quand tu approches la main, tu entends comme une voix lointaine qui dit : « Encore un. »\n\nTu n’appuies pas… mais tu sais qu’il a déjà servi.",
    "styx.s43.c1": "Tenter de lire l’étiquette",
    "styx.s43.c2": "Retourner vers le quai",
    "styx.s43.c3": "Revenir au pupitre",

    "styx.s44.title": "Levier",
    "styx.s44.body": "Un levier est verrouillé. Un mécanisme de sécurité demande une « autorisation de conduite ».\n\nTu regardes tes mains. Tu n’as rien qui ressemble à une autorisation… sauf peut-être une casquette.",
    "styx.s44.c1": "Aller activer la cabine (si possible)",
    "styx.s44.c2": "Revenir à la cabine vide",
    "styx.s44.c3": "Revenir à la salle de contrôle",

    "styx.s45.title": "Cabine allumée",
    "styx.s45.body": "La cabine s’allume. Une lumière froide. Les cadrans s’éveillent.\n\nLe levier principal attend. Tu entends, très loin, un quai rempli d’ombres qui respire à l’unisson.",
    "styx.s45.c1": "Tirer le levier",
    "styx.s45.c2": "Tester les commandes doucement",
    "styx.s45.c3": "Reculer (ce n’est pas toi)",
    "styx.h.s45.soft": "La cabine n’est pas un outil : c’est une fonction.",
    "styx.h.s45.strong": "Si tu actives la cabine avec la casquette, tu ouvres la voie de la fin secrète.",

    "styx.s46.title": "La gare répond",
    "styx.s46.body": "Un grondement roule dans les murs. Les rails vibrent. Tu as déclenché quelque chose.\n\nTu sens une règle se fixer sur toi : si tu conduis, tu deviens responsable des arrivées.",
    "styx.s46.c1": "Assumer et continuer",
    "styx.s46.c2": "Retourner vers le contrôleur",
    "styx.s46.c3": "Tout arrêter et revenir à la salle",

    "styx.s47.title": "Retour sur le quai",
    "styx.s47.body": "En revenant, tu remarques que les lumières semblent un peu plus basses. Comme si la gare s’approchait de toi.\n\nLe contrôleur est là, quelque part. Même si tu ne le vois pas.",
    "styx.s47.c1": "Aller vers le contrôleur",
    "styx.s47.c2": "Retourner au panneau des destinations",
    "styx.s47.c3": "Chercher une cabine",

    "styx.s48.title": "Il n’a pas bougé",
    "styx.s48.body": "Le contrôleur n’a pas changé de place. Son visage reste une zone vide.\n\nIl répète : « Prouve. » Comme si c’était la seule phrase autorisée.",
    "styx.s48.c1": "Insister (tu as des éléments)",
    "styx.s48.c2": "Tenter de négocier",
    "styx.s48.c3": "Reculer",

    "styx.s49.title": "Le protocole",
    "styx.s49.body": "Il désigne trois choses, sans les nommer : une heure, une ligne, un billet.\n\nTu comprends : la sortie n’est pas un droit. C’est une exception administrative.",
    "styx.s49.c1": "Parler de l’horloge",
    "styx.s49.c2": "Parler du panneau « retour »",
    "styx.s49.c3": "Parler du billet",

    "styx.s50.title": "L’heure",
    "styx.s50.body": "Tu dis : « 03:17. »\n\nLe contrôleur incline la tête. Pour la première fois, l’air bouge. « Continue. »",
    "styx.s50.c1": "Prouver avec cette heure (si tu l’as vue)",
    "styx.s50.c2": "Aller vérifier l’horloge",
    "styx.s50.c3": "Revenir au protocole",

    "styx.s51.title": "La ligne de retour",
    "styx.s51.body": "Tu parles d’une ligne qui clignote. Le contrôleur répond : « Elle n’apparaît qu’aux gens qui savent demander. »\n\nSon ton est neutre. Mais tu sens une impatience.",
    "styx.s51.c1": "Dire que tu as vu la ligne de retour",
    "styx.s51.c2": "Retourner au guichet",
    "styx.s51.c3": "Revenir au protocole",

    "styx.s52.title": "Le billet",
    "styx.s52.body": "Tu montres le ticket noir (ou ses morceaux). Le contrôleur ne le touche pas.\n\n« C’est un billet d’entrée. Il faut un billet de sortie. »",
    "styx.s52.c1": "Dire que le billet suffit (tenter)",
    "styx.s52.c2": "Retourner au ticket déchiré",
    "styx.s52.c3": "Revenir au protocole",

    "styx.s53.title": "Le couloir du quai",
    "styx.s53.body": "Le quai glisse sous tes pas, comme un tapis roulant très lent. La gare veut t’emmener quelque part.\n\nTu peux lutter… ou te laisser porter.",
    "styx.s53.c1": "Résister et chercher l’exception",
    "styx.s53.c2": "Te laisser guider vers la lueur rouge",
    "styx.s53.c3": "Revenir au wagon (réflexe)",

    "styx.s54.title": "Assembler les preuves",
    "styx.s54.body": "Tout se met en place : l’heure figée, la ligne de retour, le log de contrôle, et ton billet noir.\n\nLa gare ressemble soudain à un dossier administratif… et toi à un cas litigieux.",
    "styx.s54.c1": "Présenter le dossier (billet intact)",
    "styx.s54.c2": "Présenter le dossier (billet déchiré)",
    "styx.s54.c3": "Abandonner et suivre la lueur rouge",
    "styx.h.s54.soft": "La sortie n’est pas une porte : c’est une décision.",
    "styx.h.s54.strong": "Si tu as log + 03:17 + ligne retour + billet, tu peux déclencher le départ blanc.",

    "styx.s55.title": "Tu peux renoncer",
    "styx.s55.body": "La brume te caresse les chevilles. Une fatigue douce te promet la fin de l’effort.\n\nTu peux encore choisir : lutter pour sortir… ou descendre pour de vrai.",
    "styx.s55.c1": "Retourner à la porte Hadès",
    "styx.s55.c2": "Suivre la lueur rouge",
    "styx.s55.c3": "Revenir voir le contrôleur",

    "styx.s56.title": "Charon",
    "styx.s56.body": "Un vieil homme sombre tient une lanterne. Il ne sourit pas. Il ne menace pas.\n\nIl attend, comme un service public de l’ombre. « Tu viens ? »",
    "styx.s56.c1": "Approcher",
    "styx.s56.c2": "Reculer (tu n’es pas prêt)",
    "styx.s56.c3": "Revenir au quai",

    "styx.s57.title": "Le prix",
    "styx.s57.body": "Charon lève sa lanterne. « Billet. Ou mémoire. »\n\nSon regard semble passer à travers toi, comme s’il cherchait ton poids exact.",
    "styx.s57.c1": "Donner ton billet / te laisser prendre",
    "styx.s57.c2": "Refuser et courir",
    "styx.s57.c3": "Revenir en arrière, lentement",

    "styx.s58.title": "Cerbère",
    "styx.s58.body": "Cette fois, il est visible : une masse canine à trois têtes. Il ne saute pas. Il garde.\n\nSon souffle fait vibrer la pierre. Il te juge sans émotion.",
    "styx.s58.c1": "Passer quand même",
    "styx.s58.c2": "Chercher une autre ouverture",
    "styx.s58.c3": "Retourner vers Charon",

    "styx.s59.title": "Les portes rouges",
    "styx.s59.body": "Des portes monumentales s’ouvrent sur un gouffre rouge incandescent. La chaleur n’arrive pas jusqu’à toi.\n\nTu comprends : ce n’est pas une entrée spectaculaire. C’est une formalité.",
    "styx.s59.c1": "Entrer",
    "styx.s59.c2": "Reculer vers Charon",
    "styx.s59.c3": "Fuir vers le train rouge",

    "styx.s60.title": "Le départ blanc",
    "styx.s60.body": "La lumière blanche envahit les rails. Un train apparaît, plus net, plus réel. Les portes s’ouvrent avec un son normal.\n\nPour la première fois, l’air sent… dehors. Le contrôleur te laisse passer sans bouger.",
    "styx.s60.c1": "Monter et partir",
    "styx.s60.c2": "Hésiter (regarder une dernière fois STYX)",
    "styx.s60.c3": "Revenir vers la cabine (une idée folle)",
    "styx.h.s60.soft": "La gare te relâche, mais elle n’oublie jamais.",
    "styx.h.s60.strong": "Si tu pars maintenant, c’est la fin bonne. Si tu reviens, tu risques de te faire assigner.",

    "styx.s61.title": "Quai d’ombres",
    "styx.s61.body": "Depuis la cabine, tu vois un quai rempli de silhouettes floues. Elles attendent. Elles ne parlent pas.\n\nEt tu réalises que la place du passeur… est vide.",
    "styx.s61.c1": "Prendre la place (définitif)",
    "styx.s61.c2": "Revenir en arrière (sauver ta peau)",
    "styx.s61.c3": "Aller voir le contrôleur",
    "styx.h.s61.soft": "La gare manque d’un rôle. Elle cherche un remplaçant.",
    "styx.h.s61.strong": "Casquette + cabine activée = possibilité de devenir conducteur des arrivées.",

    "styx.s62.title": "Choix de fonction",
    "styx.s62.body": "Les leviers vibrent sous tes doigts. Tu sens une signature invisible se préparer : ton nom, attaché à la gare.\n\nSi tu valides, tu ne seras plus un passager.",
    "styx.s62.c1": "Valider la prise de poste",
    "styx.s62.c2": "Revenir (trop dangereux)",
    "styx.s62.c3": "Retourner vers le contrôleur",

    "styx.s63.title": "Résister",
    "styx.s63.body": "Tu détournes les yeux de Léthé. Ton cerveau hurle de fatigue, puis se stabilise.\n\nTu restes toi. Pour l’instant.",
    "styx.s63.c1": "Chercher une sortie depuis le bassin",
    "styx.s63.c2": "Revenir vers le tunnel",
    "styx.s63.c3": "Regarder l’eau une dernière fois",

    "styx.s64.title": "Effacement",
    "styx.s64.body": "Une gorgée suffit. Le monde se simplifie. Les détails s’envolent.\n\nTu sais que tu avais des preuves. Mais tu ne sais plus lesquelles. Tu souris presque.",
    "styx.s64.c1": "Errer sans but (la gare te guide)",
    "styx.s64.c2": "Retourner au wagon (instinct)",
    "styx.s64.c3": "Revenir au bassin",

    "styx.s65.title": "Brume directive",
    "styx.s65.body": "La brume se fait douce, persuasive. Elle t’emmène vers la décision la plus facile.\n\nTu peux encore te battre… ou accepter d’être porté.",
    "styx.s65.c1": "Retourner au guichet",
    "styx.s65.c2": "Suivre Charon",
    "styx.s65.c3": "Revenir au tunnel",

    "styx.s66.title": "Tout recommence",
    "styx.s66.body": "Tu reviens au guichet comme si c’était la première fois. La cloche est là. La vitre est sale. La lampe est allumée.\n\nLa gare aime les boucles. Les gens aussi.",
    "styx.s66.c1": "Reprendre le ticket déchiré",
    "styx.s66.c2": "Sonner la cloche",
    "styx.s66.c3": "Aller voir le contrôleur",

    "styx.s67.title": "Trois coups",
    "styx.s67.body": "Tu sonnes. Une fois. Deux fois. Trois fois.\n\nAu troisième, la brume dans la salle d’attente se soulève, comme une respiration qui reprend. Et, au loin, le panneau d’affichage clignote autrement.",
    "styx.s67.c1": "Courir au panneau",
    "styx.s67.c2": "Rester au guichet (écouter)",
    "styx.s67.c3": "Aller vers le contrôleur",

    "styx.s68.title": "La ligne de retour",
    "styx.s68.body": "La ligne clignote enfin : « RETOUR — QUAI 0 — Preuve requise ».\n\nElle n’apparaît qu’une seconde à la fois. Mais tu as lu. Et la gare sait que tu as lu.",
    "styx.s68.c1": "Tout noter (retour + preuve)",
    "styx.s68.c2": "Aller immédiatement voir le contrôleur",
    "styx.s68.c3": "Rester au panneau (vérifier les autres destinations)",
    "styx.h.s68.soft": "La gare t’accorde une exception parce que tu as respecté le rite.",
    "styx.h.s68.strong": "La « ligne de retour » est un flag essentiel : sans elle, pas de départ blanc.",

    "styx.s69.title": "Train du passeur",
    "styx.s69.body": "Un tunnel rougeoyant. Un train ancien. Et Charon… mais pas à pied.\n\nIl est déjà là, dans la conduite, comme si les trains étaient ses bateaux. Il te regarde enfin : « Alors. Tu prends ma place ? »",
    "styx.s69.c1": "Aller jusqu’à la cabine d’ombres",
    "styx.s69.c2": "Reculer (panique)",
    "styx.s69.c3": "Retourner vers le contrôleur",

    "styx.s70.title": "Micro-boucle",
    "styx.s70.body": "Tu clignes des yeux et tu reviens au même endroit. Le quai, la brume, le silence.\n\nLa gare te montre qu’elle peut te replacer où elle veut. Quand elle veut.",
    "styx.s70.c1": "Revenir au quai sans fin",
    "styx.s70.c2": "Retourner dans le wagon",
    "styx.s70.c3": "Aller au contrôleur",

    "styx.s71.title": "Preuve en main",
    "styx.s71.body": "Le log de contrôle est froid dans ta main. Les lignes sont simples. Administratives.\n\nC’est peut-être la seule langue que STYX respecte vraiment.",
    "styx.s71.c1": "Aller vers le contrôleur",
    "styx.s71.c2": "Rester au pupitre (chercher plus)",
    "styx.s71.c3": "Revenir à la salle d’attente",

    "styx.s72.title": "Dernier avertissement",
    "styx.s72.body": "Le contrôleur est là, comme un point fixe. « Tu hésites. Alors écoute : ceux qui hésitent trop finissent par appartenir à la gare. »\n\nIl désigne la brume. « Elle sait déjà ton poids. »",
    "styx.s72.c1": "Revenir vers Hadès",
    "styx.s72.c2": "Assembler les preuves (si possible)",
    "styx.s72.c3": "Aller à la cabine (si tu as déjà activé)",

    "styx.end_good.title": "END GOOD — Retour",
    "styx.end_good.body": "Tu montes. Les portes se referment avec un bruit normal.\n\nLa lumière blanche avale la gare. Puis, d’un coup, tu te réveilles dans le monde réel, dans un train banal. Des passagers parlent, un enfant rit, une annonce grésille.\n\nTon téléphone affiche l’heure. 03:17 vient de passer.\n\nEt dans ta poche… il n’y a plus de ticket.",

    "styx.end_bad.title": "END BAD — Arrivée",
    "styx.end_bad.body": "Tu franchis le seuil. La chaleur ne te brûle pas : elle t’enregistre.\n\nCharon t’attend comme un employé ancien. Cerbère garde la porte sans colère.\n\nTu comprends enfin : ce n’était pas un arrêt.\n\nC’était une arrivée.\n\nDerrière toi, STYX referme ses portes avec la douceur d’un dossier classé.",

    "styx.end_secret.title": "END SECRET — Conducteur",
    "styx.end_secret.body": "Tu prends la casquette noire.\n\nQuand tu la mets, la gare se tait d’un silence parfait, comme si elle saluait.\n\nLes trains continuent d’arriver. Les silhouettes descendent. Le quai se remplit d’ombres dociles.\n\nEt cette fois… tu es dans la cabine.\n\nLe levier répond à ta main.\n\nTu ne cherches plus la sortie.\n\nTu fais les arrivées.",

    "styx.clue.accepted_fate.title": "Destin accepté",
    "styx.clue.activated_cabin.title": "Cabine activée",
    "styx.clue.has_conductor_cap.title": "Casquette du conducteur",
    "styx.clue.has_control_log.title": "Journal de contrôle",
    "styx.clue.has_ticket_black.title": "Billet noir",
    "styx.clue.has_torn_ticket.title": "Billet déchiré",
    "styx.clue.memory_fading.title": "Mémoire qui s’efface",
    "styx.clue.met_controller.title": "Contrôleur rencontré",
    "styx.clue.rang_bell_thrice.title": "Cloche sonnée x3",
    "styx.clue.resisted_lethe.title": "Résistance au Léthé",
    "styx.clue.saw_clock_0317.title": "Horloge 03:17 vue",
    "styx.clue.saw_destinations.title": "Destinations vues",
    "styx.clue.saw_return_line.title": "Ligne de retour vue"
  }
}
